{
    "skin": {
        "blood_volume_fraction": 0.09808593029300876,
        "ScvO2": 0.9374580807019579,
        "water_volume": 0.24796313790386065,
        "fat_volume": 0.3188298541149258,
        "melanin_volume": 0.33512107768820476,
        "collagen_volume": 0,
        "n": 1.4,
        "g": 0.71,
        "muspx": 79.86344083013213,
        "bmie": 3.1112959824776527
    },
    "fat": {
        "blood_volume_fraction": 0.06904937011902304,
        "ScvO2": 0.007153041634857594,
        "water_volume": 0,
        "fat_volume": 0.930950629880977,
        "melanin_volume": 0,
        "collagen_volume": 0,
        "n": 1.4,
        "g": 0.9,
        "muspx": 4.960891507906569,
        "bmie": 0.7506079278694644
    },
    "muscle": {
        "blood_volume_fraction": 0.09804901464587489,
        "ScvO2": 0.23421761073474484,
        "water_volume": 0.08801516799115605,
        "fat_volume": 0,
        "melanin_volume": 0,
        "collagen_volume": 0.813935817362969,
        "n": 1.4,
        "g": 0.9,
        "muspx": 19.08774753128668,
        "bmie": 2.815466016442346
    },
    "IJV": {
        "blood_volume_fraction": 1.0,
        "ScvO2": 0.37794186048486544,
        "water_volume": 0,
        "fat_volume": 0,
        "melanin_volume": 0,
        "collagen_volume": 0,
        "n": 1.4,
        "g": 0.9,
        "muspx": 0.7947063087580721,
        "bmie": 0.3129724500260719
    },
    "CCA": {
        "blood_volume_fraction": 1.0,
        "ScvO2": 0.7444985515642647,
        "water_volume": 0,
        "fat_volume": 0,
        "melanin_volume": 0,
        "collagen_volume": 0,
        "n": 1.4,
        "g": 0.94,
        "muspx": 0.618773023465417,
        "bmie": 0.5782990931302646
    },
    "geometry": [
        2,
        2.25,
        5.21,
        13,
        6,
        16,
        3
    ],
    "spec_rmsp": 10.982102567420224,
    "absorb_rmsp": 96.97449340720753
}