{
    "skin": {
        "blood_volume_fraction": 0.02253995813019399,
        "ScvO2": 0.869730040943078,
        "water_volume": 0.48061122623623664,
        "fat_volume": 0.28547429230784965,
        "melanin_volume": 0.2113745233257198,
        "collagen_volume": 0,
        "n": 1.4,
        "g": 0.71,
        "muspx": 52.19708406435154,
        "bmie": 2.0997843364387734
    },
    "fat": {
        "blood_volume_fraction": 0.0,
        "ScvO2": 0.0,
        "water_volume": 0,
        "fat_volume": 1.0,
        "melanin_volume": 0,
        "collagen_volume": 0,
        "n": 1.4,
        "g": 0.9,
        "muspx": 14.205597870927395,
        "bmie": 0.4969356583769429
    },
    "muscle": {
        "blood_volume_fraction": 0.03577753537844429,
        "ScvO2": 0.6396278100270736,
        "water_volume": 0.10824889889610395,
        "fat_volume": 0,
        "melanin_volume": 0,
        "collagen_volume": 0.8559735657254518,
        "n": 1.4,
        "g": 0.9,
        "muspx": 5.141739233468153,
        "bmie": 1.5761206052398944
    },
    "IJV": {
        "blood_volume_fraction": 1.0,
        "ScvO2": 0.4797727934183111,
        "water_volume": 0,
        "fat_volume": 0,
        "melanin_volume": 0,
        "collagen_volume": 0,
        "n": 1.4,
        "g": 0.9,
        "muspx": 0.6617375567540007,
        "bmie": 0.6298214524110981
    },
    "CCA": {
        "blood_volume_fraction": 1.0,
        "ScvO2": 1.0,
        "water_volume": 0,
        "fat_volume": 0,
        "melanin_volume": 0,
        "collagen_volume": 0,
        "n": 1.4,
        "g": 0.94,
        "muspx": 0.5294700279457489,
        "bmie": 1.0
    },
    "geometry": [
        2,
        2.25,
        5.21,
        13,
        6,
        16,
        3
    ],
    "spec_rmsp": 23.585201840364448,
    "absorb_rmsp": 83.81148174703387
}