{
    "skin": {
        "blood_volume_fraction": 0.07265206696341671,
        "ScvO2": 0.8282581354057325,
        "water_volume": 0.2097930510365478,
        "fat_volume": 0.36548679013092755,
        "melanin_volume": 0.352068091869108,
        "collagen_volume": 0,
        "n": 1.4,
        "g": 0.71,
        "muspx": 84.48741312070132,
        "bmie": 3.2610557066857666
    },
    "fat": {
        "blood_volume_fraction": 0.03844586479229238,
        "ScvO2": 0.0037387272421825182,
        "water_volume": 0,
        "fat_volume": 0.9615541352077077,
        "melanin_volume": 0,
        "collagen_volume": 0,
        "n": 1.4,
        "g": 0.9,
        "muspx": 3.1123199921159213,
        "bmie": 0.652833331673391
    },
    "muscle": {
        "blood_volume_fraction": 0.09709438131328638,
        "ScvO2": 0.4093498724302541,
        "water_volume": 0.08988853806459429,
        "fat_volume": 0,
        "melanin_volume": 0,
        "collagen_volume": 0.8130170806221193,
        "n": 1.4,
        "g": 0.9,
        "muspx": 19.687872249198,
        "bmie": 2.322579028520676
    },
    "IJV": {
        "blood_volume_fraction": 1.0,
        "ScvO2": 0.5432820253750035,
        "water_volume": 0,
        "fat_volume": 0,
        "melanin_volume": 0,
        "collagen_volume": 0,
        "n": 1.4,
        "g": 0.9,
        "muspx": 0.2799421212159091,
        "bmie": 0.07868144686706052
    },
    "CCA": {
        "blood_volume_fraction": 1.0,
        "ScvO2": 0.812191480937559,
        "water_volume": 0,
        "fat_volume": 0,
        "melanin_volume": 0,
        "collagen_volume": 0,
        "n": 1.4,
        "g": 0.94,
        "muspx": 0.5270384508223749,
        "bmie": 0.4312016186992851
    },
    "geometry": [
        2,
        2.25,
        5.21,
        13,
        6,
        16,
        3
    ],
    "spec_rmsp": 8.980100152824484,
    "absorb_rmsp": 87.24040748487026
}