{
    "skin": {
        "blood_volume_fraction": 0.19217823306995319,
        "ScvO2": 1.0,
        "water_volume": 0.15483646461532102,
        "fat_volume": 0.2399389343998791,
        "melanin_volume": 0.4130463679148467,
        "collagen_volume": 0,
        "n": 1.4,
        "g": 0.71,
        "muspx": 99.15406807677172,
        "bmie": 2.975124963470405
    },
    "fat": {
        "blood_volume_fraction": 0.08155238333221254,
        "ScvO2": 0.009579698535472018,
        "water_volume": 0,
        "fat_volume": 0.9184476166677874,
        "melanin_volume": 0,
        "collagen_volume": 0,
        "n": 1.4,
        "g": 0.9,
        "muspx": 5.133585400727006,
        "bmie": 1.9045135218950522
    },
    "muscle": {
        "blood_volume_fraction": 0.15109237893188426,
        "ScvO2": 0.20489957571917955,
        "water_volume": 0.09100894542261204,
        "fat_volume": 0,
        "melanin_volume": 0,
        "collagen_volume": 0.7578986756455037,
        "n": 1.4,
        "g": 0.9,
        "muspx": 20.548414827053097,
        "bmie": 1.8884170064555525
    },
    "IJV": {
        "blood_volume_fraction": 1.0,
        "ScvO2": 0.634654672869102,
        "water_volume": 0,
        "fat_volume": 0,
        "melanin_volume": 0,
        "collagen_volume": 0,
        "n": 1.4,
        "g": 0.9,
        "muspx": 0.17121822985060087,
        "bmie": 0.06666803405828636
    },
    "CCA": {
        "blood_volume_fraction": 1.0,
        "ScvO2": 0.9294589293778055,
        "water_volume": 0,
        "fat_volume": 0,
        "melanin_volume": 0,
        "collagen_volume": 0,
        "n": 1.4,
        "g": 0.94,
        "muspx": 0.6984867710832993,
        "bmie": 0.0
    },
    "geometry": [
        2,
        2.25,
        5.21,
        13,
        6,
        16,
        3
    ],
    "spec_rmsp": 7.510376907455011,
    "absorb_rmsp": 82.56786398439056
}