{
    "skin": {
        "blood_volume_fraction": 0.14225039496893618,
        "ScvO2": 1.0,
        "water_volume": 0.15759077007854713,
        "fat_volume": 0.23721469588667812,
        "melanin_volume": 0.46294413906583853,
        "collagen_volume": 0,
        "n": 1.4,
        "g": 0.71,
        "muspx": 96.36560624111337,
        "bmie": 2.9951387125403937
    },
    "fat": {
        "blood_volume_fraction": 0.07644121061132877,
        "ScvO2": 0.010570786704561254,
        "water_volume": 0,
        "fat_volume": 0.9235587893886712,
        "melanin_volume": 0,
        "collagen_volume": 0,
        "n": 1.4,
        "g": 0.9,
        "muspx": 4.820017457283436,
        "bmie": 1.9555338731847303
    },
    "muscle": {
        "blood_volume_fraction": 0.15439929254876608,
        "ScvO2": 0.20042925528436437,
        "water_volume": 0.09122553234784037,
        "fat_volume": 0,
        "melanin_volume": 0,
        "collagen_volume": 0.7543751751033936,
        "n": 1.4,
        "g": 0.9,
        "muspx": 20.479316863893832,
        "bmie": 1.897628033113711
    },
    "IJV": {
        "blood_volume_fraction": 1.0,
        "ScvO2": 0.6279027660054404,
        "water_volume": 0,
        "fat_volume": 0,
        "melanin_volume": 0,
        "collagen_volume": 0,
        "n": 1.4,
        "g": 0.9,
        "muspx": 0.1910199198620044,
        "bmie": 0.05018294462355084
    },
    "CCA": {
        "blood_volume_fraction": 1.0,
        "ScvO2": 0.9185510727864532,
        "water_volume": 0,
        "fat_volume": 0,
        "melanin_volume": 0,
        "collagen_volume": 0,
        "n": 1.4,
        "g": 0.94,
        "muspx": 0.6624264949035834,
        "bmie": 0.0
    },
    "geometry": [
        2,
        2.25,
        5.21,
        13,
        6,
        16,
        3
    ],
    "spec_rmsp": 7.54331241865844,
    "absorb_rmsp": 83.58651331141328
}