{
    "skin": {
        "blood_volume_fraction": 0.09936002875808744,
        "ScvO2": 0.9888440456695438,
        "water_volume": 0.17429921034997395,
        "fat_volume": 0.1922188273226495,
        "melanin_volume": 0.5341219335692892,
        "collagen_volume": 0,
        "n": 1.4,
        "g": 0.71,
        "muspx": 96.73552253339345,
        "bmie": 3.1734916817211998
    },
    "fat": {
        "blood_volume_fraction": 0.07323045460742188,
        "ScvO2": 0.008289956866317432,
        "water_volume": 0,
        "fat_volume": 0.926769545392578,
        "melanin_volume": 0,
        "collagen_volume": 0,
        "n": 1.4,
        "g": 0.9,
        "muspx": 4.248526528622808,
        "bmie": 2.187397091384455
    },
    "muscle": {
        "blood_volume_fraction": 0.16950694528600477,
        "ScvO2": 0.21982352597251975,
        "water_volume": 0.09055104510862431,
        "fat_volume": 0,
        "melanin_volume": 0,
        "collagen_volume": 0.7399420096053709,
        "n": 1.4,
        "g": 0.9,
        "muspx": 20.84443634376475,
        "bmie": 2.014974754335202
    },
    "IJV": {
        "blood_volume_fraction": 1.0,
        "ScvO2": 0.6009581338141393,
        "water_volume": 0,
        "fat_volume": 0,
        "melanin_volume": 0,
        "collagen_volume": 0,
        "n": 1.4,
        "g": 0.9,
        "muspx": 0.5821642702419842,
        "bmie": 0.08850320848986469
    },
    "CCA": {
        "blood_volume_fraction": 1.0,
        "ScvO2": 0.9394155546462846,
        "water_volume": 0,
        "fat_volume": 0,
        "melanin_volume": 0,
        "collagen_volume": 0,
        "n": 1.4,
        "g": 0.94,
        "muspx": 0.566286211081346,
        "bmie": 0.7056066939743803
    },
    "geometry": [
        2,
        2.25,
        5.21,
        13,
        6,
        16,
        3
    ],
    "spec_rmsp": 8.021702697930563,
    "absorb_rmsp": 85.20276172956534
}