{
    "skin": {
        "blood_volume_fraction": 0.17089782573526963,
        "ScvO2": 1.0,
        "water_volume": 0.24158110240228975,
        "fat_volume": 0.2524673086995905,
        "melanin_volume": 0.33505376316285007,
        "collagen_volume": 0,
        "n": 1.4,
        "g": 0.71,
        "muspx": 59.662955347304596,
        "bmie": 3.101141114124052
    },
    "fat": {
        "blood_volume_fraction": 0.1142787742635118,
        "ScvO2": 0.008234903856284444,
        "water_volume": 0,
        "fat_volume": 0.8857212257364881,
        "melanin_volume": 0,
        "collagen_volume": 0,
        "n": 1.4,
        "g": 0.9,
        "muspx": 5.984795429844229,
        "bmie": 1.5925830745204745
    },
    "muscle": {
        "blood_volume_fraction": 0.18501714581357756,
        "ScvO2": 0.0,
        "water_volume": 0.09047074349793577,
        "fat_volume": 0,
        "melanin_volume": 0,
        "collagen_volume": 0.7245121106884868,
        "n": 1.4,
        "g": 0.9,
        "muspx": 21.526038755102554,
        "bmie": 2.8732038726914584
    },
    "IJV": {
        "blood_volume_fraction": 1.0,
        "ScvO2": 0.5536505557439944,
        "water_volume": 0,
        "fat_volume": 0,
        "melanin_volume": 0,
        "collagen_volume": 0,
        "n": 1.4,
        "g": 0.9,
        "muspx": 0.6815467796568075,
        "bmie": 0.0
    },
    "CCA": {
        "blood_volume_fraction": 1.0,
        "ScvO2": 0.9434393966412385,
        "water_volume": 0,
        "fat_volume": 0,
        "melanin_volume": 0,
        "collagen_volume": 0,
        "n": 1.4,
        "g": 0.94,
        "muspx": 0.4903564455303038,
        "bmie": 0.0
    },
    "geometry": [
        2,
        2.25,
        5.21,
        13,
        6,
        16,
        3
    ],
    "spec_rmsp": 9.972660231971194,
    "absorb_rmsp": 90.67167024509305
}