{
    "skin": {
        "blood_volume_fraction": 0.03370631130627025,
        "ScvO2": 0.5663617692877321,
        "water_volume": 0.24904606840152846,
        "fat_volume": 0.15949677432080892,
        "melanin_volume": 0.5577508459713925,
        "collagen_volume": 0,
        "n": 1.4,
        "g": 0.71,
        "muspx": 59.56931301819209,
        "bmie": 1.8879127930038873
    },
    "fat": {
        "blood_volume_fraction": 0.04263286541093054,
        "ScvO2": 0.0007201523749152824,
        "water_volume": 0,
        "fat_volume": 0.9573671345890695,
        "melanin_volume": 0,
        "collagen_volume": 0,
        "n": 1.4,
        "g": 0.9,
        "muspx": 8.340358334072654,
        "bmie": 1.175969411622586
    },
    "muscle": {
        "blood_volume_fraction": 0.05254344689582714,
        "ScvO2": 0.34683338677905984,
        "water_volume": 0.09350499583022209,
        "fat_volume": 0,
        "melanin_volume": 0,
        "collagen_volume": 0.8539515572739508,
        "n": 1.4,
        "g": 0.9,
        "muspx": 13.218833318935197,
        "bmie": 2.2025985108500796
    },
    "IJV": {
        "blood_volume_fraction": 1.0,
        "ScvO2": 0.6261131208642855,
        "water_volume": 0,
        "fat_volume": 0,
        "melanin_volume": 0,
        "collagen_volume": 0,
        "n": 1.4,
        "g": 0.9,
        "muspx": 0.9519911324692474,
        "bmie": 0.5439489895361506
    },
    "CCA": {
        "blood_volume_fraction": 1.0,
        "ScvO2": 0.40779999883716433,
        "water_volume": 0,
        "fat_volume": 0,
        "melanin_volume": 0,
        "collagen_volume": 0,
        "n": 1.4,
        "g": 0.94,
        "muspx": 0.8607104749275757,
        "bmie": 1.0791564138932266
    },
    "geometry": [
        2,
        2.25,
        5.21,
        13,
        6,
        16,
        3
    ],
    "spec_rmsp": 9.958000112945307,
    "absorb_rmsp": 78.78768073964892
}