{
    "skin": {
        "blood_volume_fraction": 0.0020354025208041524,
        "ScvO2": 0.26539618363610634,
        "water_volume": 0.2225048049198138,
        "fat_volume": 0.12416003441139419,
        "melanin_volume": 0.6512997581479879,
        "collagen_volume": 0,
        "n": 1.4,
        "g": 0.71,
        "muspx": 83.61566739408104,
        "bmie": 2.210531090322793
    },
    "fat": {
        "blood_volume_fraction": 0.035407662972569955,
        "ScvO2": 0.0007022837082862952,
        "water_volume": 0,
        "fat_volume": 0.9645923370274301,
        "melanin_volume": 0,
        "collagen_volume": 0,
        "n": 1.4,
        "g": 0.9,
        "muspx": 7.419387824402443,
        "bmie": 1.1742433109166144
    },
    "muscle": {
        "blood_volume_fraction": 0.005271128726314828,
        "ScvO2": 0.0,
        "water_volume": 0.09154016227763168,
        "fat_volume": 0,
        "melanin_volume": 0,
        "collagen_volume": 0.9031887089960535,
        "n": 1.4,
        "g": 0.9,
        "muspx": 13.67559901350699,
        "bmie": 1.9198490511169137
    },
    "IJV": {
        "blood_volume_fraction": 1.0,
        "ScvO2": 0.6210387172062515,
        "water_volume": 0,
        "fat_volume": 0,
        "melanin_volume": 0,
        "collagen_volume": 0,
        "n": 1.4,
        "g": 0.9,
        "muspx": 0.9405452824742278,
        "bmie": 0.7499570506507696
    },
    "CCA": {
        "blood_volume_fraction": 1.0,
        "ScvO2": 0.5058922456066,
        "water_volume": 0,
        "fat_volume": 0,
        "melanin_volume": 0,
        "collagen_volume": 0,
        "n": 1.4,
        "g": 0.94,
        "muspx": 1.3241026585628615,
        "bmie": 0.8989824526239596
    },
    "geometry": [
        2,
        2.25,
        5.21,
        13,
        6,
        16,
        3
    ],
    "spec_rmsp": 9.134054427388199,
    "absorb_rmsp": 77.12881190846224
}