{
    "skin": {
        "blood_volume_fraction": 0.001989248065586236,
        "ScvO2": 0.32732652219878716,
        "water_volume": 0.22093157862876078,
        "fat_volume": 0.0,
        "melanin_volume": 0.8805360584179455,
        "collagen_volume": 0,
        "n": 1.4,
        "g": 0.71,
        "muspx": 83.96776573363829,
        "bmie": 2.2084615940275905
    },
    "fat": {
        "blood_volume_fraction": 0.03464213865492612,
        "ScvO2": 0.0009060206663107137,
        "water_volume": 0,
        "fat_volume": 0.9653578613450738,
        "melanin_volume": 0,
        "collagen_volume": 0,
        "n": 1.4,
        "g": 0.9,
        "muspx": 7.387084764385074,
        "bmie": 1.1795197446343735
    },
    "muscle": {
        "blood_volume_fraction": 0.006660857081920489,
        "ScvO2": 0.0,
        "water_volume": 0.09149572546464492,
        "fat_volume": 0,
        "melanin_volume": 0,
        "collagen_volume": 0.9018434174534347,
        "n": 1.4,
        "g": 0.9,
        "muspx": 13.754041955860975,
        "bmie": 1.9194313890764525
    },
    "IJV": {
        "blood_volume_fraction": 1.0,
        "ScvO2": 0.6209025213301002,
        "water_volume": 0,
        "fat_volume": 0,
        "melanin_volume": 0,
        "collagen_volume": 0,
        "n": 1.4,
        "g": 0.9,
        "muspx": 0.9521224589148982,
        "bmie": 0.6839351214707347
    },
    "CCA": {
        "blood_volume_fraction": 1.0,
        "ScvO2": 0.5236951915402716,
        "water_volume": 0,
        "fat_volume": 0,
        "melanin_volume": 0,
        "collagen_volume": 0,
        "n": 1.4,
        "g": 0.94,
        "muspx": 1.3420942908007172,
        "bmie": 0.9058001565050563
    },
    "geometry": [
        2,
        2.25,
        5.21,
        13,
        6,
        16,
        3
    ],
    "spec_rmsp": 9.126774804193058,
    "absorb_rmsp": 77.09154900883155
}