{
    "skin": {
        "blood_volume_fraction": 0.0045498878334388195,
        "ScvO2": 0.5713457291457222,
        "water_volume": 0.2009778532429782,
        "fat_volume": 0.42539830843488496,
        "melanin_volume": 0.36907395048869807,
        "collagen_volume": 0,
        "n": 1.4,
        "g": 0.71,
        "muspx": 99.7337588209935,
        "bmie": 2.403522332543993
    },
    "fat": {
        "blood_volume_fraction": 0.10153830645766013,
        "ScvO2": 0.0037901997172548867,
        "water_volume": 0,
        "fat_volume": 0.8984616935423398,
        "melanin_volume": 0,
        "collagen_volume": 0,
        "n": 1.4,
        "g": 0.9,
        "muspx": 6.029492108635844,
        "bmie": 1.174212002467897
    },
    "muscle": {
        "blood_volume_fraction": 0.062399229077583954,
        "ScvO2": 0.8161132261837574,
        "water_volume": 0.09108095954414899,
        "fat_volume": 0,
        "melanin_volume": 0,
        "collagen_volume": 0.846519811378267,
        "n": 1.4,
        "g": 0.9,
        "muspx": 14.470375049405284,
        "bmie": 1.736744721915723
    },
    "IJV": {
        "blood_volume_fraction": 1.0,
        "ScvO2": 0.6447812986606617,
        "water_volume": 0,
        "fat_volume": 0,
        "melanin_volume": 0,
        "collagen_volume": 0,
        "n": 1.4,
        "g": 0.9,
        "muspx": 0.786866436865451,
        "bmie": 1.3431650124005845
    },
    "CCA": {
        "blood_volume_fraction": 1.0,
        "ScvO2": 0.12588224166120715,
        "water_volume": 0,
        "fat_volume": 0,
        "melanin_volume": 0,
        "collagen_volume": 0,
        "n": 1.4,
        "g": 0.94,
        "muspx": 1.3240592663969815,
        "bmie": 0.5174122988365718
    },
    "geometry": [
        2,
        2.25,
        5.21,
        13,
        6,
        16,
        3
    ],
    "spec_rmsp": 8.317504859544853,
    "absorb_rmsp": 76.32870982744521
}