{
    "skin": {
        "blood_volume_fraction": 0.0022794581855631393,
        "ScvO2": 0.2754609105484179,
        "water_volume": 0.20554130729717193,
        "fat_volume": 0.3541404754313397,
        "melanin_volume": 0.43803875908592527,
        "collagen_volume": 0,
        "n": 1.4,
        "g": 0.71,
        "muspx": 98.38934428106703,
        "bmie": 2.4190131828800974
    },
    "fat": {
        "blood_volume_fraction": 0.1079244643732044,
        "ScvO2": 0.0026441883051758863,
        "water_volume": 0,
        "fat_volume": 0.8920755356267955,
        "melanin_volume": 0,
        "collagen_volume": 0,
        "n": 1.4,
        "g": 0.9,
        "muspx": 6.4221182945124875,
        "bmie": 1.1638246759859785
    },
    "muscle": {
        "blood_volume_fraction": 0.03676961092125011,
        "ScvO2": 0.9402716681073503,
        "water_volume": 0.09097927241236292,
        "fat_volume": 0,
        "melanin_volume": 0,
        "collagen_volume": 0.872251116666387,
        "n": 1.4,
        "g": 0.9,
        "muspx": 14.49348540525807,
        "bmie": 1.842867195604208
    },
    "IJV": {
        "blood_volume_fraction": 1.0,
        "ScvO2": 0.6361345547024879,
        "water_volume": 0,
        "fat_volume": 0,
        "melanin_volume": 0,
        "collagen_volume": 0,
        "n": 1.4,
        "g": 0.9,
        "muspx": 0.9913035436462143,
        "bmie": 1.035269816359539
    },
    "CCA": {
        "blood_volume_fraction": 1.0,
        "ScvO2": 0.2501669818253459,
        "water_volume": 0,
        "fat_volume": 0,
        "melanin_volume": 0,
        "collagen_volume": 0,
        "n": 1.4,
        "g": 0.94,
        "muspx": 1.4744546366297067,
        "bmie": 1.0930688654586784
    },
    "geometry": [
        2,
        2.25,
        5.21,
        13,
        6,
        16,
        3
    ],
    "spec_rmsp": 8.584698623071493,
    "absorb_rmsp": 76.61780385215819
}