{
    "skin": {
        "blood_volume_fraction": 0.0,
        "ScvO2": 0.0,
        "water_volume": 0.22934949331154353,
        "fat_volume": 0.38313676285986537,
        "melanin_volume": 0.3994294100303159,
        "collagen_volume": 0,
        "n": 1.4,
        "g": 0.71,
        "muspx": 79.96388371394782,
        "bmie": 2.2322230938683707
    },
    "fat": {
        "blood_volume_fraction": 0.032683431373706724,
        "ScvO2": 0.0010912537291618485,
        "water_volume": 0,
        "fat_volume": 0.9673165686262933,
        "melanin_volume": 0,
        "collagen_volume": 0,
        "n": 1.4,
        "g": 0.9,
        "muspx": 7.783402564945154,
        "bmie": 1.1179698882577074
    },
    "muscle": {
        "blood_volume_fraction": 0.0,
        "ScvO2": 0.03379789480038797,
        "water_volume": 0.09142890826902723,
        "fat_volume": 0,
        "melanin_volume": 0,
        "collagen_volume": 0.9193840364447523,
        "n": 1.4,
        "g": 0.9,
        "muspx": 13.275824990351607,
        "bmie": 1.8671595754265102
    },
    "IJV": {
        "blood_volume_fraction": 1.0,
        "ScvO2": 0.6117949779521048,
        "water_volume": 0,
        "fat_volume": 0,
        "melanin_volume": 0,
        "collagen_volume": 0,
        "n": 1.4,
        "g": 0.9,
        "muspx": 0.9137842135556127,
        "bmie": 0.6314408412566593
    },
    "CCA": {
        "blood_volume_fraction": 1.0,
        "ScvO2": 0.003900958718105918,
        "water_volume": 0,
        "fat_volume": 0,
        "melanin_volume": 0,
        "collagen_volume": 0,
        "n": 1.4,
        "g": 0.94,
        "muspx": 1.3234722196277842,
        "bmie": 0.8955870033704454
    },
    "geometry": [
        2,
        2.25,
        5.21,
        13,
        6,
        16,
        3
    ],
    "spec_rmsp": 9.507686524318004,
    "absorb_rmsp": 77.7954870261426
}