{
    "skin": {
        "blood_volume_fraction": 0.0021057364236011077,
        "ScvO2": 0.5783316838805437,
        "water_volume": 0.20242458859310924,
        "fat_volume": 0.3103256712947647,
        "melanin_volume": 0.48514400368852495,
        "collagen_volume": 0,
        "n": 1.4,
        "g": 0.71,
        "muspx": 100.0,
        "bmie": 2.4375278670241465
    },
    "fat": {
        "blood_volume_fraction": 0.10120550620171863,
        "ScvO2": 0.0030439662417540113,
        "water_volume": 0,
        "fat_volume": 0.8987944937982814,
        "melanin_volume": 0,
        "collagen_volume": 0,
        "n": 1.4,
        "g": 0.9,
        "muspx": 6.140862551537504,
        "bmie": 1.152877402812312
    },
    "muscle": {
        "blood_volume_fraction": 0.05390296837939839,
        "ScvO2": 0.8003890574985257,
        "water_volume": 0.09111834447775088,
        "fat_volume": 0,
        "melanin_volume": 0,
        "collagen_volume": 0.8549786871428507,
        "n": 1.4,
        "g": 0.9,
        "muspx": 14.497057420191043,
        "bmie": 1.7456185402585325
    },
    "IJV": {
        "blood_volume_fraction": 1.0,
        "ScvO2": 0.6458904225697853,
        "water_volume": 0,
        "fat_volume": 0,
        "melanin_volume": 0,
        "collagen_volume": 0,
        "n": 1.4,
        "g": 0.9,
        "muspx": 0.9658793243879802,
        "bmie": 1.3810342772931308
    },
    "CCA": {
        "blood_volume_fraction": 1.0,
        "ScvO2": 0.07556673940667252,
        "water_volume": 0,
        "fat_volume": 0,
        "melanin_volume": 0,
        "collagen_volume": 0,
        "n": 1.4,
        "g": 0.94,
        "muspx": 1.4014503277832149,
        "bmie": 0.6812588121141169
    },
    "geometry": [
        2,
        2.25,
        5.21,
        13,
        6,
        16,
        3
    ],
    "spec_rmsp": 8.370923524560217,
    "absorb_rmsp": 76.27313666675408
}