{
    "skin": {
        "blood_volume_fraction": 0.0013445612262116917,
        "ScvO2": 0.22008535523900813,
        "water_volume": 0.21820870440721737,
        "fat_volume": 0.47152958071186823,
        "melanin_volume": 0.30891715365470274,
        "collagen_volume": 0,
        "n": 1.4,
        "g": 0.71,
        "muspx": 88.25581612630009,
        "bmie": 2.301199916166418
    },
    "fat": {
        "blood_volume_fraction": 0.043115372157906784,
        "ScvO2": 0.001330253978488235,
        "water_volume": 0,
        "fat_volume": 0.9568846278420933,
        "melanin_volume": 0,
        "collagen_volume": 0,
        "n": 1.4,
        "g": 0.9,
        "muspx": 7.22326875396918,
        "bmie": 1.156707641590411
    },
    "muscle": {
        "blood_volume_fraction": 0.011653327475594586,
        "ScvO2": 0.20822468239304048,
        "water_volume": 0.09124487241702461,
        "fat_volume": 0,
        "melanin_volume": 0,
        "collagen_volume": 0.8971018001073808,
        "n": 1.4,
        "g": 0.9,
        "muspx": 13.775830408506316,
        "bmie": 1.898723505986268
    },
    "IJV": {
        "blood_volume_fraction": 1.0,
        "ScvO2": 0.6225695107236355,
        "water_volume": 0,
        "fat_volume": 0,
        "melanin_volume": 0,
        "collagen_volume": 0,
        "n": 1.4,
        "g": 0.9,
        "muspx": 0.8536410702951369,
        "bmie": 0.98134914004445
    },
    "CCA": {
        "blood_volume_fraction": 1.0,
        "ScvO2": 0.3509919978132485,
        "water_volume": 0,
        "fat_volume": 0,
        "melanin_volume": 0,
        "collagen_volume": 0,
        "n": 1.4,
        "g": 0.94,
        "muspx": 1.3665788126078346,
        "bmie": 1.0187316551421395
    },
    "geometry": [
        2,
        2.25,
        5.21,
        13,
        6,
        16,
        3
    ],
    "spec_rmsp": 9.064467863306623,
    "absorb_rmsp": 77.21338880116676
}