{
    "skin": {
        "blood_volume_fraction": 1.5494483643987639e-06,
        "ScvO2": 0.6142330852982536,
        "water_volume": 0.20692777032534257,
        "fat_volume": 0.03927817093870969,
        "melanin_volume": 0.7537925092875832,
        "collagen_volume": 0,
        "n": 1.4,
        "g": 0.71,
        "muspx": 100.0,
        "bmie": 2.566373933780101
    },
    "fat": {
        "blood_volume_fraction": 0.010054710412442559,
        "ScvO2": 6.034507375168023e-07,
        "water_volume": 0,
        "fat_volume": 0.9899452895875573,
        "melanin_volume": 0,
        "collagen_volume": 0,
        "n": 1.4,
        "g": 0.9,
        "muspx": 11.609157439567333,
        "bmie": 1.7973690686146335
    },
    "muscle": {
        "blood_volume_fraction": 0.6260945611468607,
        "ScvO2": 0.8786323670330691,
        "water_volume": 0.08403165873832881,
        "fat_volume": 0,
        "melanin_volume": 0,
        "collagen_volume": 0.2898737801148106,
        "n": 1.4,
        "g": 0.9,
        "muspx": 15.115339890880406,
        "bmie": 2.4372743433832706
    },
    "IJV": {
        "blood_volume_fraction": 1.0,
        "ScvO2": 0.5025262217871074,
        "water_volume": 0,
        "fat_volume": 0,
        "melanin_volume": 0,
        "collagen_volume": 0,
        "n": 1.4,
        "g": 0.9,
        "muspx": 0.6613826701388319,
        "bmie": 1.131018566785278
    },
    "CCA": {
        "blood_volume_fraction": 1.0,
        "ScvO2": 0.9017906805433911,
        "water_volume": 0,
        "fat_volume": 0,
        "melanin_volume": 0,
        "collagen_volume": 0,
        "n": 1.4,
        "g": 0.94,
        "muspx": 0.6968759301825727,
        "bmie": 0.0
    },
    "geometry": [
        2,
        2.25,
        5.21,
        13,
        6,
        16,
        3
    ],
    "spec_rmsp": 9.212194973273602,
    "absorb_rmsp": 80.42202723801665
}