{
    "skin": {
        "blood_volume_fraction": 7.234851236877849e-05,
        "ScvO2": 0.3459666690037566,
        "water_volume": 0.25099559332869836,
        "fat_volume": 0.2097830725175918,
        "melanin_volume": 0.5391489856413411,
        "collagen_volume": 0,
        "n": 1.4,
        "g": 0.71,
        "muspx": 65.3443312160422,
        "bmie": 2.9201390234741806
    },
    "fat": {
        "blood_volume_fraction": 0.018014270035785353,
        "ScvO2": 2.9834531794984906e-07,
        "water_volume": 0,
        "fat_volume": 0.9819857299642147,
        "melanin_volume": 0,
        "collagen_volume": 0,
        "n": 1.4,
        "g": 0.9,
        "muspx": 10.241546126993118,
        "bmie": 1.4618841534770524
    },
    "muscle": {
        "blood_volume_fraction": 0.10643681714559683,
        "ScvO2": 0.8473213088512829,
        "water_volume": 0.0906392951974824,
        "fat_volume": 0,
        "melanin_volume": 0,
        "collagen_volume": 0.8029238876569208,
        "n": 1.4,
        "g": 0.9,
        "muspx": 13.17983243031598,
        "bmie": 2.438548120381793
    },
    "IJV": {
        "blood_volume_fraction": 1.0,
        "ScvO2": 0.5694879707997719,
        "water_volume": 0,
        "fat_volume": 0,
        "melanin_volume": 0,
        "collagen_volume": 0,
        "n": 1.4,
        "g": 0.9,
        "muspx": 0.9976421359030363,
        "bmie": 1.2969929482942142
    },
    "CCA": {
        "blood_volume_fraction": 1.0,
        "ScvO2": 0.9552841615598954,
        "water_volume": 0,
        "fat_volume": 0,
        "melanin_volume": 0,
        "collagen_volume": 0,
        "n": 1.4,
        "g": 0.94,
        "muspx": 0.43608822280999204,
        "bmie": 0.9892210053821575
    },
    "geometry": [
        2,
        2.25,
        5.21,
        13,
        6,
        16,
        3
    ],
    "spec_rmsp": 9.781724049169084,
    "absorb_rmsp": 80.67875825861243
}