{
    "skin": {
        "blood_volume_fraction": 0.0,
        "ScvO2": 1.0,
        "water_volume": 0.2254841172002019,
        "fat_volume": 0.14106510610667689,
        "melanin_volume": 0.6334507766931212,
        "collagen_volume": 0,
        "n": 1.4,
        "g": 0.71,
        "muspx": 93.47849516536814,
        "bmie": 2.6661971143672574
    },
    "fat": {
        "blood_volume_fraction": 0.005587109776967415,
        "ScvO2": 6.323117347624589e-08,
        "water_volume": 0,
        "fat_volume": 0.9944128902230325,
        "melanin_volume": 0,
        "collagen_volume": 0,
        "n": 1.4,
        "g": 0.9,
        "muspx": 10.69564317525527,
        "bmie": 1.396861609676857
    },
    "muscle": {
        "blood_volume_fraction": 0.4732299446811678,
        "ScvO2": 1.0,
        "water_volume": 0.08592402866749359,
        "fat_volume": 0,
        "melanin_volume": 0,
        "collagen_volume": 0.44084602665133865,
        "n": 1.4,
        "g": 0.9,
        "muspx": 14.863199126031846,
        "bmie": 2.6277289016156837
    },
    "IJV": {
        "blood_volume_fraction": 1.0,
        "ScvO2": 0.5049043047551625,
        "water_volume": 0,
        "fat_volume": 0,
        "melanin_volume": 0,
        "collagen_volume": 0,
        "n": 1.4,
        "g": 0.9,
        "muspx": 0.32921512407323755,
        "bmie": 1.0522398972187887
    },
    "CCA": {
        "blood_volume_fraction": 1.0,
        "ScvO2": 0.7306015554533004,
        "water_volume": 0,
        "fat_volume": 0,
        "melanin_volume": 0,
        "collagen_volume": 0,
        "n": 1.4,
        "g": 0.94,
        "muspx": 0.681723661665064,
        "bmie": 0.0
    },
    "geometry": [
        2,
        2.25,
        5.21,
        13,
        6,
        16,
        3
    ],
    "spec_rmsp": 9.498143509605367,
    "absorb_rmsp": 80.65832666691985
}