{
    "skin": {
        "blood_volume_fraction": 0.15053765440174915,
        "ScvO2": 0.2857585962928059,
        "water_volume": 0.27351735998178683,
        "fat_volume": 0.0,
        "melanin_volume": 0.5810505279842424,
        "collagen_volume": 0,
        "n": 1.4,
        "g": 0.71,
        "muspx": 58.1395740287122,
        "bmie": 2.68415895000138
    },
    "fat": {
        "blood_volume_fraction": 0.0,
        "ScvO2": 0.0,
        "water_volume": 0,
        "fat_volume": 1.0,
        "melanin_volume": 0,
        "collagen_volume": 0,
        "n": 1.4,
        "g": 0.9,
        "muspx": 10.610541654494915,
        "bmie": 0.6161294771699161
    },
    "muscle": {
        "blood_volume_fraction": 0.09046451430669868,
        "ScvO2": 1.0,
        "water_volume": 0.09256403693267272,
        "fat_volume": 0,
        "melanin_volume": 0,
        "collagen_volume": 0.8169714487606287,
        "n": 1.4,
        "g": 0.9,
        "muspx": 12.786818864192584,
        "bmie": 3.3288491084854233
    },
    "IJV": {
        "blood_volume_fraction": 1.0,
        "ScvO2": 0.4761437823129765,
        "water_volume": 0,
        "fat_volume": 0,
        "melanin_volume": 0,
        "collagen_volume": 0,
        "n": 1.4,
        "g": 0.9,
        "muspx": 1.5299293154436069,
        "bmie": 0.8214802256204431
    },
    "CCA": {
        "blood_volume_fraction": 1.0,
        "ScvO2": 0.8023706500308264,
        "water_volume": 0,
        "fat_volume": 0,
        "melanin_volume": 0,
        "collagen_volume": 0,
        "n": 1.4,
        "g": 0.94,
        "muspx": 0.0,
        "bmie": 1.2821614985065524
    },
    "geometry": [
        2,
        2.25,
        5.21,
        13,
        6,
        16,
        3
    ],
    "spec_rmsp": 11.763607914664776,
    "absorb_rmsp": 81.32449658307802
}