{
    "skin": {
        "blood_volume_fraction": 0.0500924497833819,
        "ScvO2": 0.4062761295554349,
        "water_volume": 0.24998013455005189,
        "fat_volume": 0.0992475008238791,
        "melanin_volume": 0.6006799148426871,
        "collagen_volume": 0,
        "n": 1.4,
        "g": 0.71,
        "muspx": 64.8274626665249,
        "bmie": 2.831686000354008
    },
    "fat": {
        "blood_volume_fraction": 0.0,
        "ScvO2": 0.00029710901714013116,
        "water_volume": 0,
        "fat_volume": 1.0,
        "melanin_volume": 0,
        "collagen_volume": 0,
        "n": 1.4,
        "g": 0.9,
        "muspx": 10.941328051178214,
        "bmie": 1.4543949014542898
    },
    "muscle": {
        "blood_volume_fraction": 0.12358130646647351,
        "ScvO2": 0.9723228075145747,
        "water_volume": 0.08958730836250174,
        "fat_volume": 0,
        "melanin_volume": 0,
        "collagen_volume": 0.7868313851710247,
        "n": 1.4,
        "g": 0.9,
        "muspx": 13.966557942975406,
        "bmie": 2.4958919680623888
    },
    "IJV": {
        "blood_volume_fraction": 1.0,
        "ScvO2": 0.55204876650698,
        "water_volume": 0,
        "fat_volume": 0,
        "melanin_volume": 0,
        "collagen_volume": 0,
        "n": 1.4,
        "g": 0.9,
        "muspx": 0.9764403178521197,
        "bmie": 0.9980346346789117
    },
    "CCA": {
        "blood_volume_fraction": 1.0,
        "ScvO2": 0.8177570736137281,
        "water_volume": 0,
        "fat_volume": 0,
        "melanin_volume": 0,
        "collagen_volume": 0,
        "n": 1.4,
        "g": 0.94,
        "muspx": 0.2571250756476111,
        "bmie": 0.7079231715611278
    },
    "geometry": [
        2,
        2.25,
        5.21,
        13,
        6,
        16,
        3
    ],
    "spec_rmsp": 10.370715386951632,
    "absorb_rmsp": 80.36458173425291
}