{
    "skin": {
        "blood_volume_fraction": 0.001498967237344709,
        "ScvO2": 0.3769645231634955,
        "water_volume": 0.2495396161487557,
        "fat_volume": 0.1969136702778188,
        "melanin_volume": 0.5520477463360808,
        "collagen_volume": 0,
        "n": 1.4,
        "g": 0.71,
        "muspx": 65.98047240165181,
        "bmie": 2.897395067909489
    },
    "fat": {
        "blood_volume_fraction": 0.007302980107454485,
        "ScvO2": 1.0757767455688523e-05,
        "water_volume": 0,
        "fat_volume": 0.9926970198925454,
        "melanin_volume": 0,
        "collagen_volume": 0,
        "n": 1.4,
        "g": 0.9,
        "muspx": 10.539682922597333,
        "bmie": 1.563890647577144
    },
    "muscle": {
        "blood_volume_fraction": 0.11151192686025443,
        "ScvO2": 0.8599803204793655,
        "water_volume": 0.09032606010537314,
        "fat_volume": 0,
        "melanin_volume": 0,
        "collagen_volume": 0.7981620130343725,
        "n": 1.4,
        "g": 0.9,
        "muspx": 13.386041697733422,
        "bmie": 2.445757680406732
    },
    "IJV": {
        "blood_volume_fraction": 1.0,
        "ScvO2": 0.5628432055916968,
        "water_volume": 0,
        "fat_volume": 0,
        "melanin_volume": 0,
        "collagen_volume": 0,
        "n": 1.4,
        "g": 0.9,
        "muspx": 0.9602136319961976,
        "bmie": 1.211256709788305
    },
    "CCA": {
        "blood_volume_fraction": 1.0,
        "ScvO2": 0.9706018607771346,
        "water_volume": 0,
        "fat_volume": 0,
        "melanin_volume": 0,
        "collagen_volume": 0,
        "n": 1.4,
        "g": 0.94,
        "muspx": 0.35865435414275537,
        "bmie": 0.8850832577654968
    },
    "geometry": [
        2,
        2.25,
        5.21,
        13,
        6,
        16,
        3
    ],
    "spec_rmsp": 9.805881595424003,
    "absorb_rmsp": 81.22652582283844
}