{
    "skin": {
        "blood_volume_fraction": 0.0,
        "ScvO2": 0.35870469677485967,
        "water_volume": 0.2509094802871942,
        "fat_volume": 0.20672051558378593,
        "melanin_volume": 0.5424123033104112,
        "collagen_volume": 0,
        "n": 1.4,
        "g": 0.71,
        "muspx": 65.3574359354984,
        "bmie": 2.9166054196816678
    },
    "fat": {
        "blood_volume_fraction": 0.011987738672756367,
        "ScvO2": 8.722830286670799e-06,
        "water_volume": 0,
        "fat_volume": 0.9880122613272437,
        "melanin_volume": 0,
        "collagen_volume": 0,
        "n": 1.4,
        "g": 0.9,
        "muspx": 10.415823590960247,
        "bmie": 1.513511237868391
    },
    "muscle": {
        "blood_volume_fraction": 0.10481538213284566,
        "ScvO2": 0.8576831577624603,
        "water_volume": 0.09053406581590859,
        "fat_volume": 0,
        "melanin_volume": 0,
        "collagen_volume": 0.8046505520512458,
        "n": 1.4,
        "g": 0.9,
        "muspx": 13.2464984588495,
        "bmie": 2.4408896075010276
    },
    "IJV": {
        "blood_volume_fraction": 1.0,
        "ScvO2": 0.5670182165978566,
        "water_volume": 0,
        "fat_volume": 0,
        "melanin_volume": 0,
        "collagen_volume": 0,
        "n": 1.4,
        "g": 0.9,
        "muspx": 1.0016520581833703,
        "bmie": 1.2431040169444203
    },
    "CCA": {
        "blood_volume_fraction": 1.0,
        "ScvO2": 0.9675762547746278,
        "water_volume": 0,
        "fat_volume": 0,
        "melanin_volume": 0,
        "collagen_volume": 0,
        "n": 1.4,
        "g": 0.94,
        "muspx": 0.38607926422990035,
        "bmie": 0.9465897548466797
    },
    "geometry": [
        2,
        2.25,
        5.21,
        13,
        6,
        16,
        3
    ],
    "spec_rmsp": 9.809299327955811,
    "absorb_rmsp": 80.87353652109947
}