{
    "skin": {
        "blood_volume_fraction": 0.11370432837322958,
        "ScvO2": 0.3190636694468479,
        "water_volume": 0.2563464998031507,
        "fat_volume": 0.09230297215744568,
        "melanin_volume": 0.5376461996661741,
        "collagen_volume": 0,
        "n": 1.4,
        "g": 0.71,
        "muspx": 54.22591008802072,
        "bmie": 2.7574565858385447
    },
    "fat": {
        "blood_volume_fraction": 0.020006661457694867,
        "ScvO2": 0.0,
        "water_volume": 0,
        "fat_volume": 0.9799933385423051,
        "melanin_volume": 0,
        "collagen_volume": 0,
        "n": 1.4,
        "g": 0.9,
        "muspx": 10.264364740018383,
        "bmie": 1.4285255071303848
    },
    "muscle": {
        "blood_volume_fraction": 0.052611165044004496,
        "ScvO2": 0.6212234515794086,
        "water_volume": 0.09176664942985802,
        "fat_volume": 0,
        "melanin_volume": 0,
        "collagen_volume": 0.8556221855261374,
        "n": 1.4,
        "g": 0.9,
        "muspx": 14.145431603564337,
        "bmie": 2.768403400881617
    },
    "IJV": {
        "blood_volume_fraction": 1.0,
        "ScvO2": 0.5780381004489874,
        "water_volume": 0,
        "fat_volume": 0,
        "melanin_volume": 0,
        "collagen_volume": 0,
        "n": 1.4,
        "g": 0.9,
        "muspx": 1.4781416117193813,
        "bmie": 0.9248481651899431
    },
    "CCA": {
        "blood_volume_fraction": 1.0,
        "ScvO2": 0.9356470834245809,
        "water_volume": 0,
        "fat_volume": 0,
        "melanin_volume": 0,
        "collagen_volume": 0,
        "n": 1.4,
        "g": 0.94,
        "muspx": 0.04090923055603523,
        "bmie": 1.1108257120196674
    },
    "geometry": [
        2,
        2.25,
        5.21,
        13,
        6,
        16,
        3
    ],
    "spec_rmsp": 10.30433114328422,
    "absorb_rmsp": 80.37343298622919
}