{
    "skin": {
        "blood_volume_fraction": 0.0,
        "ScvO2": 0.8389555802277594,
        "water_volume": 0.2347989820478844,
        "fat_volume": 0.16571904694236705,
        "melanin_volume": 0.5994819710097486,
        "collagen_volume": 0,
        "n": 1.4,
        "g": 0.71,
        "muspx": 81.56170420530259,
        "bmie": 2.694553660546765
    },
    "fat": {
        "blood_volume_fraction": 0.0,
        "ScvO2": 0.0,
        "water_volume": 0,
        "fat_volume": 1.0,
        "melanin_volume": 0,
        "collagen_volume": 0,
        "n": 1.4,
        "g": 0.9,
        "muspx": 10.691598220998717,
        "bmie": 1.467360434456835
    },
    "muscle": {
        "blood_volume_fraction": 0.29468553676208264,
        "ScvO2": 0.9744558338248528,
        "water_volume": 0.08773523779447102,
        "fat_volume": 0,
        "melanin_volume": 0,
        "collagen_volume": 0.6175792254434463,
        "n": 1.4,
        "g": 0.9,
        "muspx": 14.04881061125726,
        "bmie": 2.5372494742225995
    },
    "IJV": {
        "blood_volume_fraction": 1.0,
        "ScvO2": 0.5300231727799444,
        "water_volume": 0,
        "fat_volume": 0,
        "melanin_volume": 0,
        "collagen_volume": 0,
        "n": 1.4,
        "g": 0.9,
        "muspx": 0.0,
        "bmie": 1.1454682546590578
    },
    "CCA": {
        "blood_volume_fraction": 1.0,
        "ScvO2": 0.8090795697273498,
        "water_volume": 0,
        "fat_volume": 0,
        "melanin_volume": 0,
        "collagen_volume": 0,
        "n": 1.4,
        "g": 0.94,
        "muspx": 0.5890843668462352,
        "bmie": 0.4082624913077977
    },
    "geometry": [
        2,
        2.25,
        5.21,
        13,
        6,
        16,
        3
    ],
    "spec_rmsp": 9.627757375620087,
    "absorb_rmsp": 82.01168096832319
}