{
    "skin": {
        "blood_volume_fraction": 0.0007293705831328885,
        "ScvO2": 0.9882659863305384,
        "water_volume": 0.45130309154789533,
        "fat_volume": 0.3500361749949805,
        "melanin_volume": 0.19793136287399135,
        "collagen_volume": 0,
        "n": 1.4,
        "g": 0.71,
        "muspx": 99.81938200260353,
        "bmie": 1.9547752950659927
    },
    "fat": {
        "blood_volume_fraction": 0.14883088028403485,
        "ScvO2": 0.000408019403805278,
        "water_volume": 0,
        "fat_volume": 0.8511691197159652,
        "melanin_volume": 0,
        "collagen_volume": 0,
        "n": 1.4,
        "g": 0.9,
        "muspx": 7.158781682565954,
        "bmie": 4.471518392673852
    },
    "muscle": {
        "blood_volume_fraction": 0.10765722330046339,
        "ScvO2": 0.48419226226630985,
        "water_volume": 0.09743456379404725,
        "fat_volume": 0,
        "melanin_volume": 0,
        "collagen_volume": 0.7949082129054893,
        "n": 1.4,
        "g": 0.9,
        "muspx": 31.49647339856617,
        "bmie": 4.169591962299901
    },
    "IJV": {
        "blood_volume_fraction": 1.0,
        "ScvO2": 0.010025844630774711,
        "water_volume": 0,
        "fat_volume": 0,
        "melanin_volume": 0,
        "collagen_volume": 0,
        "n": 1.4,
        "g": 0.9,
        "muspx": 0.3917457300476807,
        "bmie": 0.8304156478254442
    },
    "CCA": {
        "blood_volume_fraction": 1.0,
        "ScvO2": 0.9978340189536474,
        "water_volume": 0,
        "fat_volume": 0,
        "melanin_volume": 0,
        "collagen_volume": 0,
        "n": 1.4,
        "g": 0.94,
        "muspx": 0.0114190527099368,
        "bmie": 0.9610576212146003
    },
    "geometry": [
        2,
        2.25,
        5.21,
        13,
        6,
        16,
        3
    ],
    "spec_rmsp": 7.019996863407428,
    "absorb_rmsp": 70.45026887246324
}