{
    "skin": {
        "blood_volume_fraction": 0.004133233392794665,
        "ScvO2": 0.9910331828045349,
        "water_volume": 0.45922400390063284,
        "fat_volume": 0.3194669215400664,
        "melanin_volume": 0.21717584116650623,
        "collagen_volume": 0,
        "n": 1.4,
        "g": 0.71,
        "muspx": 99.0017662168406,
        "bmie": 2.154048216328246
    },
    "fat": {
        "blood_volume_fraction": 0.11270311570256247,
        "ScvO2": 0.0008739723337467782,
        "water_volume": 0,
        "fat_volume": 0.8872968842974376,
        "melanin_volume": 0,
        "collagen_volume": 0,
        "n": 1.4,
        "g": 0.9,
        "muspx": 7.868058776954435,
        "bmie": 3.3256926947078354
    },
    "muscle": {
        "blood_volume_fraction": 0.12370684867786387,
        "ScvO2": 0.8631804069791827,
        "water_volume": 0.0983350806717014,
        "fat_volume": 0,
        "melanin_volume": 0,
        "collagen_volume": 0.7779580706504348,
        "n": 1.4,
        "g": 0.9,
        "muspx": 27.78017785267167,
        "bmie": 3.9377996793022314
    },
    "IJV": {
        "blood_volume_fraction": 1.0,
        "ScvO2": 0.021724373327950085,
        "water_volume": 0,
        "fat_volume": 0,
        "melanin_volume": 0,
        "collagen_volume": 0,
        "n": 1.4,
        "g": 0.9,
        "muspx": 0.5124412119342177,
        "bmie": 0.952008147681202
    },
    "CCA": {
        "blood_volume_fraction": 1.0,
        "ScvO2": 0.9794526156061606,
        "water_volume": 0,
        "fat_volume": 0,
        "melanin_volume": 0,
        "collagen_volume": 0,
        "n": 1.4,
        "g": 0.94,
        "muspx": 0.0,
        "bmie": 1.350209089938556
    },
    "geometry": [
        2,
        2.25,
        5.21,
        13,
        6,
        16,
        3
    ],
    "spec_rmsp": 7.223546696274611,
    "absorb_rmsp": 72.14367863268527
}