{
    "skin": {
        "blood_volume_fraction": 0.0017823700962240985,
        "ScvO2": 0.9927444656065534,
        "water_volume": 0.4515279908322468,
        "fat_volume": 0.3549584928656753,
        "melanin_volume": 0.19173114620585377,
        "collagen_volume": 0,
        "n": 1.4,
        "g": 0.71,
        "muspx": 99.65375480545511,
        "bmie": 1.87166315359564
    },
    "fat": {
        "blood_volume_fraction": 0.15294522856079434,
        "ScvO2": 0.000736806614715244,
        "water_volume": 0,
        "fat_volume": 0.8470547714392057,
        "melanin_volume": 0,
        "collagen_volume": 0,
        "n": 1.4,
        "g": 0.9,
        "muspx": 6.422906761548267,
        "bmie": 3.990547219123388
    },
    "muscle": {
        "blood_volume_fraction": 0.10640862337037378,
        "ScvO2": 0.5855190736810203,
        "water_volume": 0.09643494255128943,
        "fat_volume": 0,
        "melanin_volume": 0,
        "collagen_volume": 0.7971564340783369,
        "n": 1.4,
        "g": 0.9,
        "muspx": 27.42231558809191,
        "bmie": 3.6905511702783285
    },
    "IJV": {
        "blood_volume_fraction": 1.0,
        "ScvO2": 0.00854648829320971,
        "water_volume": 0,
        "fat_volume": 0,
        "melanin_volume": 0,
        "collagen_volume": 0,
        "n": 1.4,
        "g": 0.9,
        "muspx": 0.13401863124350405,
        "bmie": 1.0975974239567794
    },
    "CCA": {
        "blood_volume_fraction": 1.0,
        "ScvO2": 0.9945915937767047,
        "water_volume": 0,
        "fat_volume": 0,
        "melanin_volume": 0,
        "collagen_volume": 0,
        "n": 1.4,
        "g": 0.94,
        "muspx": 0.21918166249239113,
        "bmie": 1.3364778922780889
    },
    "geometry": [
        2,
        2.25,
        5.21,
        13,
        6,
        16,
        3
    ],
    "spec_rmsp": 7.626580296462283,
    "absorb_rmsp": 69.80052834782495
}