{
    "skin": {
        "blood_volume_fraction": 0.003283612234941191,
        "ScvO2": 0.9945261990766842,
        "water_volume": 0.4301380896571773,
        "fat_volume": 0.359249760514504,
        "melanin_volume": 0.2073285375933774,
        "collagen_volume": 0,
        "n": 1.4,
        "g": 0.71,
        "muspx": 99.70520358524422,
        "bmie": 2.2647179615755233
    },
    "fat": {
        "blood_volume_fraction": 0.15642171407663907,
        "ScvO2": 0.0004352715256494979,
        "water_volume": 0,
        "fat_volume": 0.843578285923361,
        "melanin_volume": 0,
        "collagen_volume": 0,
        "n": 1.4,
        "g": 0.9,
        "muspx": 11.08515897861174,
        "bmie": 4.406562805613834
    },
    "muscle": {
        "blood_volume_fraction": 0.07829564498263338,
        "ScvO2": 0.26788169672047046,
        "water_volume": 0.09791382512327267,
        "fat_volume": 0,
        "melanin_volume": 0,
        "collagen_volume": 0.823790529894094,
        "n": 1.4,
        "g": 0.9,
        "muspx": 43.41175095383275,
        "bmie": 4.740815668704635
    },
    "IJV": {
        "blood_volume_fraction": 1.0,
        "ScvO2": 0.013113845262975557,
        "water_volume": 0,
        "fat_volume": 0,
        "melanin_volume": 0,
        "collagen_volume": 0,
        "n": 1.4,
        "g": 0.9,
        "muspx": 3.4387707639670646,
        "bmie": 0.8468454369523157
    },
    "CCA": {
        "blood_volume_fraction": 1.0,
        "ScvO2": 1.0,
        "water_volume": 0,
        "fat_volume": 0,
        "melanin_volume": 0,
        "collagen_volume": 0,
        "n": 1.4,
        "g": 0.94,
        "muspx": 0.013200871473592071,
        "bmie": 1.8145019177170065
    },
    "geometry": [
        2,
        2.25,
        5.21,
        13,
        6,
        16,
        3
    ],
    "spec_rmsp": 5.679985125254003,
    "absorb_rmsp": 74.22527407782019
}