{
    "skin": {
        "blood_volume_fraction": 0.002181231321799861,
        "ScvO2": 0.9888640622449631,
        "water_volume": 0.43901028844134565,
        "fat_volume": 0.3528961362329607,
        "melanin_volume": 0.20591234400389377,
        "collagen_volume": 0,
        "n": 1.4,
        "g": 0.71,
        "muspx": 99.7264494036556,
        "bmie": 2.0885309190108514
    },
    "fat": {
        "blood_volume_fraction": 0.15277175860999886,
        "ScvO2": 0.0003031395604028435,
        "water_volume": 0,
        "fat_volume": 0.8472282413900012,
        "melanin_volume": 0,
        "collagen_volume": 0,
        "n": 1.4,
        "g": 0.9,
        "muspx": 11.772828574165256,
        "bmie": 3.879372990726984
    },
    "muscle": {
        "blood_volume_fraction": 0.10715995099775019,
        "ScvO2": 0.3738897831791649,
        "water_volume": 0.09798354666649035,
        "fat_volume": 0,
        "melanin_volume": 0,
        "collagen_volume": 0.7948565023357594,
        "n": 1.4,
        "g": 0.9,
        "muspx": 33.34107251836008,
        "bmie": 4.32516804154693
    },
    "IJV": {
        "blood_volume_fraction": 1.0,
        "ScvO2": 0.01293036638758096,
        "water_volume": 0,
        "fat_volume": 0,
        "melanin_volume": 0,
        "collagen_volume": 0,
        "n": 1.4,
        "g": 0.9,
        "muspx": 2.91504704118001,
        "bmie": 0.9164404258048628
    },
    "CCA": {
        "blood_volume_fraction": 1.0,
        "ScvO2": 0.9998664390250022,
        "water_volume": 0,
        "fat_volume": 0,
        "melanin_volume": 0,
        "collagen_volume": 0,
        "n": 1.4,
        "g": 0.94,
        "muspx": 0.0051451487858718975,
        "bmie": 1.0720735288426886
    },
    "geometry": [
        2,
        2.25,
        5.21,
        13,
        6,
        16,
        3
    ],
    "spec_rmsp": 6.329332879767051,
    "absorb_rmsp": 71.47024377095352
}