{
    "skin": {
        "blood_volume_fraction": 0.0,
        "ScvO2": 0.7764674294040204,
        "water_volume": 0.4424162869245588,
        "fat_volume": 0.37739558680593627,
        "melanin_volume": 0.1894623031083712,
        "collagen_volume": 0,
        "n": 1.4,
        "g": 0.71,
        "muspx": 100.0,
        "bmie": 2.65632799482842
    },
    "fat": {
        "blood_volume_fraction": 0.07251341267668714,
        "ScvO2": 0.0,
        "water_volume": 0,
        "fat_volume": 0.9274865873233129,
        "melanin_volume": 0,
        "collagen_volume": 0,
        "n": 1.4,
        "g": 0.9,
        "muspx": 9.983721130626995,
        "bmie": 3.2936166926371535
    },
    "muscle": {
        "blood_volume_fraction": 0.06825642447069269,
        "ScvO2": 0.8325867636729193,
        "water_volume": 0.10144838168238479,
        "fat_volume": 0,
        "melanin_volume": 0,
        "collagen_volume": 0.8302951938469225,
        "n": 1.4,
        "g": 0.9,
        "muspx": 20.174844892081083,
        "bmie": 3.737573878859335
    },
    "IJV": {
        "blood_volume_fraction": 1.0,
        "ScvO2": 0.007475727610931876,
        "water_volume": 0,
        "fat_volume": 0,
        "melanin_volume": 0,
        "collagen_volume": 0,
        "n": 1.4,
        "g": 0.9,
        "muspx": 0.0,
        "bmie": 1.0335757555052283
    },
    "CCA": {
        "blood_volume_fraction": 1.0,
        "ScvO2": 0.9159395825787651,
        "water_volume": 0,
        "fat_volume": 0,
        "melanin_volume": 0,
        "collagen_volume": 0,
        "n": 1.4,
        "g": 0.94,
        "muspx": 0.9347592371194516,
        "bmie": 1.2873724050810371
    },
    "geometry": [
        2,
        2.25,
        5.21,
        13,
        6,
        16,
        3
    ],
    "spec_rmsp": 10.477984630352896,
    "absorb_rmsp": 71.13474308762962
}