{
    "skin": {
        "blood_volume_fraction": 0.000718147920117162,
        "ScvO2": 0.9839232872328286,
        "water_volume": 0.44388025722642493,
        "fat_volume": 0.35311388595775156,
        "melanin_volume": 0.2022877088957064,
        "collagen_volume": 0,
        "n": 1.4,
        "g": 0.71,
        "muspx": 99.76541193604547,
        "bmie": 1.9667584519525543
    },
    "fat": {
        "blood_volume_fraction": 0.14633825556839292,
        "ScvO2": 0.00034754742001186136,
        "water_volume": 0,
        "fat_volume": 0.853661744431607,
        "melanin_volume": 0,
        "collagen_volume": 0,
        "n": 1.4,
        "g": 0.9,
        "muspx": 9.236148409920052,
        "bmie": 4.76882194948025
    },
    "muscle": {
        "blood_volume_fraction": 0.10460286873496573,
        "ScvO2": 0.4269895427276112,
        "water_volume": 0.09754618387455215,
        "fat_volume": 0,
        "melanin_volume": 0,
        "collagen_volume": 0.7978509473904822,
        "n": 1.4,
        "g": 0.9,
        "muspx": 33.54639663162935,
        "bmie": 4.308236222132972
    },
    "IJV": {
        "blood_volume_fraction": 1.0,
        "ScvO2": 0.014185595955343586,
        "water_volume": 0,
        "fat_volume": 0,
        "melanin_volume": 0,
        "collagen_volume": 0,
        "n": 1.4,
        "g": 0.9,
        "muspx": 1.4975923196467915,
        "bmie": 0.9370422808884624
    },
    "CCA": {
        "blood_volume_fraction": 1.0,
        "ScvO2": 0.999949566512488,
        "water_volume": 0,
        "fat_volume": 0,
        "melanin_volume": 0,
        "collagen_volume": 0,
        "n": 1.4,
        "g": 0.94,
        "muspx": 0.0008448185427690079,
        "bmie": 0.9758083092913119
    },
    "geometry": [
        2,
        2.25,
        5.21,
        13,
        6,
        16,
        3
    ],
    "spec_rmsp": 6.611146139108865,
    "absorb_rmsp": 71.04113847812813
}