{
    "skin": {
        "blood_volume_fraction": 0.005228356909156014,
        "ScvO2": 0.986169130039844,
        "water_volume": 0.4365384138731803,
        "fat_volume": 0.3502665056026675,
        "melanin_volume": 0.20796672361499624,
        "collagen_volume": 0,
        "n": 1.4,
        "g": 0.71,
        "muspx": 99.71725594586114,
        "bmie": 2.016720719478924
    },
    "fat": {
        "blood_volume_fraction": 0.16238061866461723,
        "ScvO2": 0.0,
        "water_volume": 0,
        "fat_volume": 0.8376193813353827,
        "melanin_volume": 0,
        "collagen_volume": 0,
        "n": 1.4,
        "g": 0.9,
        "muspx": 13.714655976055127,
        "bmie": 4.121065417347277
    },
    "muscle": {
        "blood_volume_fraction": 0.10704471038032441,
        "ScvO2": 0.4692062979829589,
        "water_volume": 0.09783768066425404,
        "fat_volume": 0,
        "melanin_volume": 0,
        "collagen_volume": 0.7951176089554216,
        "n": 1.4,
        "g": 0.9,
        "muspx": 34.41754247799141,
        "bmie": 4.382352380488488
    },
    "IJV": {
        "blood_volume_fraction": 1.0,
        "ScvO2": 0.014430595108521694,
        "water_volume": 0,
        "fat_volume": 0,
        "melanin_volume": 0,
        "collagen_volume": 0,
        "n": 1.4,
        "g": 0.9,
        "muspx": 3.3192375930611693,
        "bmie": 0.8497500559938012
    },
    "CCA": {
        "blood_volume_fraction": 1.0,
        "ScvO2": 0.999749934284991,
        "water_volume": 0,
        "fat_volume": 0,
        "melanin_volume": 0,
        "collagen_volume": 0,
        "n": 1.4,
        "g": 0.94,
        "muspx": 0.0027900076385460543,
        "bmie": 0.7300069563234519
    },
    "geometry": [
        2,
        2.25,
        5.21,
        13,
        6,
        16,
        3
    ],
    "spec_rmsp": 6.138428743137981,
    "absorb_rmsp": 72.53658171705577
}