{
    "skin": {
        "blood_volume_fraction": 0.00916554246036142,
        "ScvO2": 0.6445898888376669,
        "water_volume": 0.41753843895135756,
        "fat_volume": 0.5462755309238494,
        "melanin_volume": 0.03194362793895857,
        "collagen_volume": 0,
        "n": 1.4,
        "g": 0.71,
        "muspx": 35.40890457891916,
        "bmie": 2.434893151436141
    },
    "fat": {
        "blood_volume_fraction": 0.05133626479532642,
        "ScvO2": 0.5422378939158007,
        "water_volume": 0,
        "fat_volume": 0.9486637352046735,
        "melanin_volume": 0,
        "collagen_volume": 0,
        "n": 1.4,
        "g": 0.9,
        "muspx": 18.5083228954036,
        "bmie": 0.9134203428881655
    },
    "muscle": {
        "blood_volume_fraction": 0.08076948367752357,
        "ScvO2": 0.005787646745582497,
        "water_volume": 0.423048817220137,
        "fat_volume": 0,
        "melanin_volume": 0,
        "collagen_volume": 0.49618169910233934,
        "n": 1.4,
        "g": 0.9,
        "muspx": 12.170547030576715,
        "bmie": 0.9211655441693902
    },
    "IJV": {
        "blood_volume_fraction": 1.0,
        "ScvO2": 0.7330825757368621,
        "water_volume": 0,
        "fat_volume": 0,
        "melanin_volume": 0,
        "collagen_volume": 0,
        "n": 1.4,
        "g": 0.9,
        "muspx": 0.2905920190226301,
        "bmie": 1.0
    },
    "CCA": {
        "blood_volume_fraction": 1.0,
        "ScvO2": 0.9555521728043572,
        "water_volume": 0,
        "fat_volume": 0,
        "melanin_volume": 0,
        "collagen_volume": 0,
        "n": 1.4,
        "g": 0.94,
        "muspx": 0.4434894919043953,
        "bmie": 1.0
    },
    "geometry": [
        1.27,
        1.0,
        7.71,
        14.95,
        3.53,
        23.86,
        7.68
    ],
    "spec_rmsp": 7.274364099694578,
    "absorb_rmsp": 43.665550502634915
}