{
    "skin": {
        "blood_volume_fraction": 0.05806581462821965,
        "ScvO2": 0.647186039861068,
        "water_volume": 0.20465911485721344,
        "fat_volume": 0.7563571881456769,
        "melanin_volume": 0.009628681478354306,
        "collagen_volume": 0,
        "n": 1.4,
        "g": 0.71,
        "muspx": 29.16375849007435,
        "bmie": 2.271189034058169
    },
    "fat": {
        "blood_volume_fraction": 0.020616894959569074,
        "ScvO2": 0.11690898996898955,
        "water_volume": 0,
        "fat_volume": 0.9793831050404309,
        "melanin_volume": 0,
        "collagen_volume": 0,
        "n": 1.4,
        "g": 0.9,
        "muspx": 29.199254723715796,
        "bmie": 0.5838275911136516
    },
    "muscle": {
        "blood_volume_fraction": 0.08719949949284406,
        "ScvO2": 0.8466220805090615,
        "water_volume": 0.16970982504127588,
        "fat_volume": 0,
        "melanin_volume": 0,
        "collagen_volume": 0.9129009339389418,
        "n": 1.4,
        "g": 0.9,
        "muspx": 10.920592101641386,
        "bmie": 2.397650699377791
    },
    "IJV": {
        "blood_volume_fraction": 1.0,
        "ScvO2": 0.7091932095737807,
        "water_volume": 0,
        "fat_volume": 0,
        "melanin_volume": 0,
        "collagen_volume": 0,
        "n": 1.4,
        "g": 0.9,
        "muspx": 0.34517395452812105,
        "bmie": 1.0
    },
    "CCA": {
        "blood_volume_fraction": 1.0,
        "ScvO2": 0.9795770270828459,
        "water_volume": 0,
        "fat_volume": 0,
        "melanin_volume": 0,
        "collagen_volume": 0,
        "n": 1.4,
        "g": 0.94,
        "muspx": 0.5013016256916504,
        "bmie": 1.0
    },
    "geometry": [
        1.27,
        1.0,
        7.71,
        14.95,
        3.53,
        23.86,
        7.68
    ],
    "spec_rmsp": 6.6246586854512985,
    "absorb_rmsp": 26.210132024175547
}