{
    "skin": {
        "blood_volume_fraction": 0.09503886333027552,
        "ScvO2": 0.6079686495939275,
        "water_volume": 0.2696585916505,
        "fat_volume": 0.0928592256995101,
        "melanin_volume": 0.39497852658415505,
        "collagen_volume": 0,
        "n": 1.4,
        "g": 0.71,
        "muspx": 39.6430378283754,
        "bmie": 1.585550190840395
    },
    "fat": {
        "blood_volume_fraction": 0.06987514112035427,
        "ScvO2": 0.0,
        "water_volume": 0,
        "fat_volume": 1.0262430809872873,
        "melanin_volume": 0,
        "collagen_volume": 0,
        "n": 1.4,
        "g": 0.9,
        "muspx": 6.683634477428281,
        "bmie": 0.3818647344467044
    },
    "muscle": {
        "blood_volume_fraction": 0.05329115892840568,
        "ScvO2": 0.6410164384568194,
        "water_volume": 0.09715693062425207,
        "fat_volume": 0,
        "melanin_volume": 0,
        "collagen_volume": 0.8582280949731476,
        "n": 1.4,
        "g": 0.9,
        "muspx": 13.88991504531368,
        "bmie": 2.7816488902436025
    },
    "IJV": {
        "blood_volume_fraction": 1.0,
        "ScvO2": 0.7374507459645677,
        "water_volume": 0,
        "fat_volume": 0,
        "melanin_volume": 0,
        "collagen_volume": 0,
        "n": 1.4,
        "g": 0.9,
        "muspx": 0.0,
        "bmie": 0.2074901208795497
    },
    "CCA": {
        "blood_volume_fraction": 1.0,
        "ScvO2": 0.649455923137545,
        "water_volume": 0,
        "fat_volume": 0,
        "melanin_volume": 0,
        "collagen_volume": 0,
        "n": 1.4,
        "g": 0.94,
        "muspx": 0.6973706639533697,
        "bmie": 1.0
    },
    "geometry": [
        2,
        2.25,
        5.21,
        13,
        6,
        16,
        3
    ],
    "spec_rmsp": 10.830797155008835,
    "absorb_rmsp": 78.07604570409735
}