{
    "skin": {
        "blood_volume_fraction": 0.0021664322019281116,
        "ScvO2": 0.9959518012147431,
        "water_volume": 0.20340972074316652,
        "n": 1.4,
        "g": 0.9666058807774561,
        "muspx": 3.737684663767041,
        "fray": 0.6993091758802586,
        "bmie": 0.4426246279091962
    },
    "muscle": {
        "blood_volume_fraction": 1.156284653128239,
        "ScvO2": 0.32307658562388286,
        "water_volume": 0.40555028488359834,
        "n": 1.4,
        "g": 0.94,
        "muspx": 0.604358932297224,
        "fray": 0.72282553665852,
        "bmie": 1.5729340649744872
    },
    "IJV": {
        "blood_volume_fraction": 0.22794011905616918,
        "ScvO2": 0.09696683827029406,
        "water_volume": 0.6358990866143545,
        "n": 1.4,
        "g": 0.94,
        "muspx": 0.917120669457232,
        "fray": 0.49646410070641045,
        "bmie": 0.7640364293525173
    },
    "CCA": {
        "blood_volume_fraction": 14.433424213812955,
        "ScvO2": 0.664495433554215,
        "water_volume": 0.8050564766196311,
        "n": 1.4,
        "g": 0.94,
        "muspx": 1.2389925065713312,
        "fray": 0.17298944575087838,
        "bmie": 0.9261228908470073
    },
    "geometry": {
        "skin_thickness": 0.44948940069472,
        "ijv_radius": 6.032778833252638,
        "ijv_depth": 19.767482520889203,
        "cca_radius": 3.841738779794362,
        "cca_depth": 23.024652292218338,
        "ijv_cca_distance": 11.459183555148405
    }
}