{
    "skin": {
        "blood_volume_fraction": 0.026486111223165684,
        "ScvO2": 0.9203870990350671,
        "water_volume": 1.058368723373607,
        "fat_volume": 0.04232154627727193,
        "melanin_volume": 0.004828326888476123,
        "collagen_volume": 0,
        "n": 1.4,
        "g": 0.71,
        "muspx": 34.389964362595954,
        "bmie": 1.5317046339837925
    },
    "fat": {
        "blood_volume_fraction": 0.05408212462136182,
        "ScvO2": 0.7054637244989936,
        "water_volume": 0,
        "fat_volume": 0.9436661590635802,
        "melanin_volume": 0,
        "collagen_volume": 0,
        "n": 1.4,
        "g": 0.9,
        "muspx": 32.6973776161842,
        "bmie": 1.0042072124217387
    },
    "muscle": {
        "blood_volume_fraction": 0.09817747985942184,
        "ScvO2": 0.7249028504573629,
        "water_volume": 0.47845495231704493,
        "fat_volume": 0,
        "melanin_volume": 0,
        "collagen_volume": 0.8370685288181932,
        "n": 1.4,
        "g": 0.9,
        "muspx": 10.044273695207885,
        "bmie": 1.1213478852343308
    },
    "IJV": {
        "blood_volume_fraction": 1.0,
        "ScvO2": 0.7300507587853994,
        "water_volume": 0,
        "fat_volume": 0,
        "melanin_volume": 0,
        "collagen_volume": 0,
        "n": 1.4,
        "g": 0.9,
        "muspx": 0.4523675294342815,
        "bmie": 1.0
    },
    "CCA": {
        "blood_volume_fraction": 1.0,
        "ScvO2": 0.8393940513275922,
        "water_volume": 0,
        "fat_volume": 0,
        "melanin_volume": 0,
        "collagen_volume": 0,
        "n": 1.4,
        "g": 0.94,
        "muspx": 1.056925130826425,
        "bmie": 1.0
    },
    "geometry": [
        1.27,
        1.0,
        7.71,
        14.95,
        3.53,
        23.86,
        7.68
    ],
    "spec_rmsp": 8.036964414392452,
    "absorb_rmsp": 35.23200439525007
}