{
    "skin": {
        "blood_volume_fraction": 0.08770241794097103,
        "ScvO2": 0.18642148923852325,
        "water_volume": 0.4917039432475234,
        "fat_volume": 0.2099597565444189,
        "melanin_volume": 0.21063388226708665,
        "collagen_volume": 0,
        "n": 1.4,
        "g": 0.71,
        "muspx": 45.17665176784993,
        "bmie": 2.099679023547977
    },
    "fat": {
        "blood_volume_fraction": 0.08139405270785298,
        "ScvO2": 0.0004923683551648888,
        "water_volume": 0,
        "fat_volume": 0.9186059472921471,
        "melanin_volume": 0,
        "collagen_volume": 0,
        "n": 1.4,
        "g": 0.9,
        "muspx": 13.780776992708363,
        "bmie": 1.0163840168177325
    },
    "muscle": {
        "blood_volume_fraction": 0.053722754258365125,
        "ScvO2": 1.0,
        "water_volume": 0.09212382403417299,
        "fat_volume": 0,
        "melanin_volume": 0,
        "collagen_volume": 0.8541534217074619,
        "n": 1.4,
        "g": 0.9,
        "muspx": 40.19041132657249,
        "bmie": 3.5427492329640984
    },
    "IJV": {
        "blood_volume_fraction": 1.0,
        "ScvO2": 0.10613097986540304,
        "water_volume": 0,
        "fat_volume": 0,
        "melanin_volume": 0,
        "collagen_volume": 0,
        "n": 1.4,
        "g": 0.9,
        "muspx": 0.5858059457042816,
        "bmie": 1.5272088652820162
    },
    "CCA": {
        "blood_volume_fraction": 1.0,
        "ScvO2": 0.8800825956745986,
        "water_volume": 0,
        "fat_volume": 0,
        "melanin_volume": 0,
        "collagen_volume": 0,
        "n": 1.4,
        "g": 0.94,
        "muspx": 0.05368267695961146,
        "bmie": 1.0313640399253854
    },
    "geometry": [
        2,
        2.25,
        5.21,
        13,
        6,
        16,
        3
    ],
    "spec_rmsp": 9.11385775037255,
    "absorb_rmsp": 73.10665766096808
}