{
    "skin": {
        "blood_volume_fraction": 0.014012812249349534,
        "ScvO2": 1.0,
        "water_volume": 0.4507461891680299,
        "fat_volume": 0.19471612983055792,
        "melanin_volume": 0.34052486875206267,
        "collagen_volume": 0,
        "n": 1.4,
        "g": 0.71,
        "muspx": 43.79692964802476,
        "bmie": 2.5957669210823497
    },
    "fat": {
        "blood_volume_fraction": 0.06656605113760425,
        "ScvO2": 0.04058738071039904,
        "water_volume": 0,
        "fat_volume": 0.9334339488623957,
        "melanin_volume": 0,
        "collagen_volume": 0,
        "n": 1.4,
        "g": 0.9,
        "muspx": 14.688938903883361,
        "bmie": 0.6108289549197007
    },
    "muscle": {
        "blood_volume_fraction": 0.10964819133663964,
        "ScvO2": 0.6149067012757848,
        "water_volume": 0.08854248773157428,
        "fat_volume": 0,
        "melanin_volume": 0,
        "collagen_volume": 0.801809320931786,
        "n": 1.4,
        "g": 0.9,
        "muspx": 30.399178957456698,
        "bmie": 3.704366468399034
    },
    "IJV": {
        "blood_volume_fraction": 1.0,
        "ScvO2": 0.1668675315850446,
        "water_volume": 0,
        "fat_volume": 0,
        "melanin_volume": 0,
        "collagen_volume": 0,
        "n": 1.4,
        "g": 0.9,
        "muspx": 0.6091785717606689,
        "bmie": 1.239928000897313
    },
    "CCA": {
        "blood_volume_fraction": 1.0,
        "ScvO2": 1.0,
        "water_volume": 0,
        "fat_volume": 0,
        "melanin_volume": 0,
        "collagen_volume": 0,
        "n": 1.4,
        "g": 0.94,
        "muspx": 0.23836103556741847,
        "bmie": 0.14021889693003328
    },
    "geometry": [
        2,
        2.25,
        5.21,
        13,
        6,
        16,
        3
    ],
    "spec_rmsp": 14.149618941422611,
    "absorb_rmsp": 92.26182352036422
}