{
    "skin": {
        "blood_volume_fraction": 0.026309467507934347,
        "ScvO2": 0.37488190658640685,
        "water_volume": 0.472216266920303,
        "fat_volume": 0.21466277095663888,
        "melanin_volume": 0.28681149461512373,
        "collagen_volume": 0,
        "n": 1.4,
        "g": 0.71,
        "muspx": 47.40881424706054,
        "bmie": 2.568612377223782
    },
    "fat": {
        "blood_volume_fraction": 0.06506952931094,
        "ScvO2": 0.024735790148961084,
        "water_volume": 0,
        "fat_volume": 0.93493047068906,
        "melanin_volume": 0,
        "collagen_volume": 0,
        "n": 1.4,
        "g": 0.9,
        "muspx": 14.778170645809006,
        "bmie": 1.2784872755013075
    },
    "muscle": {
        "blood_volume_fraction": 0.11210765821638637,
        "ScvO2": 0.9527142945203081,
        "water_volume": 0.09113088340735002,
        "fat_volume": 0,
        "melanin_volume": 0,
        "collagen_volume": 0.7967614583762636,
        "n": 1.4,
        "g": 0.9,
        "muspx": 39.3060221043187,
        "bmie": 3.8092286968720384
    },
    "IJV": {
        "blood_volume_fraction": 1.0,
        "ScvO2": 0.11033511605240026,
        "water_volume": 0,
        "fat_volume": 0,
        "melanin_volume": 0,
        "collagen_volume": 0,
        "n": 1.4,
        "g": 0.9,
        "muspx": 0.5144912051313948,
        "bmie": 1.3966445487931525
    },
    "CCA": {
        "blood_volume_fraction": 1.0,
        "ScvO2": 0.8639573402985375,
        "water_volume": 0,
        "fat_volume": 0,
        "melanin_volume": 0,
        "collagen_volume": 0,
        "n": 1.4,
        "g": 0.94,
        "muspx": 0.0867860235922284,
        "bmie": 0.6994165820904484
    },
    "geometry": [
        2,
        2.25,
        5.21,
        13,
        6,
        16,
        3
    ],
    "spec_rmsp": 9.547438204640512,
    "absorb_rmsp": 74.48119083689195
}