{
    "skin": {
        "blood_volume_fraction": 0.02510322683590268,
        "ScvO2": 0.35804379324359176,
        "water_volume": 0.46324208298776515,
        "fat_volume": 0.18922035230903544,
        "melanin_volume": 0.32243433786729675,
        "collagen_volume": 0,
        "n": 1.4,
        "g": 0.71,
        "muspx": 43.16221001501491,
        "bmie": 2.3613822722880755
    },
    "fat": {
        "blood_volume_fraction": 0.06409648500005106,
        "ScvO2": 0.025173415254202875,
        "water_volume": 0,
        "fat_volume": 0.935903514999949,
        "melanin_volume": 0,
        "collagen_volume": 0,
        "n": 1.4,
        "g": 0.9,
        "muspx": 13.988858094428025,
        "bmie": 1.4948373564080986
    },
    "muscle": {
        "blood_volume_fraction": 0.16481747814089276,
        "ScvO2": 0.9231929400270877,
        "water_volume": 0.0910450727116257,
        "fat_volume": 0,
        "melanin_volume": 0,
        "collagen_volume": 0.7441374491474816,
        "n": 1.4,
        "g": 0.9,
        "muspx": 40.02801752275374,
        "bmie": 3.749289942833071
    },
    "IJV": {
        "blood_volume_fraction": 1.0,
        "ScvO2": 0.0899061056732325,
        "water_volume": 0,
        "fat_volume": 0,
        "melanin_volume": 0,
        "collagen_volume": 0,
        "n": 1.4,
        "g": 0.9,
        "muspx": 0.4545244532820414,
        "bmie": 1.179948361339372
    },
    "CCA": {
        "blood_volume_fraction": 1.0,
        "ScvO2": 0.7501210770236683,
        "water_volume": 0,
        "fat_volume": 0,
        "melanin_volume": 0,
        "collagen_volume": 0,
        "n": 1.4,
        "g": 0.94,
        "muspx": 0.13284362401437594,
        "bmie": 0.8554237000451004
    },
    "geometry": [
        2,
        2.25,
        5.21,
        13,
        6,
        16,
        3
    ],
    "spec_rmsp": 10.105332558989923,
    "absorb_rmsp": 74.00873899612354
}