{
    "skin": {
        "blood_volume_fraction": 0.41276435472197287,
        "ScvO2": 0.558834915418489,
        "water_volume": 0.4784253912664313,
        "fat_volume": 0.0,
        "melanin_volume": 0.1781092380057344,
        "collagen_volume": 0,
        "n": 1.4,
        "g": 0.71,
        "muspx": 43.92688610565371,
        "bmie": 1.4554930933409456
    },
    "fat": {
        "blood_volume_fraction": 0.0,
        "ScvO2": 0.0,
        "water_volume": 0,
        "fat_volume": 1.0,
        "melanin_volume": 0,
        "collagen_volume": 0,
        "n": 1.4,
        "g": 0.9,
        "muspx": 12.666775969874893,
        "bmie": 0.3716953722013494
    },
    "muscle": {
        "blood_volume_fraction": 0.07891589727705803,
        "ScvO2": 0.37043951093802,
        "water_volume": 0.10381384242070718,
        "fat_volume": 0,
        "melanin_volume": 0,
        "collagen_volume": 0.8172702603022348,
        "n": 1.4,
        "g": 0.9,
        "muspx": 10.986610407156666,
        "bmie": 2.7295695388096144
    },
    "IJV": {
        "blood_volume_fraction": 1.0,
        "ScvO2": 0.6310855068730209,
        "water_volume": 0,
        "fat_volume": 0,
        "melanin_volume": 0,
        "collagen_volume": 0,
        "n": 1.4,
        "g": 0.9,
        "muspx": 0.0,
        "bmie": 1.0
    },
    "CCA": {
        "blood_volume_fraction": 1.0,
        "ScvO2": 0.9250867148530278,
        "water_volume": 0,
        "fat_volume": 0,
        "melanin_volume": 0,
        "collagen_volume": 0,
        "n": 1.4,
        "g": 0.94,
        "muspx": 0.2750755688702665,
        "bmie": 1.0
    },
    "geometry": [
        2,
        2.25,
        5.21,
        13,
        6,
        16,
        3
    ],
    "spec_rmsp": 24.844258261230706,
    "absorb_rmsp": 76.2689800970852
}