{
    "skin": {
        "blood_volume_fraction": 0.07717907809414945,
        "ScvO2": 0.17268754849827178,
        "water_volume": 0.49177200627228523,
        "fat_volume": 0.21473171686233272,
        "melanin_volume": 0.21631719877123257,
        "collagen_volume": 0,
        "n": 1.4,
        "g": 0.71,
        "muspx": 46.48092842536956,
        "bmie": 2.096520459182793
    },
    "fat": {
        "blood_volume_fraction": 0.07340640346821667,
        "ScvO2": 0.0,
        "water_volume": 0,
        "fat_volume": 0.9265935965317833,
        "melanin_volume": 0,
        "collagen_volume": 0,
        "n": 1.4,
        "g": 0.9,
        "muspx": 13.956819998933335,
        "bmie": 1.1171884511191914
    },
    "muscle": {
        "blood_volume_fraction": 0.04609223927775671,
        "ScvO2": 0.9997850287341329,
        "water_volume": 0.09240889026395246,
        "fat_volume": 0,
        "melanin_volume": 0,
        "collagen_volume": 0.8614988704582908,
        "n": 1.4,
        "g": 0.9,
        "muspx": 38.897614973730974,
        "bmie": 3.46897188257585
    },
    "IJV": {
        "blood_volume_fraction": 1.0,
        "ScvO2": 0.10498437822339335,
        "water_volume": 0,
        "fat_volume": 0,
        "melanin_volume": 0,
        "collagen_volume": 0,
        "n": 1.4,
        "g": 0.9,
        "muspx": 0.6531392062350103,
        "bmie": 1.55727107775649
    },
    "CCA": {
        "blood_volume_fraction": 1.0,
        "ScvO2": 0.955797317202796,
        "water_volume": 0,
        "fat_volume": 0,
        "melanin_volume": 0,
        "collagen_volume": 0,
        "n": 1.4,
        "g": 0.94,
        "muspx": 0.0375084803171742,
        "bmie": 0.6983912105180118
    },
    "geometry": [
        2,
        2.25,
        5.21,
        13,
        6,
        16,
        3
    ],
    "spec_rmsp": 9.049998421293678,
    "absorb_rmsp": 73.17965503395612
}