{
    "skin": {
        "blood_volume_fraction": 0.09670329934826732,
        "ScvO2": 0.7129553460894333,
        "water_volume": 0.5563789235864882,
        "fat_volume": 0.4773325870768862,
        "melanin_volume": 0.03908176731975342,
        "collagen_volume": 0,
        "n": 1.4,
        "g": 0.71,
        "muspx": 38.32927563694118,
        "bmie": 2.192227585992532
    },
    "fat": {
        "blood_volume_fraction": 0.026093420895611872,
        "ScvO2": 0.12004255154834226,
        "water_volume": 0,
        "fat_volume": 0.9760367707306633,
        "melanin_volume": 0,
        "collagen_volume": 0,
        "n": 1.4,
        "g": 0.9,
        "muspx": 39.58901220961846,
        "bmie": 0.8026014609349736
    },
    "muscle": {
        "blood_volume_fraction": 0.07014772346948306,
        "ScvO2": 0.09051230519784106,
        "water_volume": 0.8612252945008814,
        "fat_volume": 0,
        "melanin_volume": 0,
        "collagen_volume": 0.11936219302499075,
        "n": 1.4,
        "g": 0.9,
        "muspx": 12.112936762860082,
        "bmie": 0.627596855552483
    },
    "IJV": {
        "blood_volume_fraction": 1.0,
        "ScvO2": 0.5295179806855839,
        "water_volume": 0,
        "fat_volume": 0,
        "melanin_volume": 0,
        "collagen_volume": 0,
        "n": 1.4,
        "g": 0.9,
        "muspx": 1.00416624700846,
        "bmie": 1.0
    },
    "CCA": {
        "blood_volume_fraction": 1.0,
        "ScvO2": 0.8870802684809662,
        "water_volume": 0,
        "fat_volume": 0,
        "melanin_volume": 0,
        "collagen_volume": 0,
        "n": 1.4,
        "g": 0.94,
        "muspx": 0.6521788031760186,
        "bmie": 1.0
    },
    "geometry": [
        1.27,
        1.0,
        7.71,
        14.95,
        3.53,
        23.86,
        7.68
    ],
    "spec_rmsp": 4.073354283894916,
    "absorb_rmsp": 93.6050669103262
}