{
    "skin": {
        "blood_volume_fraction": 0.09250093298901899,
        "ScvO2": 0.7273082335931876,
        "water_volume": 0.6194120414243407,
        "fat_volume": 0.5403972850139949,
        "melanin_volume": 0.03906944694677285,
        "collagen_volume": 0,
        "n": 1.4,
        "g": 0.71,
        "muspx": 38.88513563165594,
        "bmie": 2.2828570862088133
    },
    "fat": {
        "blood_volume_fraction": 0.03266432873234036,
        "ScvO2": 0.17997660477791574,
        "water_volume": 0,
        "fat_volume": 0.9732293581317258,
        "melanin_volume": 0,
        "collagen_volume": 0,
        "n": 1.4,
        "g": 0.9,
        "muspx": 39.03241680783787,
        "bmie": 0.7724580392522787
    },
    "muscle": {
        "blood_volume_fraction": 0.0699302218584109,
        "ScvO2": 0.10762721284240528,
        "water_volume": 0.7614166513714137,
        "fat_volume": 0,
        "melanin_volume": 0,
        "collagen_volume": 0.14598161706757096,
        "n": 1.4,
        "g": 0.9,
        "muspx": 12.144583096104183,
        "bmie": 0.6707137219274024
    },
    "IJV": {
        "blood_volume_fraction": 1.0,
        "ScvO2": 0.5334608031968547,
        "water_volume": 0,
        "fat_volume": 0,
        "melanin_volume": 0,
        "collagen_volume": 0,
        "n": 1.4,
        "g": 0.9,
        "muspx": 0.7628397690581827,
        "bmie": 1.0
    },
    "CCA": {
        "blood_volume_fraction": 1.0,
        "ScvO2": 0.8813637867522405,
        "water_volume": 0,
        "fat_volume": 0,
        "melanin_volume": 0,
        "collagen_volume": 0,
        "n": 1.4,
        "g": 0.94,
        "muspx": 0.6453211783215935,
        "bmie": 1.0
    },
    "geometry": [
        1.27,
        1.0,
        7.71,
        14.95,
        3.53,
        23.86,
        7.68
    ],
    "spec_rmsp": 4.40411916812034,
    "absorb_rmsp": 92.3240501511235
}