{
    "skin": {
        "blood_volume_fraction": 0.04508880814430203,
        "ScvO2": 0.7528540100162773,
        "water_volume": 0.0,
        "fat_volume": 0.9498601708227304,
        "melanin_volume": 0.2406568188807215,
        "collagen_volume": 0,
        "n": 1.4,
        "g": 0.71,
        "muspx": 54.36733324144506,
        "bmie": 1.2386655013283276
    },
    "fat": {
        "blood_volume_fraction": 0.044503002712768844,
        "ScvO2": 0.08942100862199442,
        "water_volume": 0,
        "fat_volume": 0.9554969972872311,
        "melanin_volume": 0,
        "collagen_volume": 0,
        "n": 1.4,
        "g": 0.9,
        "muspx": 22.77596869018675,
        "bmie": 0.6709564415260844
    },
    "muscle": {
        "blood_volume_fraction": 0.03149497463111443,
        "ScvO2": 0.3955478490408717,
        "water_volume": 0.09837165965431252,
        "fat_volume": 0,
        "melanin_volume": 0,
        "collagen_volume": 0.9096943356740065,
        "n": 1.4,
        "g": 0.9,
        "muspx": 9.708276616343628,
        "bmie": 2.529099529281528
    },
    "IJV": {
        "blood_volume_fraction": 1.0,
        "ScvO2": 0.0,
        "water_volume": 0,
        "fat_volume": 0,
        "melanin_volume": 0,
        "collagen_volume": 0,
        "n": 1.4,
        "g": 0.9,
        "muspx": 0.9796024077467566,
        "bmie": 1.0
    },
    "CCA": {
        "blood_volume_fraction": 1.0,
        "ScvO2": 0.9635001895623381,
        "water_volume": 0,
        "fat_volume": 0,
        "melanin_volume": 0,
        "collagen_volume": 0,
        "n": 1.4,
        "g": 0.94,
        "muspx": 0.0,
        "bmie": 1.0
    },
    "geometry": [
        2,
        2.25,
        5.21,
        13,
        6,
        16,
        3
    ],
    "spec_rmsp": 12.776570283169299,
    "absorb_rmsp": 31.606366703907614
}