{
    "skin": {
        "blood_volume_fraction": 0.025144887071117537,
        "ScvO2": 1.0,
        "water_volume": 0.45677911343081806,
        "fat_volume": 0.044980042696182006,
        "melanin_volume": 0.4730959568018824,
        "collagen_volume": 0,
        "n": 1.4,
        "g": 0.71,
        "muspx": 99.94770574961038,
        "bmie": 0.8477710591889012
    },
    "fat": {
        "blood_volume_fraction": 0.23061952277079983,
        "ScvO2": 0.0006303321631926551,
        "water_volume": 0,
        "fat_volume": 0.7693804772292002,
        "melanin_volume": 0,
        "collagen_volume": 0,
        "n": 1.4,
        "g": 0.9,
        "muspx": 57.55319231988361,
        "bmie": 4.667690151912046
    },
    "muscle": {
        "blood_volume_fraction": 0.04229137011670313,
        "ScvO2": 0.7068500860178651,
        "water_volume": 0.09850500280717728,
        "fat_volume": 0,
        "melanin_volume": 0,
        "collagen_volume": 0.8592036270761196,
        "n": 1.4,
        "g": 0.9,
        "muspx": 10.761355531327514,
        "bmie": 4.024278243000074
    },
    "IJV": {
        "blood_volume_fraction": 1.0,
        "ScvO2": 0.09790142014444661,
        "water_volume": 0,
        "fat_volume": 0,
        "melanin_volume": 0,
        "collagen_volume": 0,
        "n": 1.4,
        "g": 0.9,
        "muspx": 2.8177341390249837,
        "bmie": 0.0
    },
    "CCA": {
        "blood_volume_fraction": 1.0,
        "ScvO2": 0.9999892868266964,
        "water_volume": 0,
        "fat_volume": 0,
        "melanin_volume": 0,
        "collagen_volume": 0,
        "n": 1.4,
        "g": 0.94,
        "muspx": 0.0,
        "bmie": 1.825355484450727
    },
    "geometry": [
        2,
        2.25,
        5.21,
        13,
        6,
        16,
        3
    ],
    "spec_rmsp": 6.5923464484756895,
    "absorb_rmsp": 23.961720231833905
}