{
    "skin": {
        "blood_volume_fraction": 0.010208482955199766,
        "ScvO2": 0.1552939947499623,
        "water_volume": 0.4723955102461599,
        "fat_volume": 0.005976477618691965,
        "melanin_volume": 0.5114195291799484,
        "collagen_volume": 0,
        "n": 1.4,
        "g": 0.71,
        "muspx": 99.87125907408688,
        "bmie": 1.814387682549286
    },
    "fat": {
        "blood_volume_fraction": 0.009687624638092862,
        "ScvO2": 0.00351630450444078,
        "water_volume": 0,
        "fat_volume": 0.9903123753619071,
        "melanin_volume": 0,
        "collagen_volume": 0,
        "n": 1.4,
        "g": 0.9,
        "muspx": 40.58239296373786,
        "bmie": 4.363380359363367
    },
    "muscle": {
        "blood_volume_fraction": 0.07884901693885425,
        "ScvO2": 0.5307368755495356,
        "water_volume": 0.09664652720764058,
        "fat_volume": 0,
        "melanin_volume": 0,
        "collagen_volume": 0.8245044558535053,
        "n": 1.4,
        "g": 0.9,
        "muspx": 14.114579952540605,
        "bmie": 2.708923543346677
    },
    "IJV": {
        "blood_volume_fraction": 1.0,
        "ScvO2": 0.10681680321322964,
        "water_volume": 0,
        "fat_volume": 0,
        "melanin_volume": 0,
        "collagen_volume": 0,
        "n": 1.4,
        "g": 0.9,
        "muspx": 2.010796944368272,
        "bmie": 0.9476792142051298
    },
    "CCA": {
        "blood_volume_fraction": 1.0,
        "ScvO2": 0.9999846568984617,
        "water_volume": 0,
        "fat_volume": 0,
        "melanin_volume": 0,
        "collagen_volume": 0,
        "n": 1.4,
        "g": 0.94,
        "muspx": 0.0010804971918060959,
        "bmie": 0.8563681730972772
    },
    "geometry": [
        2,
        2.25,
        5.21,
        13,
        6,
        16,
        3
    ],
    "spec_rmsp": 7.727468041522813,
    "absorb_rmsp": 66.99689302465342
}