{
    "skin": {
        "blood_volume_fraction": 0.08362928327380685,
        "ScvO2": 0.0,
        "water_volume": 0.4767192577873412,
        "fat_volume": 0.03153275735096802,
        "melanin_volume": 0.40811870158788394,
        "collagen_volume": 0,
        "n": 1.4,
        "g": 0.71,
        "muspx": 99.78449383184066,
        "bmie": 1.8862701520353498
    },
    "fat": {
        "blood_volume_fraction": 0.05598786852758153,
        "ScvO2": 0.006836200166231005,
        "water_volume": 0,
        "fat_volume": 0.9440121314724184,
        "melanin_volume": 0,
        "collagen_volume": 0,
        "n": 1.4,
        "g": 0.9,
        "muspx": 36.53120511283787,
        "bmie": 4.483514680912502
    },
    "muscle": {
        "blood_volume_fraction": 0.10606601940645993,
        "ScvO2": 0.6967420092844515,
        "water_volume": 0.09698799080690099,
        "fat_volume": 0,
        "melanin_volume": 0,
        "collagen_volume": 0.7969459897866391,
        "n": 1.4,
        "g": 0.9,
        "muspx": 12.568549828757027,
        "bmie": 2.5949448272888076
    },
    "IJV": {
        "blood_volume_fraction": 1.0,
        "ScvO2": 0.10757049488442041,
        "water_volume": 0,
        "fat_volume": 0,
        "melanin_volume": 0,
        "collagen_volume": 0,
        "n": 1.4,
        "g": 0.9,
        "muspx": 0.7806211846885689,
        "bmie": 1.033166749059291
    },
    "CCA": {
        "blood_volume_fraction": 1.0,
        "ScvO2": 0.9951029361973603,
        "water_volume": 0,
        "fat_volume": 0,
        "melanin_volume": 0,
        "collagen_volume": 0,
        "n": 1.4,
        "g": 0.94,
        "muspx": 0.0,
        "bmie": 0.66739892028099
    },
    "geometry": [
        2,
        2.25,
        5.21,
        13,
        6,
        16,
        3
    ],
    "spec_rmsp": 8.060976191092271,
    "absorb_rmsp": 70.7148286819546
}