{
    "skin": {
        "blood_volume_fraction": 0.09708007897174473,
        "ScvO2": 0.3290147406636017,
        "water_volume": 0.47526807161609724,
        "fat_volume": 0.0645419444744521,
        "melanin_volume": 0.363109904937706,
        "collagen_volume": 0,
        "n": 1.4,
        "g": 0.71,
        "muspx": 91.92255522164129,
        "bmie": 2.0502099621765244
    },
    "fat": {
        "blood_volume_fraction": 0.06934818447306437,
        "ScvO2": 0.019332576954601405,
        "water_volume": 0,
        "fat_volume": 0.9306518155269357,
        "melanin_volume": 0,
        "collagen_volume": 0,
        "n": 1.4,
        "g": 0.9,
        "muspx": 30.69494455304168,
        "bmie": 3.3985817800668423
    },
    "muscle": {
        "blood_volume_fraction": 0.10880164957020799,
        "ScvO2": 0.2647465009660595,
        "water_volume": 0.09455742114577761,
        "fat_volume": 0,
        "melanin_volume": 0,
        "collagen_volume": 0.7966409292840144,
        "n": 1.4,
        "g": 0.9,
        "muspx": 12.811427518764768,
        "bmie": 2.566026813654279
    },
    "IJV": {
        "blood_volume_fraction": 1.0,
        "ScvO2": 0.09703121611030605,
        "water_volume": 0,
        "fat_volume": 0,
        "melanin_volume": 0,
        "collagen_volume": 0,
        "n": 1.4,
        "g": 0.9,
        "muspx": 0.5321325804750463,
        "bmie": 1.0313268878083697
    },
    "CCA": {
        "blood_volume_fraction": 1.0,
        "ScvO2": 0.9908435683243748,
        "water_volume": 0,
        "fat_volume": 0,
        "melanin_volume": 0,
        "collagen_volume": 0,
        "n": 1.4,
        "g": 0.94,
        "muspx": 0.0,
        "bmie": 0.8784952825871338
    },
    "geometry": [
        2,
        2.25,
        5.21,
        13,
        6,
        16,
        3
    ],
    "spec_rmsp": 8.614882794793283,
    "absorb_rmsp": 72.68284339566446
}