{
    "skin": {
        "blood_volume_fraction": 0.12282330229409477,
        "ScvO2": 0.5426071436468987,
        "water_volume": 0.5022343194597804,
        "fat_volume": 0.04900223388182258,
        "melanin_volume": 0.3259401443643023,
        "collagen_volume": 0,
        "n": 1.4,
        "g": 0.71,
        "muspx": 69.9523255629004,
        "bmie": 2.2481563014588986
    },
    "fat": {
        "blood_volume_fraction": 0.11361018372332654,
        "ScvO2": 0.04050229024140972,
        "water_volume": 0,
        "fat_volume": 0.8863898162766735,
        "melanin_volume": 0,
        "collagen_volume": 0,
        "n": 1.4,
        "g": 0.9,
        "muspx": 31.29730906117221,
        "bmie": 1.7937206018446328
    },
    "muscle": {
        "blood_volume_fraction": 0.059352396506981174,
        "ScvO2": 0.3220465798024576,
        "water_volume": 0.08955355357728761,
        "fat_volume": 0,
        "melanin_volume": 0,
        "collagen_volume": 0.8510940499157311,
        "n": 1.4,
        "g": 0.9,
        "muspx": 13.804043197267585,
        "bmie": 2.650554945722324
    },
    "IJV": {
        "blood_volume_fraction": 1.0,
        "ScvO2": 0.19382502702959709,
        "water_volume": 0,
        "fat_volume": 0,
        "melanin_volume": 0,
        "collagen_volume": 0,
        "n": 1.4,
        "g": 0.9,
        "muspx": 0.6572138221704398,
        "bmie": 0.9809808865142234
    },
    "CCA": {
        "blood_volume_fraction": 1.0,
        "ScvO2": 0.980890213177293,
        "water_volume": 0,
        "fat_volume": 0,
        "melanin_volume": 0,
        "collagen_volume": 0,
        "n": 1.4,
        "g": 0.94,
        "muspx": 0.15928470710910356,
        "bmie": 0.9837170765981136
    },
    "geometry": [
        2,
        2.25,
        5.21,
        13,
        6,
        16,
        3
    ],
    "spec_rmsp": 15.054381734521133,
    "absorb_rmsp": 84.2484998034956
}