{
    "skin": {
        "blood_volume_fraction": 0.14510426129562137,
        "ScvO2": 0.2143719854318552,
        "water_volume": 0.5142670752831344,
        "fat_volume": 0.0,
        "melanin_volume": 0.36574588263586016,
        "collagen_volume": 0,
        "n": 1.4,
        "g": 0.71,
        "muspx": 68.41938979882107,
        "bmie": 2.222590265130258
    },
    "fat": {
        "blood_volume_fraction": 0.10527797874434122,
        "ScvO2": 0.01752778341582905,
        "water_volume": 0,
        "fat_volume": 0.8947220212556588,
        "melanin_volume": 0,
        "collagen_volume": 0,
        "n": 1.4,
        "g": 0.9,
        "muspx": 46.3886133199857,
        "bmie": 3.119084592702471
    },
    "muscle": {
        "blood_volume_fraction": 0.016454623228657317,
        "ScvO2": 0.0,
        "water_volume": 0.09327957424457073,
        "fat_volume": 0,
        "melanin_volume": 0,
        "collagen_volume": 0.8902658025267719,
        "n": 1.4,
        "g": 0.9,
        "muspx": 17.191873019008984,
        "bmie": 2.5357169671957274
    },
    "IJV": {
        "blood_volume_fraction": 1.0,
        "ScvO2": 0.16614363803752102,
        "water_volume": 0,
        "fat_volume": 0,
        "melanin_volume": 0,
        "collagen_volume": 0,
        "n": 1.4,
        "g": 0.9,
        "muspx": 1.2708767620171821,
        "bmie": 0.9719700889531311
    },
    "CCA": {
        "blood_volume_fraction": 1.0,
        "ScvO2": 1.0,
        "water_volume": 0,
        "fat_volume": 0,
        "melanin_volume": 0,
        "collagen_volume": 0,
        "n": 1.4,
        "g": 0.94,
        "muspx": 0.0,
        "bmie": 1.008153553860019
    },
    "geometry": [
        2,
        2.25,
        5.21,
        13,
        6,
        16,
        3
    ],
    "spec_rmsp": 9.368960226535265,
    "absorb_rmsp": 75.13814240759905
}