{
    "skin": {
        "blood_volume_fraction": 0.10146508838939897,
        "ScvO2": 0.4064496394195823,
        "water_volume": 0.4736862949183223,
        "fat_volume": 0.08915936012149314,
        "melanin_volume": 0.33568925657078563,
        "collagen_volume": 0,
        "n": 1.4,
        "g": 0.71,
        "muspx": 93.67062836603634,
        "bmie": 2.0281755061956215
    },
    "fat": {
        "blood_volume_fraction": 0.062438508327168234,
        "ScvO2": 0.01758300538105268,
        "water_volume": 0,
        "fat_volume": 0.9375614916728319,
        "melanin_volume": 0,
        "collagen_volume": 0,
        "n": 1.4,
        "g": 0.9,
        "muspx": 30.467843806604638,
        "bmie": 3.553398435379771
    },
    "muscle": {
        "blood_volume_fraction": 0.10289454689170731,
        "ScvO2": 0.3397226763499128,
        "water_volume": 0.0947513579617528,
        "fat_volume": 0,
        "melanin_volume": 0,
        "collagen_volume": 0.80235409514654,
        "n": 1.4,
        "g": 0.9,
        "muspx": 12.863889194783305,
        "bmie": 2.563949489475154
    },
    "IJV": {
        "blood_volume_fraction": 1.0,
        "ScvO2": 0.09728617372547575,
        "water_volume": 0,
        "fat_volume": 0,
        "melanin_volume": 0,
        "collagen_volume": 0,
        "n": 1.4,
        "g": 0.9,
        "muspx": 0.45877919254627686,
        "bmie": 1.0354040780556166
    },
    "CCA": {
        "blood_volume_fraction": 1.0,
        "ScvO2": 0.9760704844413397,
        "water_volume": 0,
        "fat_volume": 0,
        "melanin_volume": 0,
        "collagen_volume": 0,
        "n": 1.4,
        "g": 0.94,
        "muspx": 0.0025080988361944664,
        "bmie": 0.885694505956902
    },
    "geometry": [
        2,
        2.25,
        5.21,
        13,
        6,
        16,
        3
    ],
    "spec_rmsp": 8.431740116431246,
    "absorb_rmsp": 71.88447070579781
}