{
    "skin": {
        "blood_volume_fraction": 0.025191018620731438,
        "ScvO2": 0.9227696758198851,
        "water_volume": 0.4589120606835957,
        "fat_volume": 0.04311095289021551,
        "melanin_volume": 0.4727859678054574,
        "collagen_volume": 0,
        "n": 1.4,
        "g": 0.71,
        "muspx": 99.93751614595243,
        "bmie": 0.717949867098088
    },
    "fat": {
        "blood_volume_fraction": 0.1276991273903785,
        "ScvO2": 0.0008401056578019913,
        "water_volume": 0,
        "fat_volume": 0.8723008726096215,
        "melanin_volume": 0,
        "collagen_volume": 0,
        "n": 1.4,
        "g": 0.9,
        "muspx": 60.541090792061226,
        "bmie": 4.623217367094965
    },
    "muscle": {
        "blood_volume_fraction": 0.030743629945671397,
        "ScvO2": 0.4003205571142295,
        "water_volume": 0.09743436230036448,
        "fat_volume": 0,
        "melanin_volume": 0,
        "collagen_volume": 0.8718220077539641,
        "n": 1.4,
        "g": 0.9,
        "muspx": 10.973068762611916,
        "bmie": 4.192237361851253
    },
    "IJV": {
        "blood_volume_fraction": 1.0,
        "ScvO2": 0.09120022681016396,
        "water_volume": 0,
        "fat_volume": 0,
        "melanin_volume": 0,
        "collagen_volume": 0,
        "n": 1.4,
        "g": 0.9,
        "muspx": 2.807193874283439,
        "bmie": 0.061311871677087966
    },
    "CCA": {
        "blood_volume_fraction": 1.0,
        "ScvO2": 0.9999956058667963,
        "water_volume": 0,
        "fat_volume": 0,
        "melanin_volume": 0,
        "collagen_volume": 0,
        "n": 1.4,
        "g": 0.94,
        "muspx": 0.0006304579876103572,
        "bmie": 1.7231572000719255
    },
    "geometry": [
        2,
        2.25,
        5.21,
        13,
        6,
        16,
        3
    ],
    "spec_rmsp": 6.388388570931863,
    "absorb_rmsp": 18.45205911882046
}