{
    "skin": {
        "blood_volume_fraction": 0.0,
        "ScvO2": 0.21210456337233105,
        "water_volume": 0.4755916544774071,
        "fat_volume": 0.007028332735857169,
        "melanin_volume": 0.5259759935607266,
        "collagen_volume": 0,
        "n": 1.4,
        "g": 0.71,
        "muspx": 99.8326624138531,
        "bmie": 1.8232980298862826
    },
    "fat": {
        "blood_volume_fraction": 0.016824183654935976,
        "ScvO2": 0.003073877631831685,
        "water_volume": 0,
        "fat_volume": 0.983175816345064,
        "melanin_volume": 0,
        "collagen_volume": 0,
        "n": 1.4,
        "g": 0.9,
        "muspx": 39.790164887587615,
        "bmie": 4.357921840444985
    },
    "muscle": {
        "blood_volume_fraction": 0.07017956418353834,
        "ScvO2": 0.5289088272755538,
        "water_volume": 0.09721388211145242,
        "fat_volume": 0,
        "melanin_volume": 0,
        "collagen_volume": 0.8326065537050091,
        "n": 1.4,
        "g": 0.9,
        "muspx": 14.52162596964492,
        "bmie": 2.7439750248999637
    },
    "IJV": {
        "blood_volume_fraction": 1.0,
        "ScvO2": 0.10748352941392778,
        "water_volume": 0,
        "fat_volume": 0,
        "melanin_volume": 0,
        "collagen_volume": 0,
        "n": 1.4,
        "g": 0.9,
        "muspx": 2.1879938735296456,
        "bmie": 0.8882647477011338
    },
    "CCA": {
        "blood_volume_fraction": 1.0,
        "ScvO2": 1.0,
        "water_volume": 0,
        "fat_volume": 0,
        "melanin_volume": 0,
        "collagen_volume": 0,
        "n": 1.4,
        "g": 0.94,
        "muspx": 0.0007975924159405954,
        "bmie": 0.7860109043913659
    },
    "geometry": [
        2,
        2.25,
        5.21,
        13,
        6,
        16,
        3
    ],
    "spec_rmsp": 7.561686217347571,
    "absorb_rmsp": 66.82276571108751
}