{
    "skin": {
        "blood_volume_fraction": 0.06970742167981227,
        "ScvO2": 0.9064252826575742,
        "water_volume": 0.4510016994744563,
        "fat_volume": 0.03513564866002478,
        "melanin_volume": 0.44415523018570674,
        "collagen_volume": 0,
        "n": 1.4,
        "g": 0.71,
        "muspx": 99.51050475012627,
        "bmie": 1.083040536279215
    },
    "fat": {
        "blood_volume_fraction": 0.14843774470498042,
        "ScvO2": 0.0004439080658712456,
        "water_volume": 0,
        "fat_volume": 0.8515622552950196,
        "melanin_volume": 0,
        "collagen_volume": 0,
        "n": 1.4,
        "g": 0.9,
        "muspx": 57.06827773757786,
        "bmie": 4.536159154180787
    },
    "muscle": {
        "blood_volume_fraction": 0.0,
        "ScvO2": 0.8015212994751074,
        "water_volume": 0.09968904930650037,
        "fat_volume": 0,
        "melanin_volume": 0,
        "collagen_volume": 0.9308839014652298,
        "n": 1.4,
        "g": 0.9,
        "muspx": 9.785924175220854,
        "bmie": 3.937273157525308
    },
    "IJV": {
        "blood_volume_fraction": 1.0,
        "ScvO2": 0.1022697916163061,
        "water_volume": 0,
        "fat_volume": 0,
        "melanin_volume": 0,
        "collagen_volume": 0,
        "n": 1.4,
        "g": 0.9,
        "muspx": 2.992867535599472,
        "bmie": 0.0
    },
    "CCA": {
        "blood_volume_fraction": 1.0,
        "ScvO2": 0.9999953431407003,
        "water_volume": 0,
        "fat_volume": 0,
        "melanin_volume": 0,
        "collagen_volume": 0,
        "n": 1.4,
        "g": 0.94,
        "muspx": 0.010532496723886103,
        "bmie": 2.426827114088274
    },
    "geometry": [
        2,
        2.25,
        5.21,
        13,
        6,
        16,
        3
    ],
    "spec_rmsp": 6.860560161350974,
    "absorb_rmsp": 32.425456230218124
}