{
    "skin": {
        "blood_volume_fraction": 0.08548121183162499,
        "ScvO2": 0.056694019228026,
        "water_volume": 0.4757192742966301,
        "fat_volume": 0.005740895590946902,
        "melanin_volume": 0.43305861828079806,
        "collagen_volume": 0,
        "n": 1.4,
        "g": 0.71,
        "muspx": 99.98763680719665,
        "bmie": 1.9763616569203974
    },
    "fat": {
        "blood_volume_fraction": 0.05531128132694152,
        "ScvO2": 0.009966030053220313,
        "water_volume": 0,
        "fat_volume": 0.9446887186730586,
        "melanin_volume": 0,
        "collagen_volume": 0,
        "n": 1.4,
        "g": 0.9,
        "muspx": 34.261465136502885,
        "bmie": 4.189253256948723
    },
    "muscle": {
        "blood_volume_fraction": 0.09612447352771182,
        "ScvO2": 0.5902710984501737,
        "water_volume": 0.09662899902726,
        "fat_volume": 0,
        "melanin_volume": 0,
        "collagen_volume": 0.8072465274450282,
        "n": 1.4,
        "g": 0.9,
        "muspx": 12.254837808581405,
        "bmie": 2.5485444534204276
    },
    "IJV": {
        "blood_volume_fraction": 1.0,
        "ScvO2": 0.1058734015105332,
        "water_volume": 0,
        "fat_volume": 0,
        "melanin_volume": 0,
        "collagen_volume": 0,
        "n": 1.4,
        "g": 0.9,
        "muspx": 0.7308469656155143,
        "bmie": 1.0353829079104777
    },
    "CCA": {
        "blood_volume_fraction": 1.0,
        "ScvO2": 1.0,
        "water_volume": 0,
        "fat_volume": 0,
        "melanin_volume": 0,
        "collagen_volume": 0,
        "n": 1.4,
        "g": 0.94,
        "muspx": 0.0,
        "bmie": 0.7415994454708856
    },
    "geometry": [
        2,
        2.25,
        5.21,
        13,
        6,
        16,
        3
    ],
    "spec_rmsp": 8.164511412682671,
    "absorb_rmsp": 71.8426604534555
}