{
    "skin": {
        "blood_volume_fraction": 0.13574210127233965,
        "ScvO2": 0.6540095069364437,
        "water_volume": 0.4742558364899048,
        "fat_volume": 0.09480026038811012,
        "melanin_volume": 0.2952018018496455,
        "collagen_volume": 0,
        "n": 1.4,
        "g": 0.71,
        "muspx": 76.0276462871626,
        "bmie": 2.1343973356188513
    },
    "fat": {
        "blood_volume_fraction": 0.06759582296260215,
        "ScvO2": 0.02159031056187228,
        "water_volume": 0,
        "fat_volume": 0.9324041770373979,
        "melanin_volume": 0,
        "collagen_volume": 0,
        "n": 1.4,
        "g": 0.9,
        "muspx": 32.92566530965919,
        "bmie": 2.0821853426551886
    },
    "muscle": {
        "blood_volume_fraction": 0.03285932390001236,
        "ScvO2": 0.3653888360356883,
        "water_volume": 0.08811821891943915,
        "fat_volume": 0,
        "melanin_volume": 0,
        "collagen_volume": 0.8790224571805485,
        "n": 1.4,
        "g": 0.9,
        "muspx": 13.848664111807068,
        "bmie": 2.541217672377749
    },
    "IJV": {
        "blood_volume_fraction": 1.0,
        "ScvO2": 0.04287226803403952,
        "water_volume": 0,
        "fat_volume": 0,
        "melanin_volume": 0,
        "collagen_volume": 0,
        "n": 1.4,
        "g": 0.9,
        "muspx": 0.7297969825946643,
        "bmie": 0.9789263991615453
    },
    "CCA": {
        "blood_volume_fraction": 1.0,
        "ScvO2": 0.9520705591544003,
        "water_volume": 0,
        "fat_volume": 0,
        "melanin_volume": 0,
        "collagen_volume": 0,
        "n": 1.4,
        "g": 0.94,
        "muspx": 0.10577176212707276,
        "bmie": 0.9873442003670295
    },
    "geometry": [
        2,
        2.25,
        5.21,
        13,
        6,
        16,
        3
    ],
    "spec_rmsp": 11.295998926420594,
    "absorb_rmsp": 85.79196872647937
}