{
    "skin": {
        "blood_volume_fraction": 0.08988798523992178,
        "ScvO2": 0.1177707431664114,
        "water_volume": 0.4754346770076119,
        "fat_volume": 0.022315181578362178,
        "melanin_volume": 0.41236215617410404,
        "collagen_volume": 0,
        "n": 1.4,
        "g": 0.71,
        "muspx": 100.0,
        "bmie": 2.0286203095791944
    },
    "fat": {
        "blood_volume_fraction": 0.05283666904503124,
        "ScvO2": 0.01099290302381203,
        "water_volume": 0,
        "fat_volume": 0.9471633309549689,
        "melanin_volume": 0,
        "collagen_volume": 0,
        "n": 1.4,
        "g": 0.9,
        "muspx": 31.902076066121104,
        "bmie": 3.888342860010475
    },
    "muscle": {
        "blood_volume_fraction": 0.09302671215257476,
        "ScvO2": 0.5015284236141152,
        "water_volume": 0.09627735237837125,
        "fat_volume": 0,
        "melanin_volume": 0,
        "collagen_volume": 0.810695935469054,
        "n": 1.4,
        "g": 0.9,
        "muspx": 12.512717835347019,
        "bmie": 2.5652794897950173
    },
    "IJV": {
        "blood_volume_fraction": 1.0,
        "ScvO2": 0.10561684923379144,
        "water_volume": 0,
        "fat_volume": 0,
        "melanin_volume": 0,
        "collagen_volume": 0,
        "n": 1.4,
        "g": 0.9,
        "muspx": 0.6858164774211948,
        "bmie": 1.0321461515926043
    },
    "CCA": {
        "blood_volume_fraction": 1.0,
        "ScvO2": 1.0,
        "water_volume": 0,
        "fat_volume": 0,
        "melanin_volume": 0,
        "collagen_volume": 0,
        "n": 1.4,
        "g": 0.94,
        "muspx": 0.0,
        "bmie": 0.7897490162299794
    },
    "geometry": [
        2,
        2.25,
        5.21,
        13,
        6,
        16,
        3
    ],
    "spec_rmsp": 8.210254634272898,
    "absorb_rmsp": 71.97946272666715
}