{
    "skin": {
        "blood_volume_fraction": 0.030693636586095946,
        "ScvO2": 0.08778829601992612,
        "water_volume": 0.4563710531953315,
        "fat_volume": 0.03570067542022694,
        "melanin_volume": 0.47723463479834566,
        "collagen_volume": 0,
        "n": 1.4,
        "g": 0.71,
        "muspx": 99.90441866963513,
        "bmie": 1.5560021417676024
    },
    "fat": {
        "blood_volume_fraction": 0.04727194137343173,
        "ScvO2": 0.0,
        "water_volume": 0,
        "fat_volume": 0.9527280586265683,
        "melanin_volume": 0,
        "collagen_volume": 0,
        "n": 1.4,
        "g": 0.9,
        "muspx": 46.99491049966667,
        "bmie": 4.326871780411768
    },
    "muscle": {
        "blood_volume_fraction": 0.08335993280261811,
        "ScvO2": 0.2526155796580094,
        "water_volume": 0.09865807912271822,
        "fat_volume": 0,
        "melanin_volume": 0,
        "collagen_volume": 0.8179819880746637,
        "n": 1.4,
        "g": 0.9,
        "muspx": 11.761581515707265,
        "bmie": 2.9157853894588777
    },
    "IJV": {
        "blood_volume_fraction": 1.0,
        "ScvO2": 0.10584460718955507,
        "water_volume": 0,
        "fat_volume": 0,
        "melanin_volume": 0,
        "collagen_volume": 0,
        "n": 1.4,
        "g": 0.9,
        "muspx": 2.8477278480195354,
        "bmie": 0.06140396192551378
    },
    "CCA": {
        "blood_volume_fraction": 1.0,
        "ScvO2": 1.0,
        "water_volume": 0,
        "fat_volume": 0,
        "melanin_volume": 0,
        "collagen_volume": 0,
        "n": 1.4,
        "g": 0.94,
        "muspx": 0.0026873202919464323,
        "bmie": 0.7498831849242162
    },
    "geometry": [
        2,
        2.25,
        5.21,
        13,
        6,
        16,
        3
    ],
    "spec_rmsp": 7.311159085114246,
    "absorb_rmsp": 44.242758951442205
}