{
    "skin": {
        "blood_volume_fraction": 0.015175805607979383,
        "ScvO2": 0.7502218663879375,
        "water_volume": 0.5164382419362586,
        "fat_volume": 0.09740516860782668,
        "melanin_volume": 0.3709807838479353,
        "collagen_volume": 0,
        "n": 1.4,
        "g": 0.71,
        "muspx": 99.36506217723407,
        "bmie": 3.1481595863091387
    },
    "fat": {
        "blood_volume_fraction": 0.04327814934573655,
        "ScvO2": 0.15681905233100396,
        "water_volume": 0,
        "fat_volume": 0.9567218506542635,
        "melanin_volume": 0,
        "collagen_volume": 0,
        "n": 1.4,
        "g": 0.9,
        "muspx": 44.74694707052511,
        "bmie": 2.8970287789203266
    },
    "muscle": {
        "blood_volume_fraction": 0.058467161870250695,
        "ScvO2": 0.7996999254141566,
        "water_volume": 0.04912405086085429,
        "fat_volume": 0,
        "melanin_volume": 0,
        "collagen_volume": 0.892408787268895,
        "n": 1.4,
        "g": 0.9,
        "muspx": 72.78508076517657,
        "bmie": 4.3433388776058335
    },
    "IJV": {
        "blood_volume_fraction": 1.0,
        "ScvO2": 0.2807139885148248,
        "water_volume": 0,
        "fat_volume": 0,
        "melanin_volume": 0,
        "collagen_volume": 0,
        "n": 1.4,
        "g": 0.9,
        "muspx": 0.07726154166582852,
        "bmie": 0.45652565198826967
    },
    "CCA": {
        "blood_volume_fraction": 1.0,
        "ScvO2": 0.7327771167435975,
        "water_volume": 0,
        "fat_volume": 0,
        "melanin_volume": 0,
        "collagen_volume": 0,
        "n": 1.4,
        "g": 0.94,
        "muspx": 3.6725488669902093,
        "bmie": 0.39419879883082865
    },
    "geometry": [
        2,
        2.25,
        5.21,
        13,
        6,
        16,
        3
    ],
    "spec_rmsp": 10.605029767280044,
    "absorb_rmsp": 41.58812480258001
}