{
    "skin": {
        "blood_volume_fraction": 0.0608115655713511,
        "ScvO2": 0.884568511642036,
        "water_volume": 0.33157904382695386,
        "fat_volume": 0.0,
        "melanin_volume": 0.6232518107460326,
        "collagen_volume": 0,
        "n": 1.4,
        "g": 0.71,
        "muspx": 34.63197890257963,
        "bmie": 1.1542366764098966
    },
    "fat": {
        "blood_volume_fraction": 0.0034145203912672975,
        "ScvO2": 0.0,
        "water_volume": 0,
        "fat_volume": 0.9965854796087327,
        "melanin_volume": 0,
        "collagen_volume": 0,
        "n": 1.4,
        "g": 0.9,
        "muspx": 9.63794536503217,
        "bmie": 0.9478700253726213
    },
    "muscle": {
        "blood_volume_fraction": 0.0046790280200778925,
        "ScvO2": 0.05412366388394893,
        "water_volume": 0.09287091188244224,
        "fat_volume": 0,
        "melanin_volume": 0,
        "collagen_volume": 0.9024500600974799,
        "n": 1.4,
        "g": 0.9,
        "muspx": 13.49158554436712,
        "bmie": 2.749064661428159
    },
    "IJV": {
        "blood_volume_fraction": 1.0,
        "ScvO2": 1.0,
        "water_volume": 0,
        "fat_volume": 0,
        "melanin_volume": 0,
        "collagen_volume": 0,
        "n": 1.4,
        "g": 0.9,
        "muspx": 0.20037704677859852,
        "bmie": 0.8713984550899021
    },
    "CCA": {
        "blood_volume_fraction": 1.0,
        "ScvO2": 0.8419257898240249,
        "water_volume": 0,
        "fat_volume": 0,
        "melanin_volume": 0,
        "collagen_volume": 0,
        "n": 1.4,
        "g": 0.94,
        "muspx": 0.21894342623101526,
        "bmie": 0.8375530821469688
    },
    "geometry": [
        2,
        2.25,
        5.21,
        13,
        6,
        16,
        3
    ],
    "spec_rmsp": 23.6401675981703,
    "absorb_rmsp": 77.2890857893471
}