{
    "skin": {
        "blood_volume_fraction": 0.004824888369686777,
        "ScvO2": 0.7487816302836738,
        "water_volume": 0.5181080638209257,
        "fat_volume": 0.0554320638379706,
        "melanin_volume": 0.421634983971417,
        "collagen_volume": 0,
        "n": 1.4,
        "g": 0.71,
        "muspx": 98.3031146209934,
        "bmie": 2.104228039462037
    },
    "fat": {
        "blood_volume_fraction": 0.0749664221679952,
        "ScvO2": 0.17284700008667897,
        "water_volume": 0,
        "fat_volume": 0.9250335778320049,
        "melanin_volume": 0,
        "collagen_volume": 0,
        "n": 1.4,
        "g": 0.9,
        "muspx": 57.11207039878992,
        "bmie": 3.134075780668594
    },
    "muscle": {
        "blood_volume_fraction": 0.0,
        "ScvO2": 0.8558429671583139,
        "water_volume": 0.04542113562595973,
        "fat_volume": 0,
        "melanin_volume": 0,
        "collagen_volume": 0.9552636532508649,
        "n": 1.4,
        "g": 0.9,
        "muspx": 100.0,
        "bmie": 5.299576337563146
    },
    "IJV": {
        "blood_volume_fraction": 1.0,
        "ScvO2": 0.27596015693475795,
        "water_volume": 0,
        "fat_volume": 0,
        "melanin_volume": 0,
        "collagen_volume": 0,
        "n": 1.4,
        "g": 0.9,
        "muspx": 1.5764618393516014,
        "bmie": 0.03168909755069183
    },
    "CCA": {
        "blood_volume_fraction": 1.0,
        "ScvO2": 0.6757869227926259,
        "water_volume": 0,
        "fat_volume": 0,
        "melanin_volume": 0,
        "collagen_volume": 0,
        "n": 1.4,
        "g": 0.94,
        "muspx": 4.246034042050409,
        "bmie": 0.026080579938212476
    },
    "geometry": [
        2,
        2.25,
        5.21,
        13,
        6,
        16,
        3
    ],
    "spec_rmsp": 8.087370770638818,
    "absorb_rmsp": 43.239361426142096
}