{
    "skin": {
        "blood_volume_fraction": 0.004567651687694891,
        "ScvO2": 0.3926991690011552,
        "water_volume": 0.5218343896452613,
        "fat_volume": 0.06584077327283774,
        "melanin_volume": 0.40775718539420613,
        "collagen_volume": 0,
        "n": 1.4,
        "g": 0.71,
        "muspx": 98.99126491362473,
        "bmie": 2.554038333973113
    },
    "fat": {
        "blood_volume_fraction": 0.04588925664240184,
        "ScvO2": 0.1709862301992612,
        "water_volume": 0,
        "fat_volume": 0.9541107433575982,
        "melanin_volume": 0,
        "collagen_volume": 0,
        "n": 1.4,
        "g": 0.9,
        "muspx": 52.38739674390257,
        "bmie": 3.0805711539850487
    },
    "muscle": {
        "blood_volume_fraction": 0.06815156283233811,
        "ScvO2": 1.0,
        "water_volume": 0.045390630267009284,
        "fat_volume": 0,
        "melanin_volume": 0,
        "collagen_volume": 0.8864578069006526,
        "n": 1.4,
        "g": 0.9,
        "muspx": 90.18805838730827,
        "bmie": 4.919244998053238
    },
    "IJV": {
        "blood_volume_fraction": 1.0,
        "ScvO2": 0.27396682501031167,
        "water_volume": 0,
        "fat_volume": 0,
        "melanin_volume": 0,
        "collagen_volume": 0,
        "n": 1.4,
        "g": 0.9,
        "muspx": 1.1472967996113461,
        "bmie": 0.0
    },
    "CCA": {
        "blood_volume_fraction": 1.0,
        "ScvO2": 0.7568560780999232,
        "water_volume": 0,
        "fat_volume": 0,
        "melanin_volume": 0,
        "collagen_volume": 0,
        "n": 1.4,
        "g": 0.94,
        "muspx": 3.795172772381907,
        "bmie": 0.0
    },
    "geometry": [
        2,
        2.25,
        5.21,
        13,
        6,
        16,
        3
    ],
    "spec_rmsp": 8.892535849087336,
    "absorb_rmsp": 45.17982523798213
}