{
    "skin": {
        "blood_volume_fraction": 0.006620349469239124,
        "ScvO2": 0.49768728874148616,
        "water_volume": 1.3313751629828852,
        "fat_volume": 0.0,
        "melanin_volume": 0.013755328233629759,
        "collagen_volume": 0,
        "n": 1.4,
        "g": 0.71,
        "muspx": 35.0517605680506,
        "bmie": 0.5273235370212539
    },
    "fat": {
        "blood_volume_fraction": 0.0,
        "ScvO2": 0.0,
        "water_volume": 0,
        "fat_volume": 1.0273031586770904,
        "melanin_volume": 0,
        "collagen_volume": 0,
        "n": 1.4,
        "g": 0.9,
        "muspx": 12.221828901300158,
        "bmie": 1.0729918762222552
    },
    "muscle": {
        "blood_volume_fraction": 0.12148003968788607,
        "ScvO2": 0.6260766010057259,
        "water_volume": 1.0577966570431705,
        "fat_volume": 0,
        "melanin_volume": 0,
        "collagen_volume": 0.0,
        "n": 1.4,
        "g": 0.9,
        "muspx": 10.341115713713346,
        "bmie": 2.0836351210689683
    },
    "IJV": {
        "blood_volume_fraction": 1.0,
        "ScvO2": 0.31801170221743946,
        "water_volume": 0,
        "fat_volume": 0,
        "melanin_volume": 0,
        "collagen_volume": 0,
        "n": 1.4,
        "g": 0.9,
        "muspx": 1.2244528848691605,
        "bmie": 1.0
    },
    "CCA": {
        "blood_volume_fraction": 1.0,
        "ScvO2": 0.9562705343793781,
        "water_volume": 0,
        "fat_volume": 0,
        "melanin_volume": 0,
        "collagen_volume": 0,
        "n": 1.4,
        "g": 0.94,
        "muspx": 0.2330273146458667,
        "bmie": 1.0
    },
    "geometry": [
        1.27,
        1.0,
        7.71,
        14.95,
        3.53,
        23.86,
        7.68
    ],
    "spec_rmsp": 7.4011803765078605,
    "absorb_rmsp": 49.635344804461056
}