{
    "skin": {
        "blood_volume_fraction": 0.0021683739381003863,
        "ScvO2": 0.8426851956011727,
        "water_volume": 0.2530506085008232,
        "fat_volume": 0.4086139657686828,
        "melanin_volume": 0.33616705179239353,
        "collagen_volume": 0,
        "n": 1.4,
        "g": 0.71,
        "muspx": 59.03081766097203,
        "bmie": 2.0331491089597407
    },
    "fat": {
        "blood_volume_fraction": 0.06359143454451728,
        "ScvO2": 2.95844632988185e-05,
        "water_volume": 0,
        "fat_volume": 0.9364085654554828,
        "melanin_volume": 0,
        "collagen_volume": 0,
        "n": 1.4,
        "g": 0.9,
        "muspx": 12.790374952752313,
        "bmie": 2.205118178841688
    },
    "muscle": {
        "blood_volume_fraction": 0.030106955010459492,
        "ScvO2": 0.09770001742884327,
        "water_volume": 0.09361817691777839,
        "fat_volume": 0,
        "melanin_volume": 0,
        "collagen_volume": 0.8762748680717621,
        "n": 1.4,
        "g": 0.9,
        "muspx": 11.237605066482226,
        "bmie": 1.8766448176930783
    },
    "IJV": {
        "blood_volume_fraction": 1.0,
        "ScvO2": 0.6280150927782833,
        "water_volume": 0,
        "fat_volume": 0,
        "melanin_volume": 0,
        "collagen_volume": 0,
        "n": 1.4,
        "g": 0.9,
        "muspx": 0.9968709756974972,
        "bmie": 1.038240430857412
    },
    "CCA": {
        "blood_volume_fraction": 1.0,
        "ScvO2": 0.9569034249335975,
        "water_volume": 0,
        "fat_volume": 0,
        "melanin_volume": 0,
        "collagen_volume": 0,
        "n": 1.4,
        "g": 0.94,
        "muspx": 0.6040389651570497,
        "bmie": 1.4124008704299291
    },
    "geometry": [
        2,
        2.25,
        5.21,
        13,
        6,
        16,
        3
    ],
    "spec_rmsp": 9.832050096206647,
    "absorb_rmsp": 79.25348674190617
}