{
    "skin": {
        "blood_volume_fraction": 0.0007623111324279232,
        "ScvO2": 0.8109260486046304,
        "water_volume": 0.2593297495305562,
        "fat_volume": 0.41453768095571997,
        "melanin_volume": 0.32537025838129585,
        "collagen_volume": 0,
        "n": 1.4,
        "g": 0.71,
        "muspx": 52.0544944253525,
        "bmie": 2.0263012953314963
    },
    "fat": {
        "blood_volume_fraction": 0.065088682863815,
        "ScvO2": 3.0519458480892284e-06,
        "water_volume": 0,
        "fat_volume": 0.934911317136185,
        "melanin_volume": 0,
        "collagen_volume": 0,
        "n": 1.4,
        "g": 0.9,
        "muspx": 10.400151938590634,
        "bmie": 1.6792217240910985
    },
    "muscle": {
        "blood_volume_fraction": 0.014315864450793402,
        "ScvO2": 0.33434513091777884,
        "water_volume": 0.09511345083151058,
        "fat_volume": 0,
        "melanin_volume": 0,
        "collagen_volume": 0.8905706847176961,
        "n": 1.4,
        "g": 0.9,
        "muspx": 11.7467801723901,
        "bmie": 2.051041536146246
    },
    "IJV": {
        "blood_volume_fraction": 1.0,
        "ScvO2": 0.6789161866743662,
        "water_volume": 0,
        "fat_volume": 0,
        "melanin_volume": 0,
        "collagen_volume": 0,
        "n": 1.4,
        "g": 0.9,
        "muspx": 0.5915182565073241,
        "bmie": 0.9447598951670335
    },
    "CCA": {
        "blood_volume_fraction": 1.0,
        "ScvO2": 0.9307724845325231,
        "water_volume": 0,
        "fat_volume": 0,
        "melanin_volume": 0,
        "collagen_volume": 0,
        "n": 1.4,
        "g": 0.94,
        "muspx": 0.6604859320812615,
        "bmie": 1.1878457139360454
    },
    "geometry": [
        2,
        2.25,
        5.21,
        13,
        6,
        16,
        3
    ],
    "spec_rmsp": 10.081638426602286,
    "absorb_rmsp": 79.00838916325465
}