{
    "skin": {
        "blood_volume_fraction": 0.010884336681655948,
        "ScvO2": 0.8177759568304485,
        "water_volume": 0.24728869192914837,
        "fat_volume": 0.3967395029998053,
        "melanin_volume": 0.34508746838939036,
        "collagen_volume": 0,
        "n": 1.4,
        "g": 0.71,
        "muspx": 63.07599370874122,
        "bmie": 2.0921151517930516
    },
    "fat": {
        "blood_volume_fraction": 0.0635491993548099,
        "ScvO2": 2.1951559353343747e-05,
        "water_volume": 0,
        "fat_volume": 0.9364508006451902,
        "melanin_volume": 0,
        "collagen_volume": 0,
        "n": 1.4,
        "g": 0.9,
        "muspx": 12.123918329617183,
        "bmie": 2.1681164784238316
    },
    "muscle": {
        "blood_volume_fraction": 0.028304484812040114,
        "ScvO2": 0.1267178623020908,
        "water_volume": 0.09312800713651914,
        "fat_volume": 0,
        "melanin_volume": 0,
        "collagen_volume": 0.8785675080514407,
        "n": 1.4,
        "g": 0.9,
        "muspx": 11.217332533196233,
        "bmie": 1.7354982486751185
    },
    "IJV": {
        "blood_volume_fraction": 1.0,
        "ScvO2": 0.6222938640417972,
        "water_volume": 0,
        "fat_volume": 0,
        "melanin_volume": 0,
        "collagen_volume": 0,
        "n": 1.4,
        "g": 0.9,
        "muspx": 0.9797149667949814,
        "bmie": 0.9637393966200506
    },
    "CCA": {
        "blood_volume_fraction": 1.0,
        "ScvO2": 0.967593526863894,
        "water_volume": 0,
        "fat_volume": 0,
        "melanin_volume": 0,
        "collagen_volume": 0,
        "n": 1.4,
        "g": 0.94,
        "muspx": 0.5824207706226159,
        "bmie": 0.543133959462279
    },
    "geometry": [
        2,
        2.25,
        5.21,
        13,
        6,
        16,
        3
    ],
    "spec_rmsp": 9.684256799092587,
    "absorb_rmsp": 79.96177123723919
}