{
    "skin": {
        "blood_volume_fraction": 0.0033037306953446134,
        "ScvO2": 0.8618829102050899,
        "water_volume": 0.26029778321436264,
        "fat_volume": 0.42094446487403264,
        "melanin_volume": 0.3154540212162601,
        "collagen_volume": 0,
        "n": 1.4,
        "g": 0.71,
        "muspx": 51.1601566510305,
        "bmie": 1.9990862538486647
    },
    "fat": {
        "blood_volume_fraction": 0.07254034320421748,
        "ScvO2": 0.0003446403574457452,
        "water_volume": 0,
        "fat_volume": 0.9274596567957825,
        "melanin_volume": 0,
        "collagen_volume": 0,
        "n": 1.4,
        "g": 0.9,
        "muspx": 11.219862201586238,
        "bmie": 1.8574185216557426
    },
    "muscle": {
        "blood_volume_fraction": 0.01923052203388727,
        "ScvO2": 0.46458173252795987,
        "water_volume": 0.09504596772742947,
        "fat_volume": 0,
        "melanin_volume": 0,
        "collagen_volume": 0.8857235102386832,
        "n": 1.4,
        "g": 0.9,
        "muspx": 11.82585260729336,
        "bmie": 2.0862326573243735
    },
    "IJV": {
        "blood_volume_fraction": 1.0,
        "ScvO2": 0.6885863528702411,
        "water_volume": 0,
        "fat_volume": 0,
        "melanin_volume": 0,
        "collagen_volume": 0,
        "n": 1.4,
        "g": 0.9,
        "muspx": 0.5900452883537617,
        "bmie": 0.9095997377885005
    },
    "CCA": {
        "blood_volume_fraction": 1.0,
        "ScvO2": 0.9163032795397468,
        "water_volume": 0,
        "fat_volume": 0,
        "melanin_volume": 0,
        "collagen_volume": 0,
        "n": 1.4,
        "g": 0.94,
        "muspx": 0.586508182114253,
        "bmie": 1.2575004532803722
    },
    "geometry": [
        2,
        2.25,
        5.21,
        13,
        6,
        16,
        3
    ],
    "spec_rmsp": 10.171843620834693,
    "absorb_rmsp": 78.83979798855111
}