{
    "skin": {
        "blood_volume_fraction": 0.0047355957708430495,
        "ScvO2": 0.8207360902308133,
        "water_volume": 0.25329011580915184,
        "fat_volume": 0.4090183818436357,
        "melanin_volume": 0.33295590657636953,
        "collagen_volume": 0,
        "n": 1.4,
        "g": 0.71,
        "muspx": 60.59399181335483,
        "bmie": 2.099310397676822
    },
    "fat": {
        "blood_volume_fraction": 0.062272616736920305,
        "ScvO2": 3.5380367128203404e-05,
        "water_volume": 0,
        "fat_volume": 0.9377273832630797,
        "melanin_volume": 0,
        "collagen_volume": 0,
        "n": 1.4,
        "g": 0.9,
        "muspx": 12.602434254538116,
        "bmie": 2.155650609484563
    },
    "muscle": {
        "blood_volume_fraction": 0.028472766176730786,
        "ScvO2": 0.158572526617441,
        "water_volume": 0.09375978354227374,
        "fat_volume": 0,
        "melanin_volume": 0,
        "collagen_volume": 0.8777674502809955,
        "n": 1.4,
        "g": 0.9,
        "muspx": 10.947697592006854,
        "bmie": 1.8385253338788239
    },
    "IJV": {
        "blood_volume_fraction": 1.0,
        "ScvO2": 0.6233845600462784,
        "water_volume": 0,
        "fat_volume": 0,
        "melanin_volume": 0,
        "collagen_volume": 0,
        "n": 1.4,
        "g": 0.9,
        "muspx": 0.9979939946966623,
        "bmie": 1.0026683549096307
    },
    "CCA": {
        "blood_volume_fraction": 1.0,
        "ScvO2": 0.954959601425002,
        "water_volume": 0,
        "fat_volume": 0,
        "melanin_volume": 0,
        "collagen_volume": 0,
        "n": 1.4,
        "g": 0.94,
        "muspx": 0.6091931637252244,
        "bmie": 1.3649991937602022
    },
    "geometry": [
        2,
        2.25,
        5.21,
        13,
        6,
        16,
        3
    ],
    "spec_rmsp": 9.803515422992183,
    "absorb_rmsp": 79.26169259109638
}