{
    "skin": {
        "blood_volume_fraction": 0.0011207126058539443,
        "ScvO2": 0.8132933613967963,
        "water_volume": 0.25974493724825065,
        "fat_volume": 0.412547044232387,
        "melanin_volume": 0.32658730591350843,
        "collagen_volume": 0,
        "n": 1.4,
        "g": 0.71,
        "muspx": 51.33564235231847,
        "bmie": 1.9752292899870327
    },
    "fat": {
        "blood_volume_fraction": 0.06630222527452416,
        "ScvO2": 0.0,
        "water_volume": 0,
        "fat_volume": 0.9336977747254759,
        "melanin_volume": 0,
        "collagen_volume": 0,
        "n": 1.4,
        "g": 0.9,
        "muspx": 10.790493128038396,
        "bmie": 1.7350645787347623
    },
    "muscle": {
        "blood_volume_fraction": 0.01731279260602588,
        "ScvO2": 0.3206399777633462,
        "water_volume": 0.09506423236061974,
        "fat_volume": 0,
        "melanin_volume": 0,
        "collagen_volume": 0.8876229750333544,
        "n": 1.4,
        "g": 0.9,
        "muspx": 11.475213409911277,
        "bmie": 2.0306571728845872
    },
    "IJV": {
        "blood_volume_fraction": 1.0,
        "ScvO2": 0.6760003846627041,
        "water_volume": 0,
        "fat_volume": 0,
        "melanin_volume": 0,
        "collagen_volume": 0,
        "n": 1.4,
        "g": 0.9,
        "muspx": 0.5459928925292937,
        "bmie": 0.9300456288628132
    },
    "CCA": {
        "blood_volume_fraction": 1.0,
        "ScvO2": 0.9214822343401368,
        "water_volume": 0,
        "fat_volume": 0,
        "melanin_volume": 0,
        "collagen_volume": 0,
        "n": 1.4,
        "g": 0.94,
        "muspx": 0.6211970911992816,
        "bmie": 1.2193076522209783
    },
    "geometry": [
        2,
        2.25,
        5.21,
        13,
        6,
        16,
        3
    ],
    "spec_rmsp": 10.115886030722105,
    "absorb_rmsp": 78.71662811574369
}