{
    "skin": {
        "blood_volume_fraction": 0.006127172326935986,
        "ScvO2": 0.8231499570176455,
        "water_volume": 0.25267278182169495,
        "fat_volume": 0.4082491814361485,
        "melanin_volume": 0.3329508644152206,
        "collagen_volume": 0,
        "n": 1.4,
        "g": 0.71,
        "muspx": 61.46916832823081,
        "bmie": 2.104459865446166
    },
    "fat": {
        "blood_volume_fraction": 0.06310490089904887,
        "ScvO2": 3.260523485671187e-05,
        "water_volume": 0,
        "fat_volume": 0.9368950991009511,
        "melanin_volume": 0,
        "collagen_volume": 0,
        "n": 1.4,
        "g": 0.9,
        "muspx": 12.730884245566024,
        "bmie": 2.1485721107631646
    },
    "muscle": {
        "blood_volume_fraction": 0.027241045775400707,
        "ScvO2": 0.1817060519810673,
        "water_volume": 0.09365412573868824,
        "fat_volume": 0,
        "melanin_volume": 0,
        "collagen_volume": 0.8791048284859111,
        "n": 1.4,
        "g": 0.9,
        "muspx": 10.874547695353387,
        "bmie": 1.8446460804085785
    },
    "IJV": {
        "blood_volume_fraction": 1.0,
        "ScvO2": 0.6231641040543507,
        "water_volume": 0,
        "fat_volume": 0,
        "melanin_volume": 0,
        "collagen_volume": 0,
        "n": 1.4,
        "g": 0.9,
        "muspx": 1.0180738338098825,
        "bmie": 0.9884575220810977
    },
    "CCA": {
        "blood_volume_fraction": 1.0,
        "ScvO2": 0.9614765429743337,
        "water_volume": 0,
        "fat_volume": 0,
        "melanin_volume": 0,
        "collagen_volume": 0,
        "n": 1.4,
        "g": 0.94,
        "muspx": 0.5751085477666071,
        "bmie": 1.3792937724206586
    },
    "geometry": [
        2,
        2.25,
        5.21,
        13,
        6,
        16,
        3
    ],
    "spec_rmsp": 9.80882974016713,
    "absorb_rmsp": 78.90394532458218
}