{
    "skin": {
        "blood_volume_fraction": 0.010838645835643507,
        "ScvO2": 0.9154519417418728,
        "water_volume": 0.154897668376356,
        "fat_volume": 0.6359189601064483,
        "melanin_volume": 0.1983447256815522,
        "collagen_volume": 0,
        "n": 1.4,
        "g": 0.71,
        "muspx": 98.35797534864885,
        "bmie": 2.5250746770907684
    },
    "fat": {
        "blood_volume_fraction": 0.00802962597386752,
        "ScvO2": 1.931615087825229e-06,
        "water_volume": 0,
        "fat_volume": 0.9919703740261325,
        "melanin_volume": 0,
        "collagen_volume": 0,
        "n": 1.4,
        "g": 0.9,
        "muspx": 8.117966936764255,
        "bmie": 1.6458122212311328
    },
    "muscle": {
        "blood_volume_fraction": 0.056247310093182804,
        "ScvO2": 0.5087149339223662,
        "water_volume": 0.08917598481749116,
        "fat_volume": 0,
        "melanin_volume": 0,
        "collagen_volume": 0.8545767050893261,
        "n": 1.4,
        "g": 0.9,
        "muspx": 19.32238603920812,
        "bmie": 1.9200287626232806
    },
    "IJV": {
        "blood_volume_fraction": 1.0,
        "ScvO2": 0.6160164323554267,
        "water_volume": 0,
        "fat_volume": 0,
        "melanin_volume": 0,
        "collagen_volume": 0,
        "n": 1.4,
        "g": 0.9,
        "muspx": 0.11585000997067375,
        "bmie": 0.41516787508571834
    },
    "CCA": {
        "blood_volume_fraction": 1.0,
        "ScvO2": 0.7629807158755961,
        "water_volume": 0,
        "fat_volume": 0,
        "melanin_volume": 0,
        "collagen_volume": 0,
        "n": 1.4,
        "g": 0.94,
        "muspx": 1.9065538381196592,
        "bmie": 0.6541643061585626
    },
    "geometry": [
        2,
        2.25,
        5.21,
        13,
        6,
        16,
        3
    ],
    "spec_rmsp": 7.69764802674017,
    "absorb_rmsp": 74.97682068016688
}