{
    "skin": {
        "blood_volume_fraction": 0.038624885116816575,
        "ScvO2": 1.0,
        "water_volume": 0.12424216440121699,
        "fat_volume": 0.16456835368426015,
        "melanin_volume": 0.6725645967977063,
        "collagen_volume": 0,
        "n": 1.4,
        "g": 0.71,
        "muspx": 41.997998115981595,
        "bmie": 2.0992109054930257
    },
    "fat": {
        "blood_volume_fraction": 0.012372080780519835,
        "ScvO2": 0.30059472618870176,
        "water_volume": 0,
        "fat_volume": 0.9876279192194802,
        "melanin_volume": 0,
        "collagen_volume": 0,
        "n": 1.4,
        "g": 0.9,
        "muspx": 0.7301538711778516,
        "bmie": 0.765629282922514
    },
    "muscle": {
        "blood_volume_fraction": 0.01555746961787752,
        "ScvO2": 0.304458166956188,
        "water_volume": 0.10954050497984459,
        "fat_volume": 0,
        "melanin_volume": 0,
        "collagen_volume": 0.8749020254022779,
        "n": 1.4,
        "g": 0.9,
        "muspx": 13.820688126576277,
        "bmie": 4.557331339704276
    },
    "IJV": {
        "blood_volume_fraction": 1.0,
        "ScvO2": 0.226969083343883,
        "water_volume": 0,
        "fat_volume": 0,
        "melanin_volume": 0,
        "collagen_volume": 0,
        "n": 1.4,
        "g": 0.9,
        "muspx": 0.4845644230603648,
        "bmie": 1.0
    },
    "CCA": {
        "blood_volume_fraction": 1.0,
        "ScvO2": 0.9796825582080189,
        "water_volume": 0,
        "fat_volume": 0,
        "melanin_volume": 0,
        "collagen_volume": 0,
        "n": 1.4,
        "g": 0.94,
        "muspx": 0.5315317493266954,
        "bmie": 1.0
    },
    "geometry": [
        2,
        2.25,
        5.21,
        13,
        6,
        16,
        3
    ],
    "spec_rmsp": 20.538179805797586,
    "absorb_rmsp": 80.97885918387941
}