{
    "skin": {
        "blood_volume_fraction": 0.016175847793428413,
        "ScvO2": 0.9320683398371876,
        "water_volume": 0.15214419501035786,
        "fat_volume": 0.5260552759096817,
        "melanin_volume": 0.3056246812865321,
        "collagen_volume": 0,
        "n": 1.4,
        "g": 0.71,
        "muspx": 98.99934335424257,
        "bmie": 2.4133901591607665
    },
    "fat": {
        "blood_volume_fraction": 0.016019671168092046,
        "ScvO2": 1.8752412768255912e-06,
        "water_volume": 0,
        "fat_volume": 0.983980328831908,
        "melanin_volume": 0,
        "collagen_volume": 0,
        "n": 1.4,
        "g": 0.9,
        "muspx": 8.972142286515954,
        "bmie": 1.8183940377399523
    },
    "muscle": {
        "blood_volume_fraction": 0.04537859372888863,
        "ScvO2": 0.6808324016161755,
        "water_volume": 0.08893729201027827,
        "fat_volume": 0,
        "melanin_volume": 0,
        "collagen_volume": 0.8656841142608331,
        "n": 1.4,
        "g": 0.9,
        "muspx": 19.378755589328733,
        "bmie": 1.8723525677948218
    },
    "IJV": {
        "blood_volume_fraction": 1.0,
        "ScvO2": 0.6233473003514662,
        "water_volume": 0,
        "fat_volume": 0,
        "melanin_volume": 0,
        "collagen_volume": 0,
        "n": 1.4,
        "g": 0.9,
        "muspx": 0.009915430249589963,
        "bmie": 0.40322278992513494
    },
    "CCA": {
        "blood_volume_fraction": 1.0,
        "ScvO2": 0.38394361295435464,
        "water_volume": 0,
        "fat_volume": 0,
        "melanin_volume": 0,
        "collagen_volume": 0,
        "n": 1.4,
        "g": 0.94,
        "muspx": 1.7042597543259994,
        "bmie": 0.05974837050549346
    },
    "geometry": [
        2,
        2.25,
        5.21,
        13,
        6,
        16,
        3
    ],
    "spec_rmsp": 7.575859990201006,
    "absorb_rmsp": 72.53628107140928
}