{
    "skin": {
        "blood_volume_fraction": 0.004454481221502572,
        "ScvO2": 0.978844568632112,
        "water_volume": 0.1986348918272142,
        "fat_volume": 0.6786913883810385,
        "melanin_volume": 0.11821923857024476,
        "collagen_volume": 0,
        "n": 1.4,
        "g": 0.71,
        "muspx": 89.75420538668702,
        "bmie": 2.584190844631914
    },
    "fat": {
        "blood_volume_fraction": 0.014654552674698026,
        "ScvO2": 0.0,
        "water_volume": 0,
        "fat_volume": 0.985345447325302,
        "melanin_volume": 0,
        "collagen_volume": 0,
        "n": 1.4,
        "g": 0.9,
        "muspx": 6.270589374006924,
        "bmie": 0.8192252421936449
    },
    "muscle": {
        "blood_volume_fraction": 0.05113209065449736,
        "ScvO2": 0.48134761935450254,
        "water_volume": 0.08823576747896816,
        "fat_volume": 0,
        "melanin_volume": 0,
        "collagen_volume": 0.8606321418665345,
        "n": 1.4,
        "g": 0.9,
        "muspx": 14.088211912539595,
        "bmie": 1.770282444650707
    },
    "IJV": {
        "blood_volume_fraction": 1.0,
        "ScvO2": 0.6579731333081942,
        "water_volume": 0,
        "fat_volume": 0,
        "melanin_volume": 0,
        "collagen_volume": 0,
        "n": 1.4,
        "g": 0.9,
        "muspx": 1.164834880284905,
        "bmie": 1.0979607506371645
    },
    "CCA": {
        "blood_volume_fraction": 1.0,
        "ScvO2": 0.8344500216814118,
        "water_volume": 0,
        "fat_volume": 0,
        "melanin_volume": 0,
        "collagen_volume": 0,
        "n": 1.4,
        "g": 0.94,
        "muspx": 2.062502547396676,
        "bmie": 0.9468378765461467
    },
    "geometry": [
        2,
        2.25,
        5.21,
        13,
        6,
        16,
        3
    ],
    "spec_rmsp": 9.093774242809957,
    "absorb_rmsp": 77.06113125009477
}