{
    "skin": {
        "blood_volume_fraction": 0.07532652962114393,
        "ScvO2": 0.785117198672175,
        "water_volume": 0.21486707624203846,
        "fat_volume": 0.0,
        "melanin_volume": 0.7152643527073044,
        "collagen_volume": 0,
        "n": 1.4,
        "g": 0.71,
        "muspx": 27.655584001968947,
        "bmie": 3.069365217228583
    },
    "fat": {
        "blood_volume_fraction": 0.06959476621363826,
        "ScvO2": 0.04683694273236111,
        "water_volume": 0,
        "fat_volume": 0.9209736138352029,
        "melanin_volume": 0,
        "collagen_volume": 0,
        "n": 1.4,
        "g": 0.9,
        "muspx": 10.180250382253796,
        "bmie": 0.5865576731105792
    },
    "muscle": {
        "blood_volume_fraction": 0.05027887631773538,
        "ScvO2": 0.24192329702724202,
        "water_volume": 0.09536150186224285,
        "fat_volume": 0,
        "melanin_volume": 0,
        "collagen_volume": 0.952984189414005,
        "n": 1.4,
        "g": 0.9,
        "muspx": 12.329574980335927,
        "bmie": 1.9798323921994534
    },
    "IJV": {
        "blood_volume_fraction": 1.0,
        "ScvO2": 0.0,
        "water_volume": 0,
        "fat_volume": 0,
        "melanin_volume": 0,
        "collagen_volume": 0,
        "n": 1.4,
        "g": 0.9,
        "muspx": 0.5408663801041991,
        "bmie": 1.0
    },
    "CCA": {
        "blood_volume_fraction": 1.0,
        "ScvO2": 0.9146171488840196,
        "water_volume": 0,
        "fat_volume": 0,
        "melanin_volume": 0,
        "collagen_volume": 0,
        "n": 1.4,
        "g": 0.94,
        "muspx": 0.7045760849931338,
        "bmie": 1.0
    },
    "geometry": [
        2,
        2.25,
        5.21,
        13,
        6,
        16,
        3
    ],
    "spec_rmsp": 12.311656297916539,
    "absorb_rmsp": 33.796982004216574
}