{
    "skin": {
        "blood_volume_fraction": 0.05685695884890188,
        "ScvO2": 0.9858588148430247,
        "water_volume": 0.23435862188528203,
        "fat_volume": 0.17992397527692874,
        "melanin_volume": 0.5288604439888873,
        "collagen_volume": 0,
        "n": 1.4,
        "g": 0.71,
        "muspx": 65.73151044191599,
        "bmie": 2.373756197354802
    },
    "fat": {
        "blood_volume_fraction": 0.1281157684209004,
        "ScvO2": 3.695005970268101e-05,
        "water_volume": 0,
        "fat_volume": 0.8718842315790996,
        "melanin_volume": 0,
        "collagen_volume": 0,
        "n": 1.4,
        "g": 0.9,
        "muspx": 7.404339330560299,
        "bmie": 1.36125106456037
    },
    "muscle": {
        "blood_volume_fraction": 0.2887017627428503,
        "ScvO2": 0.02364257249002475,
        "water_volume": 0.09338859059211108,
        "fat_volume": 0,
        "melanin_volume": 0,
        "collagen_volume": 0.6179096466650386,
        "n": 1.4,
        "g": 0.9,
        "muspx": 11.778034542109191,
        "bmie": 1.4034392045576682
    },
    "IJV": {
        "blood_volume_fraction": 1.0,
        "ScvO2": 0.6563954754347364,
        "water_volume": 0,
        "fat_volume": 0,
        "melanin_volume": 0,
        "collagen_volume": 0,
        "n": 1.4,
        "g": 0.9,
        "muspx": 2.0535292586125227,
        "bmie": 0.8262156958875573
    },
    "CCA": {
        "blood_volume_fraction": 1.0,
        "ScvO2": 0.9934868773910008,
        "water_volume": 0,
        "fat_volume": 0,
        "melanin_volume": 0,
        "collagen_volume": 0,
        "n": 1.4,
        "g": 0.94,
        "muspx": 1.1704844031305064,
        "bmie": 0.43744976559434406
    },
    "geometry": [
        2,
        2.25,
        5.21,
        13,
        6,
        16,
        3
    ],
    "spec_rmsp": 9.341319741866446,
    "absorb_rmsp": 78.83191382303772
}