{
    "skin": {
        "blood_volume_fraction": 0.09157820407517003,
        "ScvO2": 0.909332991058812,
        "water_volume": 0.2289444876304081,
        "fat_volume": 0.15872229958684297,
        "melanin_volume": 0.5207550087075788,
        "collagen_volume": 0,
        "n": 1.4,
        "g": 0.71,
        "muspx": 68.9828344352056,
        "bmie": 2.3471659699346294
    },
    "fat": {
        "blood_volume_fraction": 0.16335825561429074,
        "ScvO2": 2.9242315360675706e-05,
        "water_volume": 0,
        "fat_volume": 0.8366417443857093,
        "melanin_volume": 0,
        "collagen_volume": 0,
        "n": 1.4,
        "g": 0.9,
        "muspx": 7.801362745151926,
        "bmie": 1.5922095031023307
    },
    "muscle": {
        "blood_volume_fraction": 0.30525048932505217,
        "ScvO2": 0.0035355919869592897,
        "water_volume": 0.09317046136012426,
        "fat_volume": 0,
        "melanin_volume": 0,
        "collagen_volume": 0.6015790493148236,
        "n": 1.4,
        "g": 0.9,
        "muspx": 11.888964275837441,
        "bmie": 1.4220966233636914
    },
    "IJV": {
        "blood_volume_fraction": 1.0,
        "ScvO2": 0.6671355754325351,
        "water_volume": 0,
        "fat_volume": 0,
        "melanin_volume": 0,
        "collagen_volume": 0,
        "n": 1.4,
        "g": 0.9,
        "muspx": 1.7275340288994876,
        "bmie": 0.9006969884133824
    },
    "CCA": {
        "blood_volume_fraction": 1.0,
        "ScvO2": 0.9981559310985186,
        "water_volume": 0,
        "fat_volume": 0,
        "melanin_volume": 0,
        "collagen_volume": 0,
        "n": 1.4,
        "g": 0.94,
        "muspx": 1.1580061666753587,
        "bmie": 0.3522419536686833
    },
    "geometry": [
        2,
        2.25,
        5.21,
        13,
        6,
        16,
        3
    ],
    "spec_rmsp": 9.093889496197423,
    "absorb_rmsp": 77.54388310710281
}