{
    "skin": {
        "blood_volume_fraction": 0.04152632698812286,
        "ScvO2": 0.7767101525224147,
        "water_volume": 0.25112289815137023,
        "fat_volume": 0.13666831901394583,
        "melanin_volume": 0.5706824558465612,
        "collagen_volume": 0,
        "n": 1.4,
        "g": 0.71,
        "muspx": 47.66916937357183,
        "bmie": 1.871424444725118
    },
    "fat": {
        "blood_volume_fraction": 0.0975819366121611,
        "ScvO2": 5.586003661617031e-06,
        "water_volume": 0,
        "fat_volume": 0.9024180633878388,
        "melanin_volume": 0,
        "collagen_volume": 0,
        "n": 1.4,
        "g": 0.9,
        "muspx": 9.18619269876319,
        "bmie": 1.524892305075042
    },
    "muscle": {
        "blood_volume_fraction": 0.17707191266494218,
        "ScvO2": 0.059529046815319425,
        "water_volume": 0.09422949786544509,
        "fat_volume": 0,
        "melanin_volume": 0,
        "collagen_volume": 0.7286985894696127,
        "n": 1.4,
        "g": 0.9,
        "muspx": 13.590301168933497,
        "bmie": 2.1455856985870687
    },
    "IJV": {
        "blood_volume_fraction": 1.0,
        "ScvO2": 0.6584260541064981,
        "water_volume": 0,
        "fat_volume": 0,
        "melanin_volume": 0,
        "collagen_volume": 0,
        "n": 1.4,
        "g": 0.9,
        "muspx": 2.388352478374078,
        "bmie": 0.9476113965469484
    },
    "CCA": {
        "blood_volume_fraction": 1.0,
        "ScvO2": 0.9849088846823807,
        "water_volume": 0,
        "fat_volume": 0,
        "melanin_volume": 0,
        "collagen_volume": 0,
        "n": 1.4,
        "g": 0.94,
        "muspx": 0.7469497934982264,
        "bmie": 0.8829288743382335
    },
    "geometry": [
        2,
        2.25,
        5.21,
        13,
        6,
        16,
        3
    ],
    "spec_rmsp": 9.822887284775803,
    "absorb_rmsp": 77.7826085828229
}