{
    "skin": {
        "blood_volume_fraction": 0.0563046736555869,
        "ScvO2": 0.4027341000012652,
        "water_volume": 0.2495513599903573,
        "fat_volume": 0.11714962258996316,
        "melanin_volume": 0.5769943437640926,
        "collagen_volume": 0,
        "n": 1.4,
        "g": 0.71,
        "muspx": 36.56413213590859,
        "bmie": 1.2160792293202045
    },
    "fat": {
        "blood_volume_fraction": 0.05740702913446574,
        "ScvO2": 0.00011487629259355304,
        "water_volume": 0,
        "fat_volume": 0.9425929708655343,
        "melanin_volume": 0,
        "collagen_volume": 0,
        "n": 1.4,
        "g": 0.9,
        "muspx": 9.223598941854663,
        "bmie": 1.4715625423821703
    },
    "muscle": {
        "blood_volume_fraction": 0.10633907480309909,
        "ScvO2": 0.054059811552826076,
        "water_volume": 0.09393252387920914,
        "fat_volume": 0,
        "melanin_volume": 0,
        "collagen_volume": 0.7997284013176917,
        "n": 1.4,
        "g": 0.9,
        "muspx": 14.634015966504455,
        "bmie": 2.3525771325695812
    },
    "IJV": {
        "blood_volume_fraction": 1.0,
        "ScvO2": 0.6632084263322245,
        "water_volume": 0,
        "fat_volume": 0,
        "melanin_volume": 0,
        "collagen_volume": 0,
        "n": 1.4,
        "g": 0.9,
        "muspx": 2.0150548526553695,
        "bmie": 1.002466482153388
    },
    "CCA": {
        "blood_volume_fraction": 1.0,
        "ScvO2": 0.9363274439312816,
        "water_volume": 0,
        "fat_volume": 0,
        "melanin_volume": 0,
        "collagen_volume": 0,
        "n": 1.4,
        "g": 0.94,
        "muspx": 0.6356342284023493,
        "bmie": 1.0830753288854138
    },
    "geometry": [
        2,
        2.25,
        5.21,
        13,
        6,
        16,
        3
    ],
    "spec_rmsp": 10.30795258234119,
    "absorb_rmsp": 77.00394957790304
}