{
    "skin": {
        "blood_volume_fraction": 0.08134348215338649,
        "ScvO2": 0.9360300893246079,
        "water_volume": 0.17470202579645835,
        "fat_volume": 0.30378113835225,
        "melanin_volume": 0.4401733536979052,
        "collagen_volume": 0,
        "n": 1.4,
        "g": 0.71,
        "muspx": 67.73649143703909,
        "bmie": 1.705161026139055
    },
    "fat": {
        "blood_volume_fraction": 0.36585542746537464,
        "ScvO2": 4.1713387971415945e-06,
        "water_volume": 0,
        "fat_volume": 0.6341445725346254,
        "melanin_volume": 0,
        "collagen_volume": 0,
        "n": 1.4,
        "g": 0.9,
        "muspx": 13.615402782719404,
        "bmie": 3.947574627177025
    },
    "muscle": {
        "blood_volume_fraction": 0.4319944779747419,
        "ScvO2": 0.043393139643099266,
        "water_volume": 0.0932574572740145,
        "fat_volume": 0,
        "melanin_volume": 0,
        "collagen_volume": 0.47474806475124365,
        "n": 1.4,
        "g": 0.9,
        "muspx": 11.41605438477542,
        "bmie": 0.3559892330927589
    },
    "IJV": {
        "blood_volume_fraction": 1.0,
        "ScvO2": 0.6869628738221758,
        "water_volume": 0,
        "fat_volume": 0,
        "melanin_volume": 0,
        "collagen_volume": 0,
        "n": 1.4,
        "g": 0.9,
        "muspx": 0.11277565769653841,
        "bmie": 0.8725328511216892
    },
    "CCA": {
        "blood_volume_fraction": 1.0,
        "ScvO2": 0.9870040989936424,
        "water_volume": 0,
        "fat_volume": 0,
        "melanin_volume": 0,
        "collagen_volume": 0,
        "n": 1.4,
        "g": 0.94,
        "muspx": 1.3689307610318482,
        "bmie": 0.3249540120320883
    },
    "geometry": [
        2,
        2.25,
        5.21,
        13,
        6,
        16,
        3
    ],
    "spec_rmsp": 8.301761253751792,
    "absorb_rmsp": 71.03683631635056
}