{
    "skin": {
        "blood_volume_fraction": 0.0658896226842167,
        "ScvO2": 0.9358161814993584,
        "water_volume": 0.17173690148281262,
        "fat_volume": 0.3137664593832285,
        "melanin_volume": 0.44860701644974216,
        "collagen_volume": 0,
        "n": 1.4,
        "g": 0.71,
        "muspx": 70.1463423531064,
        "bmie": 1.7182229052510363
    },
    "fat": {
        "blood_volume_fraction": 0.4652101978556229,
        "ScvO2": 3.4472592252666297e-06,
        "water_volume": 0,
        "fat_volume": 0.5347898021443771,
        "melanin_volume": 0,
        "collagen_volume": 0,
        "n": 1.4,
        "g": 0.9,
        "muspx": 14.637966602618189,
        "bmie": 4.081826957281679
    },
    "muscle": {
        "blood_volume_fraction": 0.30714280730433874,
        "ScvO2": 0.049409017088454535,
        "water_volume": 0.09318865297910785,
        "fat_volume": 0,
        "melanin_volume": 0,
        "collagen_volume": 0.5996685397165534,
        "n": 1.4,
        "g": 0.9,
        "muspx": 11.64380214869703,
        "bmie": 0.3370417088375102
    },
    "IJV": {
        "blood_volume_fraction": 1.0,
        "ScvO2": 0.6896003511280289,
        "water_volume": 0,
        "fat_volume": 0,
        "melanin_volume": 0,
        "collagen_volume": 0,
        "n": 1.4,
        "g": 0.9,
        "muspx": 0.20845077328356573,
        "bmie": 0.18003385484488488
    },
    "CCA": {
        "blood_volume_fraction": 1.0,
        "ScvO2": 0.9869109254108013,
        "water_volume": 0,
        "fat_volume": 0,
        "melanin_volume": 0,
        "collagen_volume": 0,
        "n": 1.4,
        "g": 0.94,
        "muspx": 1.3501165977588405,
        "bmie": 0.07874459371887449
    },
    "geometry": [
        2,
        2.25,
        5.21,
        13,
        6,
        16,
        3
    ],
    "spec_rmsp": 8.0930930677556,
    "absorb_rmsp": 71.04487800039391
}