{
    "skin": {
        "blood_volume_fraction": 0.09760858667813047,
        "ScvO2": 0.995645966329678,
        "water_volume": 0.22078048981678028,
        "fat_volume": 0.19796170788633868,
        "melanin_volume": 0.4836492156187505,
        "collagen_volume": 0,
        "n": 1.4,
        "g": 0.71,
        "muspx": 67.47088717683778,
        "bmie": 2.2163013148730126
    },
    "fat": {
        "blood_volume_fraction": 0.27256132863133986,
        "ScvO2": 0.0,
        "water_volume": 0,
        "fat_volume": 0.7274386713686601,
        "melanin_volume": 0,
        "collagen_volume": 0,
        "n": 1.4,
        "g": 0.9,
        "muspx": 8.51019932858038,
        "bmie": 2.184618844620569
    },
    "muscle": {
        "blood_volume_fraction": 0.47285666014149963,
        "ScvO2": 0.0067094036397204754,
        "water_volume": 0.09316609021843779,
        "fat_volume": 0,
        "melanin_volume": 0,
        "collagen_volume": 0.4339772496400625,
        "n": 1.4,
        "g": 0.9,
        "muspx": 11.704950218742415,
        "bmie": 1.190134748642205
    },
    "IJV": {
        "blood_volume_fraction": 1.0,
        "ScvO2": 0.6741325377475375,
        "water_volume": 0,
        "fat_volume": 0,
        "melanin_volume": 0,
        "collagen_volume": 0,
        "n": 1.4,
        "g": 0.9,
        "muspx": 1.4853926258745942,
        "bmie": 1.0152224691038931
    },
    "CCA": {
        "blood_volume_fraction": 1.0,
        "ScvO2": 0.9977629251723235,
        "water_volume": 0,
        "fat_volume": 0,
        "melanin_volume": 0,
        "collagen_volume": 0,
        "n": 1.4,
        "g": 0.94,
        "muspx": 1.1951441038296595,
        "bmie": 0.32832218884061054
    },
    "geometry": [
        2,
        2.25,
        5.21,
        13,
        6,
        16,
        3
    ],
    "spec_rmsp": 9.077957768305307,
    "absorb_rmsp": 76.33077506186804
}