{
    "skin": {
        "blood_volume_fraction": 0.07334717383879524,
        "ScvO2": 0.914593842073621,
        "water_volume": 0.17096537500964162,
        "fat_volume": 0.3235812344921719,
        "melanin_volume": 0.4321062166593912,
        "collagen_volume": 0,
        "n": 1.4,
        "g": 0.71,
        "muspx": 67.44008422561788,
        "bmie": 1.7175010502321573
    },
    "fat": {
        "blood_volume_fraction": 0.3172136904667613,
        "ScvO2": 1.609879741411648e-06,
        "water_volume": 0,
        "fat_volume": 0.6827863095332387,
        "melanin_volume": 0,
        "collagen_volume": 0,
        "n": 1.4,
        "g": 0.9,
        "muspx": 13.60316617533904,
        "bmie": 3.731533941055451
    },
    "muscle": {
        "blood_volume_fraction": 0.42235990931890943,
        "ScvO2": 0.03918305068025507,
        "water_volume": 0.09328500469870471,
        "fat_volume": 0,
        "melanin_volume": 0,
        "collagen_volume": 0.48435508598238597,
        "n": 1.4,
        "g": 0.9,
        "muspx": 11.929237021571709,
        "bmie": 0.4020083625841948
    },
    "IJV": {
        "blood_volume_fraction": 1.0,
        "ScvO2": 0.6957001439960712,
        "water_volume": 0,
        "fat_volume": 0,
        "melanin_volume": 0,
        "collagen_volume": 0,
        "n": 1.4,
        "g": 0.9,
        "muspx": 0.21804080036102935,
        "bmie": 0.7109386590239452
    },
    "CCA": {
        "blood_volume_fraction": 1.0,
        "ScvO2": 0.9877429651284689,
        "water_volume": 0,
        "fat_volume": 0,
        "melanin_volume": 0,
        "collagen_volume": 0,
        "n": 1.4,
        "g": 0.94,
        "muspx": 1.3039814438565163,
        "bmie": 0.18118021600050457
    },
    "geometry": [
        2,
        2.25,
        5.21,
        13,
        6,
        16,
        3
    ],
    "spec_rmsp": 8.355134345749535,
    "absorb_rmsp": 71.4361377121604
}