{
    "skin": {
        "blood_volume_fraction": 0.11501660741580752,
        "ScvO2": 0.982361354257163,
        "water_volume": 0.19756880761040618,
        "fat_volume": 0.30114792359523385,
        "melanin_volume": 0.3862666613785525,
        "collagen_volume": 0,
        "n": 1.4,
        "g": 0.71,
        "muspx": 62.91438857726013,
        "bmie": 1.7547226010919568
    },
    "fat": {
        "blood_volume_fraction": 0.5804997472659688,
        "ScvO2": 1.045301659003884e-06,
        "water_volume": 0,
        "fat_volume": 0.4195002527340313,
        "melanin_volume": 0,
        "collagen_volume": 0,
        "n": 1.4,
        "g": 0.9,
        "muspx": 11.235120092686229,
        "bmie": 3.404294004048932
    },
    "muscle": {
        "blood_volume_fraction": 0.8373968876996625,
        "ScvO2": 0.017357246717054138,
        "water_volume": 0.093092648247225,
        "fat_volume": 0,
        "melanin_volume": 0,
        "collagen_volume": 0.06951046405311259,
        "n": 1.4,
        "g": 0.9,
        "muspx": 11.239216296401437,
        "bmie": 0.695843754420176
    },
    "IJV": {
        "blood_volume_fraction": 1.0,
        "ScvO2": 0.6970159251042565,
        "water_volume": 0,
        "fat_volume": 0,
        "melanin_volume": 0,
        "collagen_volume": 0,
        "n": 1.4,
        "g": 0.9,
        "muspx": 0.7302824344766696,
        "bmie": 1.1964312173426261
    },
    "CCA": {
        "blood_volume_fraction": 1.0,
        "ScvO2": 0.995773575766171,
        "water_volume": 0,
        "fat_volume": 0,
        "melanin_volume": 0,
        "collagen_volume": 0,
        "n": 1.4,
        "g": 0.94,
        "muspx": 1.3363352459354396,
        "bmie": 0.22978978868454558
    },
    "geometry": [
        2,
        2.25,
        5.21,
        13,
        6,
        16,
        3
    ],
    "spec_rmsp": 8.824532514563717,
    "absorb_rmsp": 71.69540796920118
}