{
    "skin": {
        "blood_volume_fraction": 0.01057795769385049,
        "ScvO2": 0.9645399953294846,
        "water_volume": 0.2654647986705959,
        "fat_volume": 0.24586650148511358,
        "melanin_volume": 0.4780907421504401,
        "collagen_volume": 0,
        "n": 1.4,
        "g": 0.71,
        "muspx": 44.26939603801837,
        "bmie": 1.9943796084919048
    },
    "fat": {
        "blood_volume_fraction": 0.031119151220868384,
        "ScvO2": 0.001744108333689492,
        "water_volume": 0,
        "fat_volume": 0.9688808487791316,
        "melanin_volume": 0,
        "collagen_volume": 0,
        "n": 1.4,
        "g": 0.9,
        "muspx": 5.250050973952307,
        "bmie": 1.0651302183546338
    },
    "muscle": {
        "blood_volume_fraction": 0.020091209983013066,
        "ScvO2": 0.46079393064150265,
        "water_volume": 0.09511881108284359,
        "fat_volume": 0,
        "melanin_volume": 0,
        "collagen_volume": 0.8847899789341434,
        "n": 1.4,
        "g": 0.9,
        "muspx": 22.90375837434818,
        "bmie": 3.1677978102769138
    },
    "IJV": {
        "blood_volume_fraction": 1.0,
        "ScvO2": 0.6452328444131724,
        "water_volume": 0,
        "fat_volume": 0,
        "melanin_volume": 0,
        "collagen_volume": 0,
        "n": 1.4,
        "g": 0.9,
        "muspx": 0.7602878177973023,
        "bmie": 0.9887332222780467
    },
    "CCA": {
        "blood_volume_fraction": 1.0,
        "ScvO2": 0.9608368235688944,
        "water_volume": 0,
        "fat_volume": 0,
        "melanin_volume": 0,
        "collagen_volume": 0,
        "n": 1.4,
        "g": 0.94,
        "muspx": 0.04471600135182647,
        "bmie": 1.0247733426781953
    },
    "geometry": [
        2,
        2.25,
        5.21,
        13,
        6,
        16,
        3
    ],
    "spec_rmsp": 10.149040850131826,
    "absorb_rmsp": 95.79282127996477
}