{
    "skin": {
        "blood_volume_fraction": 0.00309809238921146,
        "ScvO2": 0.4656412445829829,
        "water_volume": 0.24612099785214236,
        "fat_volume": 0.17438607399663436,
        "melanin_volume": 0.5763948357620119,
        "collagen_volume": 0,
        "n": 1.4,
        "g": 0.71,
        "muspx": 64.60308396663534,
        "bmie": 2.520527396645609
    },
    "fat": {
        "blood_volume_fraction": 0.03149213138789059,
        "ScvO2": 2.59710861461322e-05,
        "water_volume": 0,
        "fat_volume": 0.9685078686121094,
        "melanin_volume": 0,
        "collagen_volume": 0,
        "n": 1.4,
        "g": 0.9,
        "muspx": 3.7140917417947446,
        "bmie": 1.2262369128029738
    },
    "muscle": {
        "blood_volume_fraction": 0.003161007351922983,
        "ScvO2": 0.5635450777445628,
        "water_volume": 0.09383847270632276,
        "fat_volume": 0,
        "melanin_volume": 0,
        "collagen_volume": 0.9030005199417543,
        "n": 1.4,
        "g": 0.9,
        "muspx": 23.082370405714975,
        "bmie": 2.765679079408881
    },
    "IJV": {
        "blood_volume_fraction": 1.0,
        "ScvO2": 0.6262658107141099,
        "water_volume": 0,
        "fat_volume": 0,
        "melanin_volume": 0,
        "collagen_volume": 0,
        "n": 1.4,
        "g": 0.9,
        "muspx": 0.07395983727322486,
        "bmie": 0.8832581955290861
    },
    "CCA": {
        "blood_volume_fraction": 1.0,
        "ScvO2": 0.9690969651945927,
        "water_volume": 0,
        "fat_volume": 0,
        "melanin_volume": 0,
        "collagen_volume": 0,
        "n": 1.4,
        "g": 0.94,
        "muspx": 0.0,
        "bmie": 0.9506686495601968
    },
    "geometry": [
        2,
        2.25,
        5.21,
        13,
        6,
        16,
        3
    ],
    "spec_rmsp": 9.571335499317044,
    "absorb_rmsp": 96.97681707644793
}