{
    "skin": {
        "blood_volume_fraction": 0.003573454268073873,
        "ScvO2": 0.26776887838863594,
        "water_volume": 0.23620542818980045,
        "fat_volume": 0.020008453730513368,
        "melanin_volume": 0.7402126638116123,
        "collagen_volume": 0,
        "n": 1.4,
        "g": 0.71,
        "muspx": 65.00217338402139,
        "bmie": 2.414158191442556
    },
    "fat": {
        "blood_volume_fraction": 0.05790120054943818,
        "ScvO2": 6.309548714411651e-05,
        "water_volume": 0,
        "fat_volume": 0.9420987994505619,
        "melanin_volume": 0,
        "collagen_volume": 0,
        "n": 1.4,
        "g": 0.9,
        "muspx": 3.449266844823899,
        "bmie": 1.4591689770129146
    },
    "muscle": {
        "blood_volume_fraction": 0.006923180917155759,
        "ScvO2": 0.3678375267198106,
        "water_volume": 0.0936529335768024,
        "fat_volume": 0,
        "melanin_volume": 0,
        "collagen_volume": 0.8994238855060419,
        "n": 1.4,
        "g": 0.9,
        "muspx": 23.53387228468521,
        "bmie": 2.6816052489912963
    },
    "IJV": {
        "blood_volume_fraction": 1.0,
        "ScvO2": 0.6245032362634152,
        "water_volume": 0,
        "fat_volume": 0,
        "melanin_volume": 0,
        "collagen_volume": 0,
        "n": 1.4,
        "g": 0.9,
        "muspx": 0.0,
        "bmie": 0.7478931786581334
    },
    "CCA": {
        "blood_volume_fraction": 1.0,
        "ScvO2": 0.9761051696864805,
        "water_volume": 0,
        "fat_volume": 0,
        "melanin_volume": 0,
        "collagen_volume": 0,
        "n": 1.4,
        "g": 0.94,
        "muspx": 0.0,
        "bmie": 1.3437039949117247
    },
    "geometry": [
        2,
        2.25,
        5.21,
        13,
        6,
        16,
        3
    ],
    "spec_rmsp": 9.497397804812755,
    "absorb_rmsp": 97.63594812766613
}