{
    "skin": {
        "blood_volume_fraction": 0.0034783858670367407,
        "ScvO2": 0.22952030081736452,
        "water_volume": 0.2388120134922575,
        "fat_volume": 0.012947326109813138,
        "melanin_volume": 0.7447622745308926,
        "collagen_volume": 0,
        "n": 1.4,
        "g": 0.71,
        "muspx": 65.94941982631788,
        "bmie": 2.4862410158201227
    },
    "fat": {
        "blood_volume_fraction": 0.04712061544674532,
        "ScvO2": 5.483824320833663e-05,
        "water_volume": 0,
        "fat_volume": 0.9528793845532547,
        "melanin_volume": 0,
        "collagen_volume": 0,
        "n": 1.4,
        "g": 0.9,
        "muspx": 3.520542814195119,
        "bmie": 1.4855790792824808
    },
    "muscle": {
        "blood_volume_fraction": 0.0034061379357783507,
        "ScvO2": 0.455771038673327,
        "water_volume": 0.09366490991920536,
        "fat_volume": 0,
        "melanin_volume": 0,
        "collagen_volume": 0.9029289521450163,
        "n": 1.4,
        "g": 0.9,
        "muspx": 23.63118974947944,
        "bmie": 2.6920655314319974
    },
    "IJV": {
        "blood_volume_fraction": 1.0,
        "ScvO2": 0.6225654305870835,
        "water_volume": 0,
        "fat_volume": 0,
        "melanin_volume": 0,
        "collagen_volume": 0,
        "n": 1.4,
        "g": 0.9,
        "muspx": 0.0050506830111914066,
        "bmie": 0.6662731478905518
    },
    "CCA": {
        "blood_volume_fraction": 1.0,
        "ScvO2": 0.9751786220595583,
        "water_volume": 0,
        "fat_volume": 0,
        "melanin_volume": 0,
        "collagen_volume": 0,
        "n": 1.4,
        "g": 0.94,
        "muspx": 9.666199061889795e-06,
        "bmie": 1.319026370576152
    },
    "geometry": [
        2,
        2.25,
        5.21,
        13,
        6,
        16,
        3
    ],
    "spec_rmsp": 9.493845685474058,
    "absorb_rmsp": 97.4142202920617
}