{
    "skin": {
        "blood_volume_fraction": 0.0033258802130336903,
        "ScvO2": 0.3184442771872823,
        "water_volume": 0.23910076310178316,
        "fat_volume": 0.020549764197225064,
        "melanin_volume": 0.7370235924879582,
        "collagen_volume": 0,
        "n": 1.4,
        "g": 0.71,
        "muspx": 64.99428100801,
        "bmie": 2.4390136276574585
    },
    "fat": {
        "blood_volume_fraction": 0.04765645200546643,
        "ScvO2": 5.673780393568938e-05,
        "water_volume": 0,
        "fat_volume": 0.9523435479945336,
        "melanin_volume": 0,
        "collagen_volume": 0,
        "n": 1.4,
        "g": 0.9,
        "muspx": 3.644687907854415,
        "bmie": 1.4366273945720873
    },
    "muscle": {
        "blood_volume_fraction": 0.0054947621697020626,
        "ScvO2": 0.4534442680972435,
        "water_volume": 0.09365779172179396,
        "fat_volume": 0,
        "melanin_volume": 0,
        "collagen_volume": 0.900847446108504,
        "n": 1.4,
        "g": 0.9,
        "muspx": 23.37043346857815,
        "bmie": 2.7093546520920575
    },
    "IJV": {
        "blood_volume_fraction": 1.0,
        "ScvO2": 0.6248669368838051,
        "water_volume": 0,
        "fat_volume": 0,
        "melanin_volume": 0,
        "collagen_volume": 0,
        "n": 1.4,
        "g": 0.9,
        "muspx": 0.0,
        "bmie": 0.7573852780438692
    },
    "CCA": {
        "blood_volume_fraction": 1.0,
        "ScvO2": 0.9753338763372084,
        "water_volume": 0,
        "fat_volume": 0,
        "melanin_volume": 0,
        "collagen_volume": 0,
        "n": 1.4,
        "g": 0.94,
        "muspx": 0.0,
        "bmie": 1.24047258599464
    },
    "geometry": [
        2,
        2.25,
        5.21,
        13,
        6,
        16,
        3
    ],
    "spec_rmsp": 9.519555902736831,
    "absorb_rmsp": 97.51538729833423
}