{
    "skin": {
        "blood_volume_fraction": 0.0018940997920932122,
        "ScvO2": 0.5625425088562162,
        "water_volume": 0.24834473777632815,
        "fat_volume": 0.19344362586447625,
        "melanin_volume": 0.5563175365671024,
        "collagen_volume": 0,
        "n": 1.4,
        "g": 0.71,
        "muspx": 64.36333388132468,
        "bmie": 2.5757143661096773
    },
    "fat": {
        "blood_volume_fraction": 0.015458520394824244,
        "ScvO2": 3.445956005033469e-05,
        "water_volume": 0,
        "fat_volume": 0.9845414796051758,
        "melanin_volume": 0,
        "collagen_volume": 0,
        "n": 1.4,
        "g": 0.9,
        "muspx": 3.8186587892062454,
        "bmie": 1.1903698726865202
    },
    "muscle": {
        "blood_volume_fraction": 0.0019694817043494654,
        "ScvO2": 0.5639482949769345,
        "water_volume": 0.09396306588411299,
        "fat_volume": 0,
        "melanin_volume": 0,
        "collagen_volume": 0.9040674524115376,
        "n": 1.4,
        "g": 0.9,
        "muspx": 23.091918417356656,
        "bmie": 2.78771925163472
    },
    "IJV": {
        "blood_volume_fraction": 1.0,
        "ScvO2": 0.628349387941983,
        "water_volume": 0,
        "fat_volume": 0,
        "melanin_volume": 0,
        "collagen_volume": 0,
        "n": 1.4,
        "g": 0.9,
        "muspx": 0.3695353715712443,
        "bmie": 0.8559557811357154
    },
    "CCA": {
        "blood_volume_fraction": 1.0,
        "ScvO2": 0.9644562785591483,
        "water_volume": 0,
        "fat_volume": 0,
        "melanin_volume": 0,
        "collagen_volume": 0,
        "n": 1.4,
        "g": 0.94,
        "muspx": 0.0019122457461359108,
        "bmie": 0.9336275077985737
    },
    "geometry": [
        2,
        2.25,
        5.21,
        13,
        6,
        16,
        3
    ],
    "spec_rmsp": 9.60628272350674,
    "absorb_rmsp": 96.88890839201203
}