{
    "skin": {
        "blood_volume_fraction": 0.0019477643226093978,
        "ScvO2": 0.44432038111899397,
        "water_volume": 0.2434988348741009,
        "fat_volume": 0.11330871314419039,
        "melanin_volume": 0.6412446876590994,
        "collagen_volume": 0,
        "n": 1.4,
        "g": 0.71,
        "muspx": 64.97605627531513,
        "bmie": 2.534911260450551
    },
    "fat": {
        "blood_volume_fraction": 0.02833910522096294,
        "ScvO2": 0.0,
        "water_volume": 0,
        "fat_volume": 0.971660894779037,
        "melanin_volume": 0,
        "collagen_volume": 0,
        "n": 1.4,
        "g": 0.9,
        "muspx": 3.7832868120885337,
        "bmie": 1.267787500658427
    },
    "muscle": {
        "blood_volume_fraction": 0.0026167192774775657,
        "ScvO2": 0.4828618559025197,
        "water_volume": 0.09385069555153253,
        "fat_volume": 0,
        "melanin_volume": 0,
        "collagen_volume": 0.9035325851709899,
        "n": 1.4,
        "g": 0.9,
        "muspx": 23.018270846411585,
        "bmie": 2.738166330095183
    },
    "IJV": {
        "blood_volume_fraction": 1.0,
        "ScvO2": 0.6277330014113973,
        "water_volume": 0,
        "fat_volume": 0,
        "melanin_volume": 0,
        "collagen_volume": 0,
        "n": 1.4,
        "g": 0.9,
        "muspx": 0.22384605587575512,
        "bmie": 0.6481209822756143
    },
    "CCA": {
        "blood_volume_fraction": 1.0,
        "ScvO2": 0.9703078235319158,
        "water_volume": 0,
        "fat_volume": 0,
        "melanin_volume": 0,
        "collagen_volume": 0,
        "n": 1.4,
        "g": 0.94,
        "muspx": 0.0,
        "bmie": 1.0278078430336242
    },
    "geometry": [
        2,
        2.25,
        5.21,
        13,
        6,
        16,
        3
    ],
    "spec_rmsp": 9.569538289867861,
    "absorb_rmsp": 97.27732260675447
}