{
    "skin": {
        "blood_volume_fraction": 0.003026390195213612,
        "ScvO2": 0.3182498595925228,
        "water_volume": 0.24041204318365716,
        "fat_volume": 0.021048259255682336,
        "melanin_volume": 0.735513307365447,
        "collagen_volume": 0,
        "n": 1.4,
        "g": 0.71,
        "muspx": 64.62083545930264,
        "bmie": 2.4322576433835703
    },
    "fat": {
        "blood_volume_fraction": 0.0429260419009801,
        "ScvO2": 5.325196260216517e-05,
        "water_volume": 0,
        "fat_volume": 0.95707395809902,
        "melanin_volume": 0,
        "collagen_volume": 0,
        "n": 1.4,
        "g": 0.9,
        "muspx": 3.7636755197929554,
        "bmie": 1.4171300291453524
    },
    "muscle": {
        "blood_volume_fraction": 0.005017511110794221,
        "ScvO2": 0.5310064831279238,
        "water_volume": 0.09360138209034849,
        "fat_volume": 0,
        "melanin_volume": 0,
        "collagen_volume": 0.9013811067988573,
        "n": 1.4,
        "g": 0.9,
        "muspx": 23.393505266022245,
        "bmie": 2.7313896776515456
    },
    "IJV": {
        "blood_volume_fraction": 1.0,
        "ScvO2": 0.6242383075782395,
        "water_volume": 0,
        "fat_volume": 0,
        "melanin_volume": 0,
        "collagen_volume": 0,
        "n": 1.4,
        "g": 0.9,
        "muspx": 0.0,
        "bmie": 0.8068964778125588
    },
    "CCA": {
        "blood_volume_fraction": 1.0,
        "ScvO2": 0.9762004294760903,
        "water_volume": 0,
        "fat_volume": 0,
        "melanin_volume": 0,
        "collagen_volume": 0,
        "n": 1.4,
        "g": 0.94,
        "muspx": 0.0,
        "bmie": 1.1398539420213774
    },
    "geometry": [
        2,
        2.25,
        5.21,
        13,
        6,
        16,
        3
    ],
    "spec_rmsp": 9.53147174489369,
    "absorb_rmsp": 97.46313188760368
}