{
    "skin": {
        "blood_volume_fraction": 0.12811499731998507,
        "ScvO2": 0.012174973763717092,
        "water_volume": 0.2966233531995861,
        "fat_volume": 0.12051197538216678,
        "melanin_volume": 0.4547496740982621,
        "collagen_volume": 0,
        "n": 1.4,
        "g": 0.71,
        "muspx": 88.3254723685501,
        "bmie": 1.7883944175553457
    },
    "fat": {
        "blood_volume_fraction": 0.06612049988591183,
        "ScvO2": 0.006959134183991796,
        "water_volume": 0,
        "fat_volume": 0.9338795001140883,
        "melanin_volume": 0,
        "collagen_volume": 0,
        "n": 1.4,
        "g": 0.9,
        "muspx": 34.09692774251104,
        "bmie": 5.399174295504506
    },
    "muscle": {
        "blood_volume_fraction": 0.33524024445690875,
        "ScvO2": 0.03214595286660984,
        "water_volume": 0.0875157627447929,
        "fat_volume": 0,
        "melanin_volume": 0,
        "collagen_volume": 0.5772439927982984,
        "n": 1.4,
        "g": 0.9,
        "muspx": 13.898207561668276,
        "bmie": 2.391706964495681
    },
    "IJV": {
        "blood_volume_fraction": 1.0,
        "ScvO2": 0.0,
        "water_volume": 0,
        "fat_volume": 0,
        "melanin_volume": 0,
        "collagen_volume": 0,
        "n": 1.4,
        "g": 0.9,
        "muspx": 2.607533539038925,
        "bmie": 0.975483301694942
    },
    "CCA": {
        "blood_volume_fraction": 1.0,
        "ScvO2": 0.5322940563425231,
        "water_volume": 0,
        "fat_volume": 0,
        "melanin_volume": 0,
        "collagen_volume": 0,
        "n": 1.4,
        "g": 0.94,
        "muspx": 0.07291487070940404,
        "bmie": 0.4004154956366957
    },
    "geometry": [
        2,
        2.25,
        5.21,
        13,
        6,
        16,
        3
    ],
    "spec_rmsp": 8.728548096376802,
    "absorb_rmsp": 59.030939327381994
}