{
    "skin": {
        "blood_volume_fraction": 0.04722800615905831,
        "ScvO2": 0.0,
        "water_volume": 0.29857615905187296,
        "fat_volume": 0.2563357082963296,
        "melanin_volume": 0.3978601264927391,
        "collagen_volume": 0,
        "n": 1.4,
        "g": 0.71,
        "muspx": 69.61087811734221,
        "bmie": 1.8895150702382857
    },
    "fat": {
        "blood_volume_fraction": 0.03393899700337676,
        "ScvO2": 0.010053564492298698,
        "water_volume": 0,
        "fat_volume": 0.9660610029966233,
        "melanin_volume": 0,
        "collagen_volume": 0,
        "n": 1.4,
        "g": 0.9,
        "muspx": 29.176410814172954,
        "bmie": 4.563485003723722
    },
    "muscle": {
        "blood_volume_fraction": 0.1989332285687108,
        "ScvO2": 0.10547965505651394,
        "water_volume": 0.08698611049887305,
        "fat_volume": 0,
        "melanin_volume": 0,
        "collagen_volume": 0.7140806609324162,
        "n": 1.4,
        "g": 0.9,
        "muspx": 13.705948268319897,
        "bmie": 2.0493267939800086
    },
    "IJV": {
        "blood_volume_fraction": 1.0,
        "ScvO2": 0.0,
        "water_volume": 0,
        "fat_volume": 0,
        "melanin_volume": 0,
        "collagen_volume": 0,
        "n": 1.4,
        "g": 0.9,
        "muspx": 2.6067044145204434,
        "bmie": 0.9776584237099332
    },
    "CCA": {
        "blood_volume_fraction": 1.0,
        "ScvO2": 0.14331510162744485,
        "water_volume": 0,
        "fat_volume": 0,
        "melanin_volume": 0,
        "collagen_volume": 0,
        "n": 1.4,
        "g": 0.94,
        "muspx": 0.06829368441588947,
        "bmie": 0.24890130341681643
    },
    "geometry": [
        2,
        2.25,
        5.21,
        13,
        6,
        16,
        3
    ],
    "spec_rmsp": 9.022459779298323,
    "absorb_rmsp": 77.30371028886427
}