{
    "skin": {
        "blood_volume_fraction": 0.11045478381548317,
        "ScvO2": 0.01628837125712178,
        "water_volume": 0.29373878428691125,
        "fat_volume": 0.101273584660499,
        "melanin_volume": 0.4945328472371066,
        "collagen_volume": 0,
        "n": 1.4,
        "g": 0.71,
        "muspx": 90.05852461018603,
        "bmie": 1.5403179519047492
    },
    "fat": {
        "blood_volume_fraction": 0.074730375525805,
        "ScvO2": 0.003181433200386034,
        "water_volume": 0,
        "fat_volume": 0.925269624474195,
        "melanin_volume": 0,
        "collagen_volume": 0,
        "n": 1.4,
        "g": 0.9,
        "muspx": 36.47420470344285,
        "bmie": 5.5812339595783405
    },
    "muscle": {
        "blood_volume_fraction": 0.35778928333887866,
        "ScvO2": 0.3977164637419096,
        "water_volume": 0.08712304965969443,
        "fat_volume": 0,
        "melanin_volume": 0,
        "collagen_volume": 0.555087667001427,
        "n": 1.4,
        "g": 0.9,
        "muspx": 14.633112031316923,
        "bmie": 2.4893793728039713
    },
    "IJV": {
        "blood_volume_fraction": 1.0,
        "ScvO2": 1.957290010308087e-05,
        "water_volume": 0,
        "fat_volume": 0,
        "melanin_volume": 0,
        "collagen_volume": 0,
        "n": 1.4,
        "g": 0.9,
        "muspx": 2.772857338473231,
        "bmie": 0.9438194208306055
    },
    "CCA": {
        "blood_volume_fraction": 1.0,
        "ScvO2": 0.6358125428022758,
        "water_volume": 0,
        "fat_volume": 0,
        "melanin_volume": 0,
        "collagen_volume": 0,
        "n": 1.4,
        "g": 0.94,
        "muspx": 0.12085399219563828,
        "bmie": 0.0
    },
    "geometry": [
        2,
        2.25,
        5.21,
        13,
        6,
        16,
        3
    ],
    "spec_rmsp": 8.981545249498176,
    "absorb_rmsp": 47.273176802033724
}