{
    "skin": {
        "blood_volume_fraction": 0.10886428281454061,
        "ScvO2": 0.023000717373738783,
        "water_volume": 0.30022724821926955,
        "fat_volume": 0.20218072836874917,
        "melanin_volume": 0.38872774059744075,
        "collagen_volume": 0,
        "n": 1.4,
        "g": 0.71,
        "muspx": 92.0062001492684,
        "bmie": 1.8969990212104753
    },
    "fat": {
        "blood_volume_fraction": 0.03628038141785649,
        "ScvO2": 0.008217896919469468,
        "water_volume": 0,
        "fat_volume": 0.9637196185821435,
        "melanin_volume": 0,
        "collagen_volume": 0,
        "n": 1.4,
        "g": 0.9,
        "muspx": 30.883416563148437,
        "bmie": 5.362879964425973
    },
    "muscle": {
        "blood_volume_fraction": 0.30872464070342776,
        "ScvO2": 0.3430624262707571,
        "water_volume": 0.08798392934387811,
        "fat_volume": 0,
        "melanin_volume": 0,
        "collagen_volume": 0.6032914299526941,
        "n": 1.4,
        "g": 0.9,
        "muspx": 15.22762074524077,
        "bmie": 2.5979155389302147
    },
    "IJV": {
        "blood_volume_fraction": 1.0,
        "ScvO2": 0.0002901453434308111,
        "water_volume": 0,
        "fat_volume": 0,
        "melanin_volume": 0,
        "collagen_volume": 0,
        "n": 1.4,
        "g": 0.9,
        "muspx": 2.912325622699746,
        "bmie": 0.9351847334884568
    },
    "CCA": {
        "blood_volume_fraction": 1.0,
        "ScvO2": 0.23279128930787163,
        "water_volume": 0,
        "fat_volume": 0,
        "melanin_volume": 0,
        "collagen_volume": 0,
        "n": 1.4,
        "g": 0.94,
        "muspx": 0.03919978374947788,
        "bmie": 0.17374010712339052
    },
    "geometry": [
        2,
        2.25,
        5.21,
        13,
        6,
        16,
        3
    ],
    "spec_rmsp": 8.566618772060796,
    "absorb_rmsp": 61.932586524620824
}