{
    "skin": {
        "blood_volume_fraction": 0.10533739975644682,
        "ScvO2": 0.011666837088334306,
        "water_volume": 0.28842980722082057,
        "fat_volume": 0.09370698780349347,
        "melanin_volume": 0.5125258052192392,
        "collagen_volume": 0,
        "n": 1.4,
        "g": 0.71,
        "muspx": 88.98352317404378,
        "bmie": 1.5368302260681561
    },
    "fat": {
        "blood_volume_fraction": 0.072824945311136,
        "ScvO2": 6.176258064157449e-05,
        "water_volume": 0,
        "fat_volume": 0.927175054688864,
        "melanin_volume": 0,
        "collagen_volume": 0,
        "n": 1.4,
        "g": 0.9,
        "muspx": 36.79763969471148,
        "bmie": 5.208103233430744
    },
    "muscle": {
        "blood_volume_fraction": 0.3370277345505446,
        "ScvO2": 1.0,
        "water_volume": 0.086847012180878,
        "fat_volume": 0,
        "melanin_volume": 0,
        "collagen_volume": 0.5761252532685774,
        "n": 1.4,
        "g": 0.9,
        "muspx": 15.944866713855362,
        "bmie": 2.60790708316636
    },
    "IJV": {
        "blood_volume_fraction": 1.0,
        "ScvO2": 0.0,
        "water_volume": 0,
        "fat_volume": 0,
        "melanin_volume": 0,
        "collagen_volume": 0,
        "n": 1.4,
        "g": 0.9,
        "muspx": 2.89291280353148,
        "bmie": 0.7188286771865252
    },
    "CCA": {
        "blood_volume_fraction": 1.0,
        "ScvO2": 0.15424625908425238,
        "water_volume": 0,
        "fat_volume": 0,
        "melanin_volume": 0,
        "collagen_volume": 0,
        "n": 1.4,
        "g": 0.94,
        "muspx": 0.11791208280260473,
        "bmie": 0.00012395106757762814
    },
    "geometry": [
        2,
        2.25,
        5.21,
        13,
        6,
        16,
        3
    ],
    "spec_rmsp": 8.688385315793354,
    "absorb_rmsp": 44.316790551621914
}