{
    "skin": {
        "blood_volume_fraction": 0.12975386781274992,
        "ScvO2": 0.014172017884175504,
        "water_volume": 0.2928464515028695,
        "fat_volume": 0.06231834505562475,
        "melanin_volume": 0.5150813356287559,
        "collagen_volume": 0,
        "n": 1.4,
        "g": 0.71,
        "muspx": 88.92310650860804,
        "bmie": 1.4634088164961994
    },
    "fat": {
        "blood_volume_fraction": 0.07830309027889827,
        "ScvO2": 0.0006846198138220875,
        "water_volume": 0,
        "fat_volume": 0.9216969097211016,
        "melanin_volume": 0,
        "collagen_volume": 0,
        "n": 1.4,
        "g": 0.9,
        "muspx": 32.54243203605422,
        "bmie": 5.153187361990017
    },
    "muscle": {
        "blood_volume_fraction": 0.34886443883323354,
        "ScvO2": 0.5399395759238473,
        "water_volume": 0.08726016637189637,
        "fat_volume": 0,
        "melanin_volume": 0,
        "collagen_volume": 0.56387539479487,
        "n": 1.4,
        "g": 0.9,
        "muspx": 15.999901417840672,
        "bmie": 2.6851005934839542
    },
    "IJV": {
        "blood_volume_fraction": 1.0,
        "ScvO2": 5.0360073787497636e-05,
        "water_volume": 0,
        "fat_volume": 0,
        "melanin_volume": 0,
        "collagen_volume": 0,
        "n": 1.4,
        "g": 0.9,
        "muspx": 2.819735865622653,
        "bmie": 0.9784563681321787
    },
    "CCA": {
        "blood_volume_fraction": 1.0,
        "ScvO2": 0.554968472350059,
        "water_volume": 0,
        "fat_volume": 0,
        "melanin_volume": 0,
        "collagen_volume": 0,
        "n": 1.4,
        "g": 0.94,
        "muspx": 0.11322777498619928,
        "bmie": 0.09046696467059503
    },
    "geometry": [
        2,
        2.25,
        5.21,
        13,
        6,
        16,
        3
    ],
    "spec_rmsp": 8.786623012458072,
    "absorb_rmsp": 46.62394860461043
}