{
    "skin": {
        "blood_volume_fraction": 0.0,
        "ScvO2": 0.0,
        "water_volume": 0.2775614240594884,
        "fat_volume": 0.36846522786688735,
        "melanin_volume": 0.36350903771624765,
        "collagen_volume": 0,
        "n": 1.4,
        "g": 0.71,
        "muspx": 68.53386827334654,
        "bmie": 2.1609816657604703
    },
    "fat": {
        "blood_volume_fraction": 0.11757920980714763,
        "ScvO2": 0.018452830202738597,
        "water_volume": 0,
        "fat_volume": 0.8824207901928524,
        "melanin_volume": 0,
        "collagen_volume": 0,
        "n": 1.4,
        "g": 0.9,
        "muspx": 32.14959993783326,
        "bmie": 4.161602284861408
    },
    "muscle": {
        "blood_volume_fraction": 0.28729101320114697,
        "ScvO2": 0.0,
        "water_volume": 0.08660139053696587,
        "fat_volume": 0,
        "melanin_volume": 0,
        "collagen_volume": 0.6261075962618872,
        "n": 1.4,
        "g": 0.9,
        "muspx": 6.736565666539343,
        "bmie": 1.0004319160341701
    },
    "IJV": {
        "blood_volume_fraction": 1.0,
        "ScvO2": 0.0,
        "water_volume": 0,
        "fat_volume": 0,
        "melanin_volume": 0,
        "collagen_volume": 0,
        "n": 1.4,
        "g": 0.9,
        "muspx": 1.4367698760156087,
        "bmie": 1.0936712759463463
    },
    "CCA": {
        "blood_volume_fraction": 1.0,
        "ScvO2": 0.0,
        "water_volume": 0,
        "fat_volume": 0,
        "melanin_volume": 0,
        "collagen_volume": 0,
        "n": 1.4,
        "g": 0.94,
        "muspx": 0.0,
        "bmie": 0.8974407429623932
    },
    "geometry": [
        2,
        2.25,
        5.21,
        13,
        6,
        16,
        3
    ],
    "spec_rmsp": 10.328925584286894,
    "absorb_rmsp": 71.4302983231974
}