{
    "skin": {
        "blood_volume_fraction": 0.08778646275292634,
        "ScvO2": 0.9084315343085384,
        "water_volume": 0.4372269730886658,
        "fat_volume": 0.2271899806098195,
        "melanin_volume": 0.24779658354858833,
        "collagen_volume": 0,
        "n": 1.4,
        "g": 0.71,
        "muspx": 46.57797707334706,
        "bmie": 1.9655940211203022
    },
    "fat": {
        "blood_volume_fraction": 0.05634873507343727,
        "ScvO2": 0.1035074475923966,
        "water_volume": 0,
        "fat_volume": 0.9436512649265627,
        "melanin_volume": 0,
        "collagen_volume": 0,
        "n": 1.4,
        "g": 0.9,
        "muspx": 16.18963379141663,
        "bmie": 0.5860837258122835
    },
    "muscle": {
        "blood_volume_fraction": 0.027539085149091497,
        "ScvO2": 0.3096110184543583,
        "water_volume": 0.07513376947778184,
        "fat_volume": 0,
        "melanin_volume": 0,
        "collagen_volume": 0.8973271453731266,
        "n": 1.4,
        "g": 0.9,
        "muspx": 12.37082369034529,
        "bmie": 1.0612759879795062
    },
    "IJV": {
        "blood_volume_fraction": 1.0,
        "ScvO2": 0.33501121953778745,
        "water_volume": 0,
        "fat_volume": 0,
        "melanin_volume": 0,
        "collagen_volume": 0,
        "n": 1.4,
        "g": 0.9,
        "muspx": 0.17526126841262768,
        "bmie": 1.0
    },
    "CCA": {
        "blood_volume_fraction": 1.0,
        "ScvO2": 0.9439202812088571,
        "water_volume": 0,
        "fat_volume": 0,
        "melanin_volume": 0,
        "collagen_volume": 0,
        "n": 1.4,
        "g": 0.94,
        "muspx": 0.636343145686645,
        "bmie": 1.0
    },
    "geometry": [
        2,
        2.25,
        5.21,
        13,
        6,
        16,
        3
    ],
    "spec_rmsp": 33.31169060008786,
    "absorb_rmsp": 85.81895351230952
}