{
    "skin": {
        "blood_volume_fraction": 0.11447592290447824,
        "ScvO2": 0.009207960112006626,
        "water_volume": 0.28997432975870635,
        "fat_volume": 0.08795313913096228,
        "melanin_volume": 0.5075966082058532,
        "collagen_volume": 0,
        "n": 1.4,
        "g": 0.71,
        "muspx": 87.94980755870208,
        "bmie": 1.5097130160282082
    },
    "fat": {
        "blood_volume_fraction": 0.0731472550082103,
        "ScvO2": 0.0004953420182861759,
        "water_volume": 0,
        "fat_volume": 0.9268527449917896,
        "melanin_volume": 0,
        "collagen_volume": 0,
        "n": 1.4,
        "g": 0.9,
        "muspx": 32.82639834454901,
        "bmie": 5.053771357476529
    },
    "muscle": {
        "blood_volume_fraction": 0.35193885812386866,
        "ScvO2": 0.7045624609209509,
        "water_volume": 0.08721847184206202,
        "fat_volume": 0,
        "melanin_volume": 0,
        "collagen_volume": 0.5608426700340694,
        "n": 1.4,
        "g": 0.9,
        "muspx": 15.439103997258062,
        "bmie": 2.581776618100383
    },
    "IJV": {
        "blood_volume_fraction": 1.0,
        "ScvO2": 2.5290551258366822e-05,
        "water_volume": 0,
        "fat_volume": 0,
        "melanin_volume": 0,
        "collagen_volume": 0,
        "n": 1.4,
        "g": 0.9,
        "muspx": 2.85289186809536,
        "bmie": 0.9112949106834347
    },
    "CCA": {
        "blood_volume_fraction": 1.0,
        "ScvO2": 0.44754467176279294,
        "water_volume": 0,
        "fat_volume": 0,
        "melanin_volume": 0,
        "collagen_volume": 0,
        "n": 1.4,
        "g": 0.94,
        "muspx": 0.11082443041065951,
        "bmie": 0.17467296025213394
    },
    "geometry": [
        2,
        2.25,
        5.21,
        13,
        6,
        16,
        3
    ],
    "spec_rmsp": 8.73002375736057,
    "absorb_rmsp": 47.21207601716675
}