{
    "skin": {
        "blood_volume_fraction": 0.14908383518782425,
        "ScvO2": 0.006778977490754493,
        "water_volume": 0.29889951756335637,
        "fat_volume": 0.10505808849563403,
        "melanin_volume": 0.44695855875318535,
        "collagen_volume": 0,
        "n": 1.4,
        "g": 0.71,
        "muspx": 89.19803359323623,
        "bmie": 1.732096479576564
    },
    "fat": {
        "blood_volume_fraction": 0.07444999169525662,
        "ScvO2": 0.00587530872220657,
        "water_volume": 0,
        "fat_volume": 0.9255500083047434,
        "melanin_volume": 0,
        "collagen_volume": 0,
        "n": 1.4,
        "g": 0.9,
        "muspx": 32.94074073106821,
        "bmie": 5.370079614164748
    },
    "muscle": {
        "blood_volume_fraction": 0.3647097201508612,
        "ScvO2": 0.1365780695077997,
        "water_volume": 0.08785309032172786,
        "fat_volume": 0,
        "melanin_volume": 0,
        "collagen_volume": 0.547437189527411,
        "n": 1.4,
        "g": 0.9,
        "muspx": 14.475821987579904,
        "bmie": 2.510417027485672
    },
    "IJV": {
        "blood_volume_fraction": 1.0,
        "ScvO2": 0.00012588868713758197,
        "water_volume": 0,
        "fat_volume": 0,
        "melanin_volume": 0,
        "collagen_volume": 0,
        "n": 1.4,
        "g": 0.9,
        "muspx": 2.771695133019456,
        "bmie": 0.9601187450750026
    },
    "CCA": {
        "blood_volume_fraction": 1.0,
        "ScvO2": 0.5687212583163048,
        "water_volume": 0,
        "fat_volume": 0,
        "melanin_volume": 0,
        "collagen_volume": 0,
        "n": 1.4,
        "g": 0.94,
        "muspx": 0.06612554398239251,
        "bmie": 0.4156317919673401
    },
    "geometry": [
        2,
        2.25,
        5.21,
        13,
        6,
        16,
        3
    ],
    "spec_rmsp": 8.781393459791868,
    "absorb_rmsp": 56.87282709109434
}