{
    "skin": {
        "blood_volume_fraction": 0.05682492168211974,
        "ScvO2": 0.6302421088749733,
        "water_volume": 0.8775292703779478,
        "fat_volume": 0.07518044499835119,
        "melanin_volume": 0.008129149376638002,
        "collagen_volume": 0,
        "n": 1.4,
        "g": 0.71,
        "muspx": 32.81148100982177,
        "bmie": 1.9233212237667963
    },
    "fat": {
        "blood_volume_fraction": 0.028171720256576764,
        "ScvO2": 0.47245016501851295,
        "water_volume": 0,
        "fat_volume": 0.9674373995770399,
        "melanin_volume": 0,
        "collagen_volume": 0,
        "n": 1.4,
        "g": 0.9,
        "muspx": 24.893307866098947,
        "bmie": 0.7147753908353678
    },
    "muscle": {
        "blood_volume_fraction": 0.0711718792916422,
        "ScvO2": 0.8063719187887752,
        "water_volume": 0.3698773737132546,
        "fat_volume": 0,
        "melanin_volume": 0,
        "collagen_volume": 0.7641055574000519,
        "n": 1.4,
        "g": 0.9,
        "muspx": 10.995492741909384,
        "bmie": 1.683167183357562
    },
    "IJV": {
        "blood_volume_fraction": 1.0,
        "ScvO2": 0.57287130142548,
        "water_volume": 0,
        "fat_volume": 0,
        "melanin_volume": 0,
        "collagen_volume": 0,
        "n": 1.4,
        "g": 0.9,
        "muspx": 0.4699421595208105,
        "bmie": 1.0
    },
    "CCA": {
        "blood_volume_fraction": 1.0,
        "ScvO2": 0.9060087664732235,
        "water_volume": 0,
        "fat_volume": 0,
        "melanin_volume": 0,
        "collagen_volume": 0,
        "n": 1.4,
        "g": 0.94,
        "muspx": 0.32586606838454935,
        "bmie": 1.0
    },
    "geometry": [
        1.27,
        1.0,
        7.71,
        14.95,
        3.53,
        23.86,
        7.68
    ],
    "spec_rmsp": 5.3269154296563315,
    "absorb_rmsp": 12.979703828160865
}