{
    "skin": {
        "blood_volume_fraction": 0.15014022931575904,
        "ScvO2": 0.8485298460065538,
        "water_volume": 0.23585567634266869,
        "fat_volume": 0.47374179684300216,
        "melanin_volume": 0.14026229749857014,
        "collagen_volume": 0,
        "n": 1.4,
        "g": 0.71,
        "muspx": 92.74875798099063,
        "bmie": 3.3131566152167213
    },
    "fat": {
        "blood_volume_fraction": 0.03470801551042473,
        "ScvO2": 0.003892557353033888,
        "water_volume": 0,
        "fat_volume": 0.9652919844895753,
        "melanin_volume": 0,
        "collagen_volume": 0,
        "n": 1.4,
        "g": 0.9,
        "muspx": 6.683490348541989,
        "bmie": 0.7538251888266867
    },
    "muscle": {
        "blood_volume_fraction": 0.08705059650842237,
        "ScvO2": 0.7955831669344265,
        "water_volume": 0.09012017140395312,
        "fat_volume": 0,
        "melanin_volume": 0,
        "collagen_volume": 0.8228292320876245,
        "n": 1.4,
        "g": 0.9,
        "muspx": 11.055391860664894,
        "bmie": 1.705977425142823
    },
    "IJV": {
        "blood_volume_fraction": 1.0,
        "ScvO2": 0.6701898093778571,
        "water_volume": 0,
        "fat_volume": 0,
        "melanin_volume": 0,
        "collagen_volume": 0,
        "n": 1.4,
        "g": 0.9,
        "muspx": 0.11510978986320908,
        "bmie": 0.16950090382348515
    },
    "CCA": {
        "blood_volume_fraction": 1.0,
        "ScvO2": 0.8109727570422708,
        "water_volume": 0,
        "fat_volume": 0,
        "melanin_volume": 0,
        "collagen_volume": 0,
        "n": 1.4,
        "g": 0.94,
        "muspx": 1.5290261087587065,
        "bmie": 1.0055061757210924
    },
    "geometry": [
        2,
        2.25,
        5.21,
        13,
        6,
        16,
        3
    ],
    "spec_rmsp": 9.826841281025377,
    "absorb_rmsp": 79.62690538807615
}