{
    "skin": {
        "blood_volume_fraction": 0.167457487419041,
        "ScvO2": 0.8633793366251065,
        "water_volume": 0.15742426676900506,
        "fat_volume": 0.5881903028806899,
        "melanin_volume": 0.08692794293126402,
        "collagen_volume": 0,
        "n": 1.4,
        "g": 0.71,
        "muspx": 96.5525822953922,
        "bmie": 3.0213982283006624
    },
    "fat": {
        "blood_volume_fraction": 0.03167270580859504,
        "ScvO2": 0.02095069786084536,
        "water_volume": 0,
        "fat_volume": 0.9683272941914051,
        "melanin_volume": 0,
        "collagen_volume": 0,
        "n": 1.4,
        "g": 0.9,
        "muspx": 3.3760304538964667,
        "bmie": 1.214907366863796
    },
    "muscle": {
        "blood_volume_fraction": 0.0631697940059423,
        "ScvO2": 0.0,
        "water_volume": 0.09315722954288763,
        "fat_volume": 0,
        "melanin_volume": 0,
        "collagen_volume": 0.8436729764511701,
        "n": 1.4,
        "g": 0.9,
        "muspx": 12.423348659513236,
        "bmie": 1.1580055183083067
    },
    "IJV": {
        "blood_volume_fraction": 1.0,
        "ScvO2": 0.6704928940242851,
        "water_volume": 0,
        "fat_volume": 0,
        "melanin_volume": 0,
        "collagen_volume": 0,
        "n": 1.4,
        "g": 0.9,
        "muspx": 0.08240626987627406,
        "bmie": 0.11684173609611063
    },
    "CCA": {
        "blood_volume_fraction": 1.0,
        "ScvO2": 0.1957523648774921,
        "water_volume": 0,
        "fat_volume": 0,
        "melanin_volume": 0,
        "collagen_volume": 0,
        "n": 1.4,
        "g": 0.94,
        "muspx": 2.388450030342818,
        "bmie": 1.2308834204120163
    },
    "geometry": [
        2,
        2.25,
        5.21,
        13,
        6,
        16,
        3
    ],
    "spec_rmsp": 7.3766034699086,
    "absorb_rmsp": 82.90323001014451
}