{
    "skin": {
        "blood_volume_fraction": 0.2361868149087042,
        "ScvO2": 0.8462324779764971,
        "water_volume": 0.1838213798463449,
        "fat_volume": 0.48117362263914776,
        "melanin_volume": 0.09881818260580316,
        "collagen_volume": 0,
        "n": 1.4,
        "g": 0.71,
        "muspx": 99.42316166723374,
        "bmie": 3.023962419923466
    },
    "fat": {
        "blood_volume_fraction": 0.02159744788667936,
        "ScvO2": 0.016170272447148568,
        "water_volume": 0,
        "fat_volume": 0.9784025521133206,
        "melanin_volume": 0,
        "collagen_volume": 0,
        "n": 1.4,
        "g": 0.9,
        "muspx": 3.6180204561943037,
        "bmie": 0.957563513769144
    },
    "muscle": {
        "blood_volume_fraction": 0.06597799702264132,
        "ScvO2": 0.3917553199006275,
        "water_volume": 0.09077265181335514,
        "fat_volume": 0,
        "melanin_volume": 0,
        "collagen_volume": 0.8432493511640036,
        "n": 1.4,
        "g": 0.9,
        "muspx": 12.725700432100162,
        "bmie": 1.4443400482179718
    },
    "IJV": {
        "blood_volume_fraction": 1.0,
        "ScvO2": 0.657856730143418,
        "water_volume": 0,
        "fat_volume": 0,
        "melanin_volume": 0,
        "collagen_volume": 0,
        "n": 1.4,
        "g": 0.9,
        "muspx": 0.0663162617599187,
        "bmie": 0.08781309568833238
    },
    "CCA": {
        "blood_volume_fraction": 1.0,
        "ScvO2": 0.5580799510759491,
        "water_volume": 0,
        "fat_volume": 0,
        "melanin_volume": 0,
        "collagen_volume": 0,
        "n": 1.4,
        "g": 0.94,
        "muspx": 2.459246099880481,
        "bmie": 1.0622337172206593
    },
    "geometry": [
        2,
        2.25,
        5.21,
        13,
        6,
        16,
        3
    ],
    "spec_rmsp": 7.907243234539422,
    "absorb_rmsp": 80.17509152284794
}