{
    "skin": {
        "blood_volume_fraction": 0.29821562326530543,
        "ScvO2": 0.8218187922805626,
        "water_volume": 0.15325747495216696,
        "fat_volume": 0.4540280735197128,
        "melanin_volume": 0.09449882826281487,
        "collagen_volume": 0,
        "n": 1.4,
        "g": 0.71,
        "muspx": 99.74564333937387,
        "bmie": 3.050451939310218
    },
    "fat": {
        "blood_volume_fraction": 0.02262413869945226,
        "ScvO2": 0.021074415465186385,
        "water_volume": 0,
        "fat_volume": 0.9773758613005478,
        "melanin_volume": 0,
        "collagen_volume": 0,
        "n": 1.4,
        "g": 0.9,
        "muspx": 3.991386141703903,
        "bmie": 1.7493199851978602
    },
    "muscle": {
        "blood_volume_fraction": 0.04594919715188842,
        "ScvO2": 0.008664021300445544,
        "water_volume": 0.09302295446018172,
        "fat_volume": 0,
        "melanin_volume": 0,
        "collagen_volume": 0.8610278483879299,
        "n": 1.4,
        "g": 0.9,
        "muspx": 13.384709184375982,
        "bmie": 1.2428394071300632
    },
    "IJV": {
        "blood_volume_fraction": 1.0,
        "ScvO2": 0.664662758082657,
        "water_volume": 0,
        "fat_volume": 0,
        "melanin_volume": 0,
        "collagen_volume": 0,
        "n": 1.4,
        "g": 0.9,
        "muspx": 0.0733159624693636,
        "bmie": 0.058408899832243996
    },
    "CCA": {
        "blood_volume_fraction": 1.0,
        "ScvO2": 0.3044945751265107,
        "water_volume": 0,
        "fat_volume": 0,
        "melanin_volume": 0,
        "collagen_volume": 0,
        "n": 1.4,
        "g": 0.94,
        "muspx": 2.2403816683405946,
        "bmie": 1.2559156913005398
    },
    "geometry": [
        2,
        2.25,
        5.21,
        13,
        6,
        16,
        3
    ],
    "spec_rmsp": 7.164610438550682,
    "absorb_rmsp": 83.171088794176
}