{
    "skin": {
        "blood_volume_fraction": 0.1546005845773242,
        "ScvO2": 0.8419788984460023,
        "water_volume": 0.0,
        "fat_volume": 0.4435382839947559,
        "melanin_volume": 0.5992051254956849,
        "collagen_volume": 0,
        "n": 1.4,
        "g": 0.71,
        "muspx": 54.49339643416272,
        "bmie": 0.8521019983465815
    },
    "fat": {
        "blood_volume_fraction": 0.04056500499545972,
        "ScvO2": 0.0,
        "water_volume": 0,
        "fat_volume": 0.9594349950045403,
        "melanin_volume": 0,
        "collagen_volume": 0,
        "n": 1.4,
        "g": 0.9,
        "muspx": 91.63901463443149,
        "bmie": 0.8887061092481846
    },
    "muscle": {
        "blood_volume_fraction": 0.0,
        "ScvO2": 0.47961653324956816,
        "water_volume": 0.09501567543805123,
        "fat_volume": 0,
        "melanin_volume": 0,
        "collagen_volume": 0.9196677093770524,
        "n": 1.4,
        "g": 0.9,
        "muspx": 8.741533102515564,
        "bmie": 2.1497070732124435
    },
    "IJV": {
        "blood_volume_fraction": 1.0,
        "ScvO2": 0.0,
        "water_volume": 0,
        "fat_volume": 0,
        "melanin_volume": 0,
        "collagen_volume": 0,
        "n": 1.4,
        "g": 0.9,
        "muspx": 0.9331261885124567,
        "bmie": 1.0
    },
    "CCA": {
        "blood_volume_fraction": 1.0,
        "ScvO2": 1.0,
        "water_volume": 0,
        "fat_volume": 0,
        "melanin_volume": 0,
        "collagen_volume": 0,
        "n": 1.4,
        "g": 0.94,
        "muspx": 0.3692064375328559,
        "bmie": 0.9994776102539654
    },
    "geometry": [
        2,
        2.25,
        5.21,
        13,
        6,
        16,
        3
    ],
    "spec_rmsp": 19.018948705734434,
    "absorb_rmsp": 102.72478355797462
}