{
    "skin": {
        "blood_volume_fraction": 0.1781238978056329,
        "ScvO2": 0.8656202634679135,
        "water_volume": 0.16819054734244562,
        "fat_volume": 0.5530083142001198,
        "melanin_volume": 0.10067724065180185,
        "collagen_volume": 0,
        "n": 1.4,
        "g": 0.71,
        "muspx": 95.08394650750125,
        "bmie": 3.0241874729443525
    },
    "fat": {
        "blood_volume_fraction": 0.017930715960934283,
        "ScvO2": 0.021174062531185596,
        "water_volume": 0,
        "fat_volume": 0.9820692840390657,
        "melanin_volume": 0,
        "collagen_volume": 0,
        "n": 1.4,
        "g": 0.9,
        "muspx": 3.061360414459096,
        "bmie": 1.1083873994536853
    },
    "muscle": {
        "blood_volume_fraction": 0.07552433302660086,
        "ScvO2": 0.0,
        "water_volume": 0.09270389277376237,
        "fat_volume": 0,
        "melanin_volume": 0,
        "collagen_volume": 0.8317717741996367,
        "n": 1.4,
        "g": 0.9,
        "muspx": 12.294878299783502,
        "bmie": 1.2504685824794373
    },
    "IJV": {
        "blood_volume_fraction": 1.0,
        "ScvO2": 0.6734150654131883,
        "water_volume": 0,
        "fat_volume": 0,
        "melanin_volume": 0,
        "collagen_volume": 0,
        "n": 1.4,
        "g": 0.9,
        "muspx": 0.09373478934804086,
        "bmie": 0.13320409235546152
    },
    "CCA": {
        "blood_volume_fraction": 1.0,
        "ScvO2": 0.0,
        "water_volume": 0,
        "fat_volume": 0,
        "melanin_volume": 0,
        "collagen_volume": 0,
        "n": 1.4,
        "g": 0.94,
        "muspx": 2.507289873734727,
        "bmie": 1.2226954758035826
    },
    "geometry": [
        2,
        2.25,
        5.21,
        13,
        6,
        16,
        3
    ],
    "spec_rmsp": 7.655160073346485,
    "absorb_rmsp": 83.48429100980755
}