{
    "skin": {
        "blood_volume_fraction": 0.2481285322247952,
        "ScvO2": 0.845935589714762,
        "water_volume": 0.18141937188325788,
        "fat_volume": 0.4767213283581626,
        "melanin_volume": 0.0937307675337843,
        "collagen_volume": 0,
        "n": 1.4,
        "g": 0.71,
        "muspx": 99.85074061057132,
        "bmie": 3.080416744692389
    },
    "fat": {
        "blood_volume_fraction": 0.025098295351880472,
        "ScvO2": 0.018459833294097918,
        "water_volume": 0,
        "fat_volume": 0.9749017046481195,
        "melanin_volume": 0,
        "collagen_volume": 0,
        "n": 1.4,
        "g": 0.9,
        "muspx": 3.4353300056233227,
        "bmie": 1.1263037871745891
    },
    "muscle": {
        "blood_volume_fraction": 0.08824880642712442,
        "ScvO2": 0.14458785294194684,
        "water_volume": 0.09145162637299845,
        "fat_volume": 0,
        "melanin_volume": 0,
        "collagen_volume": 0.8202995671998772,
        "n": 1.4,
        "g": 0.9,
        "muspx": 12.436170618556972,
        "bmie": 1.3460588146161587
    },
    "IJV": {
        "blood_volume_fraction": 1.0,
        "ScvO2": 0.6624196425047808,
        "water_volume": 0,
        "fat_volume": 0,
        "melanin_volume": 0,
        "collagen_volume": 0,
        "n": 1.4,
        "g": 0.9,
        "muspx": 0.10770539119002917,
        "bmie": 0.15868955515646832
    },
    "CCA": {
        "blood_volume_fraction": 1.0,
        "ScvO2": 0.3241002136151673,
        "water_volume": 0,
        "fat_volume": 0,
        "melanin_volume": 0,
        "collagen_volume": 0,
        "n": 1.4,
        "g": 0.94,
        "muspx": 2.661056614006668,
        "bmie": 1.1471489363506056
    },
    "geometry": [
        2,
        2.25,
        5.21,
        13,
        6,
        16,
        3
    ],
    "spec_rmsp": 7.820078128366158,
    "absorb_rmsp": 80.87302008391222
}