{
    "skin": {
        "blood_volume_fraction": 0.16482047384533996,
        "ScvO2": 0.9607731593548405,
        "water_volume": 0.1994882185523759,
        "fat_volume": 0.49728845360283513,
        "melanin_volume": 0.13840285399944896,
        "collagen_volume": 0,
        "n": 1.4,
        "g": 0.71,
        "muspx": 96.66249667612509,
        "bmie": 2.9857152537021365
    },
    "fat": {
        "blood_volume_fraction": 0.008313213997905076,
        "ScvO2": 0.006845718067215819,
        "water_volume": 0,
        "fat_volume": 0.9916867860020949,
        "melanin_volume": 0,
        "collagen_volume": 0,
        "n": 1.4,
        "g": 0.9,
        "muspx": 4.576981268079578,
        "bmie": 0.8742444230939599
    },
    "muscle": {
        "blood_volume_fraction": 0.09119602364366598,
        "ScvO2": 0.6730074825389966,
        "water_volume": 0.08959633611464966,
        "fat_volume": 0,
        "melanin_volume": 0,
        "collagen_volume": 0.8192076402416844,
        "n": 1.4,
        "g": 0.9,
        "muspx": 12.35690648027062,
        "bmie": 1.3977646301002404
    },
    "IJV": {
        "blood_volume_fraction": 1.0,
        "ScvO2": 0.667092771829416,
        "water_volume": 0,
        "fat_volume": 0,
        "melanin_volume": 0,
        "collagen_volume": 0,
        "n": 1.4,
        "g": 0.9,
        "muspx": 0.08393674979424849,
        "bmie": 0.0053534637880047024
    },
    "CCA": {
        "blood_volume_fraction": 1.0,
        "ScvO2": 0.826661010517989,
        "water_volume": 0,
        "fat_volume": 0,
        "melanin_volume": 0,
        "collagen_volume": 0,
        "n": 1.4,
        "g": 0.94,
        "muspx": 2.070086735715323,
        "bmie": 0.9784941156152358
    },
    "geometry": [
        2,
        2.25,
        5.21,
        13,
        6,
        16,
        3
    ],
    "spec_rmsp": 8.753994938053648,
    "absorb_rmsp": 77.9737778051436
}