{
    "skin": {
        "blood_volume_fraction": 0.19417661252868076,
        "ScvO2": 0.8829615540665335,
        "water_volume": 0.21909194757332506,
        "fat_volume": 0.4910988618663891,
        "melanin_volume": 0.09563257803160508,
        "collagen_volume": 0,
        "n": 1.4,
        "g": 0.71,
        "muspx": 97.83273940175474,
        "bmie": 2.9978671360951603
    },
    "fat": {
        "blood_volume_fraction": 0.018195900698119574,
        "ScvO2": 0.004250242924957372,
        "water_volume": 0,
        "fat_volume": 0.9818040993018804,
        "melanin_volume": 0,
        "collagen_volume": 0,
        "n": 1.4,
        "g": 0.9,
        "muspx": 5.719845131230168,
        "bmie": 0.8389517566265483
    },
    "muscle": {
        "blood_volume_fraction": 0.08228852564946508,
        "ScvO2": 0.7133949052073941,
        "water_volume": 0.08848145693325304,
        "fat_volume": 0,
        "melanin_volume": 0,
        "collagen_volume": 0.8292300174172819,
        "n": 1.4,
        "g": 0.9,
        "muspx": 12.189340607532888,
        "bmie": 1.6592272499012939
    },
    "IJV": {
        "blood_volume_fraction": 1.0,
        "ScvO2": 0.6585772161576526,
        "water_volume": 0,
        "fat_volume": 0,
        "melanin_volume": 0,
        "collagen_volume": 0,
        "n": 1.4,
        "g": 0.9,
        "muspx": 0.020429040641063805,
        "bmie": 0.0
    },
    "CCA": {
        "blood_volume_fraction": 1.0,
        "ScvO2": 0.7619040497429956,
        "water_volume": 0,
        "fat_volume": 0,
        "melanin_volume": 0,
        "collagen_volume": 0,
        "n": 1.4,
        "g": 0.94,
        "muspx": 1.8572065888066955,
        "bmie": 1.0123031378222305
    },
    "geometry": [
        2,
        2.25,
        5.21,
        13,
        6,
        16,
        3
    ],
    "spec_rmsp": 9.450213740563935,
    "absorb_rmsp": 78.20722261969556
}