{
    "skin": {
        "blood_volume_fraction": 0.23101465649982128,
        "ScvO2": 0.7274493450398877,
        "water_volume": 0.22267973563272914,
        "fat_volume": 0.4998400324114546,
        "melanin_volume": 0.046465575455995126,
        "collagen_volume": 0,
        "n": 1.4,
        "g": 0.71,
        "muspx": 98.42348276506779,
        "bmie": 3.2748987099702935
    },
    "fat": {
        "blood_volume_fraction": 0.031317599567774475,
        "ScvO2": 0.0,
        "water_volume": 0,
        "fat_volume": 0.9686824004322255,
        "melanin_volume": 0,
        "collagen_volume": 0,
        "n": 1.4,
        "g": 0.9,
        "muspx": 6.508041996811614,
        "bmie": 0.8269948094161452
    },
    "muscle": {
        "blood_volume_fraction": 0.11320334889877683,
        "ScvO2": 0.8743621106423226,
        "water_volume": 0.08953587068968082,
        "fat_volume": 0,
        "melanin_volume": 0,
        "collagen_volume": 0.7972607804115424,
        "n": 1.4,
        "g": 0.9,
        "muspx": 12.182819115550174,
        "bmie": 1.6622606408221074
    },
    "IJV": {
        "blood_volume_fraction": 1.0,
        "ScvO2": 0.6270393766304517,
        "water_volume": 0,
        "fat_volume": 0,
        "melanin_volume": 0,
        "collagen_volume": 0,
        "n": 1.4,
        "g": 0.9,
        "muspx": 0.13624903279881923,
        "bmie": 0.15773780885709368
    },
    "CCA": {
        "blood_volume_fraction": 1.0,
        "ScvO2": 0.775758114025794,
        "water_volume": 0,
        "fat_volume": 0,
        "melanin_volume": 0,
        "collagen_volume": 0,
        "n": 1.4,
        "g": 0.94,
        "muspx": 1.9445634118897868,
        "bmie": 1.3083355472355263
    },
    "geometry": [
        2,
        2.25,
        5.21,
        13,
        6,
        16,
        3
    ],
    "spec_rmsp": 9.128563243358784,
    "absorb_rmsp": 78.69540313545066
}