{
    "skin": {
        "blood_volume_fraction": 0.015270722492602133,
        "ScvO2": 0.9138154239431872,
        "water_volume": 0.41953763384359777,
        "fat_volume": 0.525874450452898,
        "melanin_volume": 0.03931719321090202,
        "collagen_volume": 0,
        "n": 1.4,
        "g": 0.71,
        "muspx": 97.21968056374044,
        "bmie": 0.058055926061988686
    },
    "fat": {
        "blood_volume_fraction": 0.02481189532543915,
        "ScvO2": 6.768575645304085e-05,
        "water_volume": 0,
        "fat_volume": 0.9751881046745609,
        "melanin_volume": 0,
        "collagen_volume": 0,
        "n": 1.4,
        "g": 0.9,
        "muspx": 10.711491270506787,
        "bmie": 1.4993177520729777
    },
    "muscle": {
        "blood_volume_fraction": 0.0,
        "ScvO2": 0.4897133480039999,
        "water_volume": 0.09325635740121078,
        "fat_volume": 0,
        "melanin_volume": 0,
        "collagen_volume": 0.909326063773206,
        "n": 1.4,
        "g": 0.9,
        "muspx": 71.20804715054531,
        "bmie": 7.132197848205816
    },
    "IJV": {
        "blood_volume_fraction": 1.0,
        "ScvO2": 0.020396947967501612,
        "water_volume": 0,
        "fat_volume": 0,
        "melanin_volume": 0,
        "collagen_volume": 0,
        "n": 1.4,
        "g": 0.9,
        "muspx": 3.3808259779794585,
        "bmie": 0.35658320784971476
    },
    "CCA": {
        "blood_volume_fraction": 1.0,
        "ScvO2": 0.9272950032641099,
        "water_volume": 0,
        "fat_volume": 0,
        "melanin_volume": 0,
        "collagen_volume": 0,
        "n": 1.4,
        "g": 0.94,
        "muspx": 0.03350467478066264,
        "bmie": 0.0
    },
    "geometry": [
        2,
        2.25,
        5.21,
        13,
        6,
        16,
        3
    ],
    "spec_rmsp": 6.181594051889697,
    "absorb_rmsp": 20.435090185728722
}