{
    "skin": {
        "blood_volume_fraction": 0.01009180031803035,
        "ScvO2": 0.8572364605569722,
        "water_volume": 0.3925588453206742,
        "fat_volume": 0.0,
        "melanin_volume": 0.5991692815997848,
        "collagen_volume": 0,
        "n": 1.4,
        "g": 0.71,
        "muspx": 90.29172797249265,
        "bmie": 0.8694066776440129
    },
    "fat": {
        "blood_volume_fraction": 0.0686902435461973,
        "ScvO2": 0.0006377064664628074,
        "water_volume": 0,
        "fat_volume": 0.9313097564538028,
        "melanin_volume": 0,
        "collagen_volume": 0,
        "n": 1.4,
        "g": 0.9,
        "muspx": 0.0,
        "bmie": 0.5818754598651712
    },
    "muscle": {
        "blood_volume_fraction": 0.018690161506774675,
        "ScvO2": 0.011614737053387848,
        "water_volume": 0.09886274188393425,
        "fat_volume": 0,
        "melanin_volume": 0,
        "collagen_volume": 0.8824470966092911,
        "n": 1.4,
        "g": 0.9,
        "muspx": 64.29665158739499,
        "bmie": 6.437071843187415
    },
    "IJV": {
        "blood_volume_fraction": 1.0,
        "ScvO2": 0.0,
        "water_volume": 0,
        "fat_volume": 0,
        "melanin_volume": 0,
        "collagen_volume": 0,
        "n": 1.4,
        "g": 0.9,
        "muspx": 2.305305790752336,
        "bmie": 1.080872267542045
    },
    "CCA": {
        "blood_volume_fraction": 1.0,
        "ScvO2": 0.9483730233217482,
        "water_volume": 0,
        "fat_volume": 0,
        "melanin_volume": 0,
        "collagen_volume": 0,
        "n": 1.4,
        "g": 0.94,
        "muspx": 0.28438243742307656,
        "bmie": 0.0
    },
    "geometry": [
        2,
        2.25,
        5.21,
        13,
        6,
        16,
        3
    ],
    "spec_rmsp": 7.610695320983771,
    "absorb_rmsp": 72.14658764745755
}