{
    "skin": {
        "blood_volume_fraction": 0.0011476486246526413,
        "ScvO2": 0.8750459492453366,
        "water_volume": 0.381179897322791,
        "fat_volume": 0.029146214647895134,
        "melanin_volume": 0.5885262394046611,
        "collagen_volume": 0,
        "n": 1.4,
        "g": 0.71,
        "muspx": 72.67411944165187,
        "bmie": 0.47707324682738284
    },
    "fat": {
        "blood_volume_fraction": 0.07622767286574794,
        "ScvO2": 0.0009125770993292079,
        "water_volume": 0,
        "fat_volume": 0.9237723271342521,
        "melanin_volume": 0,
        "collagen_volume": 0,
        "n": 1.4,
        "g": 0.9,
        "muspx": 0.0,
        "bmie": 1.1962031654945622
    },
    "muscle": {
        "blood_volume_fraction": 0.008320095329547387,
        "ScvO2": 0.0,
        "water_volume": 0.09706503530883695,
        "fat_volume": 0,
        "melanin_volume": 0,
        "collagen_volume": 0.8946148693616157,
        "n": 1.4,
        "g": 0.9,
        "muspx": 61.001105474687975,
        "bmie": 6.3204341846136165
    },
    "IJV": {
        "blood_volume_fraction": 1.0,
        "ScvO2": 0.020314238721429,
        "water_volume": 0,
        "fat_volume": 0,
        "melanin_volume": 0,
        "collagen_volume": 0,
        "n": 1.4,
        "g": 0.9,
        "muspx": 1.266929482566545,
        "bmie": 0.8901626472852758
    },
    "CCA": {
        "blood_volume_fraction": 1.0,
        "ScvO2": 1.0,
        "water_volume": 0,
        "fat_volume": 0,
        "melanin_volume": 0,
        "collagen_volume": 0,
        "n": 1.4,
        "g": 0.94,
        "muspx": 0.12244495915298052,
        "bmie": 0.035058137261981134
    },
    "geometry": [
        2,
        2.25,
        5.21,
        13,
        6,
        16,
        3
    ],
    "spec_rmsp": 8.57071377648105,
    "absorb_rmsp": 67.16222527610786
}