{
    "skin": {
        "blood_volume_fraction": 0.0021939828424977887,
        "ScvO2": 1.0,
        "water_volume": 0.4175126131793118,
        "fat_volume": 0.1860995592407359,
        "melanin_volume": 0.39419384473745456,
        "collagen_volume": 0,
        "n": 1.4,
        "g": 0.71,
        "muspx": 76.64793796032137,
        "bmie": 0.7184813255587079
    },
    "fat": {
        "blood_volume_fraction": 0.15439948941297768,
        "ScvO2": 0.01307798300198959,
        "water_volume": 0,
        "fat_volume": 0.8456005105870223,
        "melanin_volume": 0,
        "collagen_volume": 0,
        "n": 1.4,
        "g": 0.9,
        "muspx": 5.745656512344253,
        "bmie": 1.1622860128264583
    },
    "muscle": {
        "blood_volume_fraction": 0.029888105233469495,
        "ScvO2": 0.0,
        "water_volume": 0.09696081121906214,
        "fat_volume": 0,
        "melanin_volume": 0,
        "collagen_volume": 0.8731510835474684,
        "n": 1.4,
        "g": 0.9,
        "muspx": 31.473797476966816,
        "bmie": 5.2864477207137535
    },
    "IJV": {
        "blood_volume_fraction": 1.0,
        "ScvO2": 0.2677957812703988,
        "water_volume": 0,
        "fat_volume": 0,
        "melanin_volume": 0,
        "collagen_volume": 0,
        "n": 1.4,
        "g": 0.9,
        "muspx": 0.0,
        "bmie": 0.40819096020923307
    },
    "CCA": {
        "blood_volume_fraction": 1.0,
        "ScvO2": 0.8265540310130111,
        "water_volume": 0,
        "fat_volume": 0,
        "melanin_volume": 0,
        "collagen_volume": 0,
        "n": 1.4,
        "g": 0.94,
        "muspx": 0.3316616921664761,
        "bmie": 0.6003138873178406
    },
    "geometry": [
        2,
        2.25,
        5.21,
        13,
        6,
        16,
        3
    ],
    "spec_rmsp": 13.392480802961632,
    "absorb_rmsp": 85.87323314627135
}