{
    "skin": {
        "blood_volume_fraction": 0.020440861309723574,
        "ScvO2": 0.9288468930029137,
        "water_volume": 0.41754509577902016,
        "fat_volume": 0.02439059492504706,
        "melanin_volume": 0.5376234479862092,
        "collagen_volume": 0,
        "n": 1.4,
        "g": 0.71,
        "muspx": 98.29157175957133,
        "bmie": 0.17607044680125722
    },
    "fat": {
        "blood_volume_fraction": 0.03867645981422648,
        "ScvO2": 0.0,
        "water_volume": 0,
        "fat_volume": 0.9613235401857735,
        "melanin_volume": 0,
        "collagen_volume": 0,
        "n": 1.4,
        "g": 0.9,
        "muspx": 2.942966682385471,
        "bmie": 1.3378132163558905
    },
    "muscle": {
        "blood_volume_fraction": 0.026526600841170665,
        "ScvO2": 0.31290204803440175,
        "water_volume": 0.09356981884766036,
        "fat_volume": 0,
        "melanin_volume": 0,
        "collagen_volume": 0.879903580311169,
        "n": 1.4,
        "g": 0.9,
        "muspx": 61.664217716074496,
        "bmie": 6.2944254367652395
    },
    "IJV": {
        "blood_volume_fraction": 1.0,
        "ScvO2": 0.014979674352828244,
        "water_volume": 0,
        "fat_volume": 0,
        "melanin_volume": 0,
        "collagen_volume": 0,
        "n": 1.4,
        "g": 0.9,
        "muspx": 2.683572398003367,
        "bmie": 1.1828388403556755
    },
    "CCA": {
        "blood_volume_fraction": 1.0,
        "ScvO2": 0.9756841484025686,
        "water_volume": 0,
        "fat_volume": 0,
        "melanin_volume": 0,
        "collagen_volume": 0,
        "n": 1.4,
        "g": 0.94,
        "muspx": 0.15053576915754613,
        "bmie": 0.4058605530891185
    },
    "geometry": [
        2,
        2.25,
        5.21,
        13,
        6,
        16,
        3
    ],
    "spec_rmsp": 6.949789703047012,
    "absorb_rmsp": 44.00976777081847
}