{
    "skin": {
        "blood_volume_fraction": 0.1336163766045325,
        "ScvO2": 0.9385986511746458,
        "water_volume": 0.41714674925072315,
        "fat_volume": 0.07152642913529966,
        "melanin_volume": 0.3777104450094446,
        "collagen_volume": 0,
        "n": 1.4,
        "g": 0.71,
        "muspx": 96.32113855067647,
        "bmie": 0.0600907635607031
    },
    "fat": {
        "blood_volume_fraction": 0.006573351082190252,
        "ScvO2": 0.000484251235445126,
        "water_volume": 0,
        "fat_volume": 0.9934266489178097,
        "melanin_volume": 0,
        "collagen_volume": 0,
        "n": 1.4,
        "g": 0.9,
        "muspx": 12.067777395508905,
        "bmie": 1.287356339219954
    },
    "muscle": {
        "blood_volume_fraction": 0.02267879275943073,
        "ScvO2": 0.05451609565458168,
        "water_volume": 0.09316419795010389,
        "fat_volume": 0,
        "melanin_volume": 0,
        "collagen_volume": 0.8841570092904654,
        "n": 1.4,
        "g": 0.9,
        "muspx": 72.48018600750959,
        "bmie": 7.0514134390698455
    },
    "IJV": {
        "blood_volume_fraction": 1.0,
        "ScvO2": 0.023240069998577584,
        "water_volume": 0,
        "fat_volume": 0,
        "melanin_volume": 0,
        "collagen_volume": 0,
        "n": 1.4,
        "g": 0.9,
        "muspx": 3.9650985787288837,
        "bmie": 0.08134793546888287
    },
    "CCA": {
        "blood_volume_fraction": 1.0,
        "ScvO2": 0.9559444550143299,
        "water_volume": 0,
        "fat_volume": 0,
        "melanin_volume": 0,
        "collagen_volume": 0,
        "n": 1.4,
        "g": 0.94,
        "muspx": 0.004812443008700826,
        "bmie": 0.0820642033122399
    },
    "geometry": [
        2,
        2.25,
        5.21,
        13,
        6,
        16,
        3
    ],
    "spec_rmsp": 5.91200691337263,
    "absorb_rmsp": 18.525428408816516
}