{
    "skin": {
        "blood_volume_fraction": 0.027826837589728124,
        "ScvO2": 0.7131755360944675,
        "water_volume": 0.41697299167874585,
        "fat_volume": 0.07457390769462893,
        "melanin_volume": 0.480626263036897,
        "collagen_volume": 0,
        "n": 1.4,
        "g": 0.71,
        "muspx": 91.47245558416148,
        "bmie": 0.44012198309496237
    },
    "fat": {
        "blood_volume_fraction": 0.01851617559023089,
        "ScvO2": 0.00020511850790464356,
        "water_volume": 0,
        "fat_volume": 0.9814838244097691,
        "melanin_volume": 0,
        "collagen_volume": 0,
        "n": 1.4,
        "g": 0.9,
        "muspx": 1.0594902814404539,
        "bmie": 0.3975516064402195
    },
    "muscle": {
        "blood_volume_fraction": 0.006143435831768077,
        "ScvO2": 0.2498105274932343,
        "water_volume": 0.09499994925059133,
        "fat_volume": 0,
        "melanin_volume": 0,
        "collagen_volume": 0.8988566149176406,
        "n": 1.4,
        "g": 0.9,
        "muspx": 57.92663465433227,
        "bmie": 5.841904500091632
    },
    "IJV": {
        "blood_volume_fraction": 1.0,
        "ScvO2": 0.005180185564454546,
        "water_volume": 0,
        "fat_volume": 0,
        "melanin_volume": 0,
        "collagen_volume": 0,
        "n": 1.4,
        "g": 0.9,
        "muspx": 2.369146000596005,
        "bmie": 1.6538870009078481
    },
    "CCA": {
        "blood_volume_fraction": 1.0,
        "ScvO2": 0.990969818192915,
        "water_volume": 0,
        "fat_volume": 0,
        "melanin_volume": 0,
        "collagen_volume": 0,
        "n": 1.4,
        "g": 0.94,
        "muspx": 0.10011435993537479,
        "bmie": 0.35089218014466067
    },
    "geometry": [
        2,
        2.25,
        5.21,
        13,
        6,
        16,
        3
    ],
    "spec_rmsp": 6.960169454901828,
    "absorb_rmsp": 59.08250825372648
}