{
    "skin": {
        "blood_volume_fraction": 0.004881995198228485,
        "ScvO2": 0.93121643371604,
        "water_volume": 0.37945814857722787,
        "fat_volume": 0.0,
        "melanin_volume": 0.6156598562245437,
        "collagen_volume": 0,
        "n": 1.4,
        "g": 0.71,
        "muspx": 58.45941184048684,
        "bmie": 0.2846018079079897
    },
    "fat": {
        "blood_volume_fraction": 0.09996392595731295,
        "ScvO2": 0.0,
        "water_volume": 0,
        "fat_volume": 0.900036074042687,
        "melanin_volume": 0,
        "collagen_volume": 0,
        "n": 1.4,
        "g": 0.9,
        "muspx": 3.201361398731745,
        "bmie": 1.5278122401614733
    },
    "muscle": {
        "blood_volume_fraction": 0.0,
        "ScvO2": 0.0,
        "water_volume": 0.09726992815761623,
        "fat_volume": 0,
        "melanin_volume": 0,
        "collagen_volume": 0.9027300718423837,
        "n": 1.4,
        "g": 0.9,
        "muspx": 62.14137397154319,
        "bmie": 6.5201810640350235
    },
    "IJV": {
        "blood_volume_fraction": 1.0,
        "ScvO2": 0.025859810875541123,
        "water_volume": 0,
        "fat_volume": 0,
        "melanin_volume": 0,
        "collagen_volume": 0,
        "n": 1.4,
        "g": 0.9,
        "muspx": 1.3678622591411729,
        "bmie": 1.038085970926059
    },
    "CCA": {
        "blood_volume_fraction": 1.0,
        "ScvO2": 0.9893268112689868,
        "water_volume": 0,
        "fat_volume": 0,
        "melanin_volume": 0,
        "collagen_volume": 0,
        "n": 1.4,
        "g": 0.94,
        "muspx": 0.13019865882798598,
        "bmie": 0.0
    },
    "geometry": [
        2,
        2.25,
        5.21,
        13,
        6,
        16,
        3
    ],
    "spec_rmsp": 9.138432212837671,
    "absorb_rmsp": 73.82926548874525
}