{
    "skin": {
        "blood_volume_fraction": 0.011934412532013706,
        "ScvO2": 0.983781895299001,
        "water_volume": 0.3022326208077901,
        "fat_volume": 0.2375593660836163,
        "melanin_volume": 0.4482736005765799,
        "collagen_volume": 0,
        "n": 1.4,
        "g": 0.71,
        "muspx": 25.312927237547896,
        "bmie": 0.5020373280161339
    },
    "fat": {
        "blood_volume_fraction": 0.19648890410236963,
        "ScvO2": 0.0026812604064365263,
        "water_volume": 0,
        "fat_volume": 0.8035110958976304,
        "melanin_volume": 0,
        "collagen_volume": 0,
        "n": 1.4,
        "g": 0.9,
        "muspx": 11.561965231216206,
        "bmie": 3.430855771653422
    },
    "muscle": {
        "blood_volume_fraction": 0.011709390796816247,
        "ScvO2": 0.32805613583363163,
        "water_volume": 0.09104509762400949,
        "fat_volume": 0,
        "melanin_volume": 0,
        "collagen_volume": 0.8972455115791743,
        "n": 1.4,
        "g": 0.9,
        "muspx": 29.98332818195354,
        "bmie": 3.316362379578597
    },
    "IJV": {
        "blood_volume_fraction": 1.0,
        "ScvO2": 0.0,
        "water_volume": 0,
        "fat_volume": 0,
        "melanin_volume": 0,
        "collagen_volume": 0,
        "n": 1.4,
        "g": 0.9,
        "muspx": 0.47431943307209024,
        "bmie": 0.86116414045237
    },
    "CCA": {
        "blood_volume_fraction": 1.0,
        "ScvO2": 0.9150254790376515,
        "water_volume": 0,
        "fat_volume": 0,
        "melanin_volume": 0,
        "collagen_volume": 0,
        "n": 1.4,
        "g": 0.94,
        "muspx": 0.24743201392355624,
        "bmie": 0.8508234097428373
    },
    "geometry": [
        2,
        2.25,
        5.21,
        13,
        6,
        16,
        3
    ],
    "spec_rmsp": 9.537835390006142,
    "absorb_rmsp": 96.81087048767066
}