{
    "skin": {
        "blood_volume_fraction": 0.06040869981664454,
        "ScvO2": 1.0,
        "water_volume": 0.41968194430149713,
        "fat_volume": 0.17448655346912573,
        "melanin_volume": 0.3454228024127327,
        "collagen_volume": 0,
        "n": 1.4,
        "g": 0.71,
        "muspx": 96.7815606318846,
        "bmie": 0.2065225050941473
    },
    "fat": {
        "blood_volume_fraction": 0.039304136261344234,
        "ScvO2": 0.0,
        "water_volume": 0,
        "fat_volume": 0.9606958637386558,
        "melanin_volume": 0,
        "collagen_volume": 0,
        "n": 1.4,
        "g": 0.9,
        "muspx": 7.438147436721809,
        "bmie": 1.0781812193508933
    },
    "muscle": {
        "blood_volume_fraction": 0.029883383550601612,
        "ScvO2": 0.13332596717322237,
        "water_volume": 0.09337061618226453,
        "fat_volume": 0,
        "melanin_volume": 0,
        "collagen_volume": 0.8767460002671339,
        "n": 1.4,
        "g": 0.9,
        "muspx": 63.038272953289166,
        "bmie": 6.599359757319142
    },
    "IJV": {
        "blood_volume_fraction": 1.0,
        "ScvO2": 0.01589712372324982,
        "water_volume": 0,
        "fat_volume": 0,
        "melanin_volume": 0,
        "collagen_volume": 0,
        "n": 1.4,
        "g": 0.9,
        "muspx": 3.3345967705328277,
        "bmie": 0.7971532833938649
    },
    "CCA": {
        "blood_volume_fraction": 1.0,
        "ScvO2": 0.9118103835839918,
        "water_volume": 0,
        "fat_volume": 0,
        "melanin_volume": 0,
        "collagen_volume": 0,
        "n": 1.4,
        "g": 0.94,
        "muspx": 0.013872282403561505,
        "bmie": 0.3040905267536778
    },
    "geometry": [
        2,
        2.25,
        5.21,
        13,
        6,
        16,
        3
    ],
    "spec_rmsp": 6.351089674186836,
    "absorb_rmsp": 36.85224035198735
}