{
    "skin": {
        "blood_volume_fraction": 0.004547614174204442,
        "ScvO2": 0.9190045091861673,
        "water_volume": 0.4184177979965658,
        "fat_volume": 0.06374677371465927,
        "melanin_volume": 0.5132878141145706,
        "collagen_volume": 0,
        "n": 1.4,
        "g": 0.71,
        "muspx": 91.41059530298796,
        "bmie": 0.23081851509227053
    },
    "fat": {
        "blood_volume_fraction": 0.06714473342316038,
        "ScvO2": 0.0004535850081773382,
        "water_volume": 0,
        "fat_volume": 0.9328552665768396,
        "melanin_volume": 0,
        "collagen_volume": 0,
        "n": 1.4,
        "g": 0.9,
        "muspx": 2.1909665995714804,
        "bmie": 0.9175083039635699
    },
    "muscle": {
        "blood_volume_fraction": 0.06488457185612934,
        "ScvO2": 0.24258171162019437,
        "water_volume": 0.09362256314185355,
        "fat_volume": 0,
        "melanin_volume": 0,
        "collagen_volume": 0.8414928650020173,
        "n": 1.4,
        "g": 0.9,
        "muspx": 50.187687127144414,
        "bmie": 5.558126945761838
    },
    "IJV": {
        "blood_volume_fraction": 1.0,
        "ScvO2": 0.023705899388031016,
        "water_volume": 0,
        "fat_volume": 0,
        "melanin_volume": 0,
        "collagen_volume": 0,
        "n": 1.4,
        "g": 0.9,
        "muspx": 1.7384824698921095,
        "bmie": 1.0600698417242624
    },
    "CCA": {
        "blood_volume_fraction": 1.0,
        "ScvO2": 0.9899716979239461,
        "water_volume": 0,
        "fat_volume": 0,
        "melanin_volume": 0,
        "collagen_volume": 0,
        "n": 1.4,
        "g": 0.94,
        "muspx": 0.10149737442754576,
        "bmie": 0.3206254249678835
    },
    "geometry": [
        2,
        2.25,
        5.21,
        13,
        6,
        16,
        3
    ],
    "spec_rmsp": 7.9985525730202625,
    "absorb_rmsp": 45.86556813966638
}