{
    "skin": {
        "blood_volume_fraction": 0.0870434106781349,
        "ScvO2": 0.940528462108192,
        "water_volume": 0.428446481737191,
        "fat_volume": 0.0849411496659574,
        "melanin_volume": 0.3995689579187168,
        "collagen_volume": 0,
        "n": 1.4,
        "g": 0.71,
        "muspx": 98.86846269545106,
        "bmie": 0.19607739084527068
    },
    "fat": {
        "blood_volume_fraction": 0.03617362088423949,
        "ScvO2": 0.00010187220996393787,
        "water_volume": 0,
        "fat_volume": 0.9638263791157605,
        "melanin_volume": 0,
        "collagen_volume": 0,
        "n": 1.4,
        "g": 0.9,
        "muspx": 8.44018844328357,
        "bmie": 1.1584847679400294
    },
    "muscle": {
        "blood_volume_fraction": 0.007942279366653461,
        "ScvO2": 0.4196088483832652,
        "water_volume": 0.093503116981353,
        "fat_volume": 0,
        "melanin_volume": 0,
        "collagen_volume": 0.8985546036519936,
        "n": 1.4,
        "g": 0.9,
        "muspx": 64.82350416136563,
        "bmie": 6.700429341610048
    },
    "IJV": {
        "blood_volume_fraction": 1.0,
        "ScvO2": 0.019493925432211078,
        "water_volume": 0,
        "fat_volume": 0,
        "melanin_volume": 0,
        "collagen_volume": 0,
        "n": 1.4,
        "g": 0.9,
        "muspx": 3.425637037207974,
        "bmie": 0.8583961058887415
    },
    "CCA": {
        "blood_volume_fraction": 1.0,
        "ScvO2": 0.9140796289408746,
        "water_volume": 0,
        "fat_volume": 0,
        "melanin_volume": 0,
        "collagen_volume": 0,
        "n": 1.4,
        "g": 0.94,
        "muspx": 0.04948803283895406,
        "bmie": 0.3426834931262367
    },
    "geometry": [
        2,
        2.25,
        5.21,
        13,
        6,
        16,
        3
    ],
    "spec_rmsp": 6.414616274196039,
    "absorb_rmsp": 27.36111861038423
}