{
    "skin": {
        "blood_volume_fraction": 0.08020705672878553,
        "ScvO2": 0.9388104302299461,
        "water_volume": 0.4289662193297213,
        "fat_volume": 0.11747128868349327,
        "melanin_volume": 0.3733554352580001,
        "collagen_volume": 0,
        "n": 1.4,
        "g": 0.71,
        "muspx": 98.70027032264223,
        "bmie": 0.1906529263460901
    },
    "fat": {
        "blood_volume_fraction": 0.03449393036417489,
        "ScvO2": 0.0001122627276273815,
        "water_volume": 0,
        "fat_volume": 0.9655060696358251,
        "melanin_volume": 0,
        "collagen_volume": 0,
        "n": 1.4,
        "g": 0.9,
        "muspx": 8.532250462472183,
        "bmie": 1.1518198147095977
    },
    "muscle": {
        "blood_volume_fraction": 0.006485579668785983,
        "ScvO2": 0.4271028767606681,
        "water_volume": 0.09338809099609705,
        "fat_volume": 0,
        "melanin_volume": 0,
        "collagen_volume": 0.9001263293351169,
        "n": 1.4,
        "g": 0.9,
        "muspx": 64.71567078233048,
        "bmie": 6.678447941702676
    },
    "IJV": {
        "blood_volume_fraction": 1.0,
        "ScvO2": 0.019298275363091665,
        "water_volume": 0,
        "fat_volume": 0,
        "melanin_volume": 0,
        "collagen_volume": 0,
        "n": 1.4,
        "g": 0.9,
        "muspx": 3.408093033861869,
        "bmie": 0.8517522377084337
    },
    "CCA": {
        "blood_volume_fraction": 1.0,
        "ScvO2": 0.9195577845874421,
        "water_volume": 0,
        "fat_volume": 0,
        "melanin_volume": 0,
        "collagen_volume": 0,
        "n": 1.4,
        "g": 0.94,
        "muspx": 0.05001318786234002,
        "bmie": 0.32276887216893724
    },
    "geometry": [
        2,
        2.25,
        5.21,
        13,
        6,
        16,
        3
    ],
    "spec_rmsp": 6.421796628405442,
    "absorb_rmsp": 27.16740083785961
}