{
    "skin": {
        "blood_volume_fraction": 0.02771820053576644,
        "ScvO2": 0.9501426081810467,
        "water_volume": 0.42190875404284794,
        "fat_volume": 0.11185324560113942,
        "melanin_volume": 0.4385197998202461,
        "collagen_volume": 0,
        "n": 1.4,
        "g": 0.71,
        "muspx": 96.00533192785657,
        "bmie": 0.19618457027616135
    },
    "fat": {
        "blood_volume_fraction": 0.041023095368794345,
        "ScvO2": 0.0,
        "water_volume": 0,
        "fat_volume": 0.9589769046312057,
        "melanin_volume": 0,
        "collagen_volume": 0,
        "n": 1.4,
        "g": 0.9,
        "muspx": 5.995641187333981,
        "bmie": 0.789871024861442
    },
    "muscle": {
        "blood_volume_fraction": 0.028836463464826014,
        "ScvO2": 0.3219161804595319,
        "water_volume": 0.0930402947368141,
        "fat_volume": 0,
        "melanin_volume": 0,
        "collagen_volume": 0.8781232417983598,
        "n": 1.4,
        "g": 0.9,
        "muspx": 63.567236469792554,
        "bmie": 6.433182220185595
    },
    "IJV": {
        "blood_volume_fraction": 1.0,
        "ScvO2": 0.012987505560434244,
        "water_volume": 0,
        "fat_volume": 0,
        "melanin_volume": 0,
        "collagen_volume": 0,
        "n": 1.4,
        "g": 0.9,
        "muspx": 2.9688064666285734,
        "bmie": 0.644480401555625
    },
    "CCA": {
        "blood_volume_fraction": 1.0,
        "ScvO2": 0.9361456397213956,
        "water_volume": 0,
        "fat_volume": 0,
        "melanin_volume": 0,
        "collagen_volume": 0,
        "n": 1.4,
        "g": 0.94,
        "muspx": 0.0,
        "bmie": 0.10523285641102012
    },
    "geometry": [
        2,
        2.25,
        5.21,
        13,
        6,
        16,
        3
    ],
    "spec_rmsp": 6.363747410438069,
    "absorb_rmsp": 39.13041801762981
}