{
    "skin": {
        "blood_volume_fraction": 0.09287831318663292,
        "ScvO2": 0.9442988547912684,
        "water_volume": 0.47610802998197094,
        "fat_volume": 0.3980669812329894,
        "melanin_volume": 0.032946675598406604,
        "collagen_volume": 0,
        "n": 1.4,
        "g": 0.71,
        "muspx": 40.506840426063604,
        "bmie": 2.2383057678475513
    },
    "fat": {
        "blood_volume_fraction": 0.06180485975805025,
        "ScvO2": 0.8821029590076737,
        "water_volume": 0,
        "fat_volume": 0.9381951402419497,
        "melanin_volume": 0,
        "collagen_volume": 0,
        "n": 1.4,
        "g": 0.9,
        "muspx": 18.996708709806427,
        "bmie": 0.9242332367959376
    },
    "muscle": {
        "blood_volume_fraction": 0.0915462790668709,
        "ScvO2": 0.09615049552224121,
        "water_volume": 0.31042213853523515,
        "fat_volume": 0,
        "melanin_volume": 0,
        "collagen_volume": 0.5980315823978939,
        "n": 1.4,
        "g": 0.9,
        "muspx": 13.545718833169676,
        "bmie": 0.5054225961342125
    },
    "IJV": {
        "blood_volume_fraction": 1.0,
        "ScvO2": 0.5142955179716591,
        "water_volume": 0,
        "fat_volume": 0,
        "melanin_volume": 0,
        "collagen_volume": 0,
        "n": 1.4,
        "g": 0.9,
        "muspx": 0.3521538137544711,
        "bmie": 1.0
    },
    "CCA": {
        "blood_volume_fraction": 1.0,
        "ScvO2": 0.9384904983788727,
        "water_volume": 0,
        "fat_volume": 0,
        "melanin_volume": 0,
        "collagen_volume": 0,
        "n": 1.4,
        "g": 0.94,
        "muspx": 0.8328038627872824,
        "bmie": 1.0
    },
    "geometry": [
        1.27,
        1.0,
        7.71,
        14.95,
        3.53,
        23.86,
        7.68
    ],
    "spec_rmsp": 6.2034517737371555,
    "absorb_rmsp": 50.786958459278615
}