{
    "skin": {
        "blood_volume_fraction": 0.0,
        "ScvO2": 1.0,
        "water_volume": 0.31783474057219935,
        "fat_volume": 0.8422506148454847,
        "melanin_volume": 0.0,
        "collagen_volume": 0,
        "n": 1.4,
        "g": 0.71,
        "muspx": 64.51860813134422,
        "bmie": 1.8763619732106667
    },
    "fat": {
        "blood_volume_fraction": 0.0410587547470177,
        "ScvO2": 0.015800211667692476,
        "water_volume": 0,
        "fat_volume": 0.9589412452529823,
        "melanin_volume": 0,
        "collagen_volume": 0,
        "n": 1.4,
        "g": 0.9,
        "muspx": 15.431322336661879,
        "bmie": 2.6671833908547042
    },
    "muscle": {
        "blood_volume_fraction": 0.0,
        "ScvO2": 1.0,
        "water_volume": 0.08861168848301659,
        "fat_volume": 0,
        "melanin_volume": 0,
        "collagen_volume": 1.0,
        "n": 1.4,
        "g": 0.9,
        "muspx": 13.974328580831145,
        "bmie": 2.3327306247538133
    },
    "IJV": {
        "blood_volume_fraction": 1.0,
        "ScvO2": 0.0,
        "water_volume": 0,
        "fat_volume": 0,
        "melanin_volume": 0,
        "collagen_volume": 0,
        "n": 1.4,
        "g": 0.9,
        "muspx": 0.7288180359365443,
        "bmie": 1.0000001856975285
    },
    "CCA": {
        "blood_volume_fraction": 1.0,
        "ScvO2": 0.8084607695323367,
        "water_volume": 0,
        "fat_volume": 0,
        "melanin_volume": 0,
        "collagen_volume": 0,
        "n": 1.4,
        "g": 0.94,
        "muspx": 0.6132587469016774,
        "bmie": 0.9998249245341576
    },
    "geometry": [
        2,
        2.25,
        5.21,
        13,
        6,
        16,
        3
    ],
    "spec_rmsp": 9.796508339962207,
    "absorb_rmsp": 79.4480406229345
}