{
    "skin": {
        "blood_volume_fraction": 0.005652557283943608,
        "ScvO2": 1.0,
        "water_volume": 0.28902720118135805,
        "fat_volume": 0.8733803588246835,
        "melanin_volume": 0.0,
        "collagen_volume": 0,
        "n": 1.4,
        "g": 0.71,
        "muspx": 69.67894308877999,
        "bmie": 2.015939869601667
    },
    "fat": {
        "blood_volume_fraction": 0.028764169387178323,
        "ScvO2": 0.022871061929822117,
        "water_volume": 0,
        "fat_volume": 0.9712358306128216,
        "melanin_volume": 0,
        "collagen_volume": 0,
        "n": 1.4,
        "g": 0.9,
        "muspx": 16.73210662974364,
        "bmie": 3.2663464222316256
    },
    "muscle": {
        "blood_volume_fraction": 0.0,
        "ScvO2": 1.0,
        "water_volume": 0.08485313727814167,
        "fat_volume": 0,
        "melanin_volume": 0,
        "collagen_volume": 0.978800934774405,
        "n": 1.4,
        "g": 0.9,
        "muspx": 13.76270125546927,
        "bmie": 2.2091968248866403
    },
    "IJV": {
        "blood_volume_fraction": 1.0,
        "ScvO2": 0.0,
        "water_volume": 0,
        "fat_volume": 0,
        "melanin_volume": 0,
        "collagen_volume": 0,
        "n": 1.4,
        "g": 0.9,
        "muspx": 0.3489708240582956,
        "bmie": 0.9999991299906552
    },
    "CCA": {
        "blood_volume_fraction": 1.0,
        "ScvO2": 0.7628328252836291,
        "water_volume": 0,
        "fat_volume": 0,
        "melanin_volume": 0,
        "collagen_volume": 0,
        "n": 1.4,
        "g": 0.94,
        "muspx": 0.6070741257777639,
        "bmie": 0.9996020129559096
    },
    "geometry": [
        2,
        2.25,
        5.21,
        13,
        6,
        16,
        3
    ],
    "spec_rmsp": 9.418688020234281,
    "absorb_rmsp": 86.85058863662395
}