{
    "skin": {
        "blood_volume_fraction": 0.08177339893939148,
        "ScvO2": 0.7714186294587153,
        "water_volume": 0.12127780744535308,
        "fat_volume": 0.13283502206305253,
        "melanin_volume": 0.28187861356241023,
        "collagen_volume": 0,
        "n": 1.4,
        "g": 0.71,
        "muspx": 30.587475010123093,
        "bmie": 1.6866094986204168
    },
    "fat": {
        "blood_volume_fraction": 0.05306037810193409,
        "ScvO2": 0.07731411866999893,
        "water_volume": 0,
        "fat_volume": 0.9355080507414146,
        "melanin_volume": 0,
        "collagen_volume": 0,
        "n": 1.4,
        "g": 0.9,
        "muspx": 19.78586564530918,
        "bmie": 1.6212558545183051
    },
    "muscle": {
        "blood_volume_fraction": 0.07796233288604758,
        "ScvO2": 0.5842832643564658,
        "water_volume": 0.07824975744369769,
        "fat_volume": 0,
        "melanin_volume": 0,
        "collagen_volume": 0.8223868754714827,
        "n": 1.4,
        "g": 0.9,
        "muspx": 11.87028804933112,
        "bmie": 2.2290455533181817
    },
    "IJV": {
        "blood_volume_fraction": 1.0,
        "ScvO2": 0.018098985795082546,
        "water_volume": 0,
        "fat_volume": 0,
        "melanin_volume": 0,
        "collagen_volume": 0,
        "n": 1.4,
        "g": 0.9,
        "muspx": 0.19316395866656957,
        "bmie": 1.5008765972780276
    },
    "CCA": {
        "blood_volume_fraction": 1.0,
        "ScvO2": 1.3950833988370237,
        "water_volume": 0,
        "fat_volume": 0,
        "melanin_volume": 0,
        "collagen_volume": 0,
        "n": 1.4,
        "g": 0.94,
        "muspx": 0.5144315261590378,
        "bmie": 1.0
    },
    "geometry": [
        2,
        2.25,
        5.21,
        13,
        6,
        16,
        3
    ],
    "spec_rmsp": 8.353467044649266,
    "absorb_rmsp": 22.722635066130124
}