{
    "skin": {
        "blood_volume_fraction": 0.062254422067275,
        "ScvO2": 0.763535538902969,
        "water_volume": 0.03544260528784276,
        "fat_volume": 0.35386128701730446,
        "melanin_volume": 0.2809546646197124,
        "collagen_volume": 0,
        "n": 1.4,
        "g": 0.71,
        "muspx": 43.79212137641227,
        "bmie": 1.4718112839501842
    },
    "fat": {
        "blood_volume_fraction": 0.07998105842271477,
        "ScvO2": 0.08654252447066517,
        "water_volume": 0,
        "fat_volume": 0.9523803510763367,
        "melanin_volume": 0,
        "collagen_volume": 0,
        "n": 1.4,
        "g": 0.9,
        "muspx": 34.79897915166499,
        "bmie": 1.3793867328671823
    },
    "muscle": {
        "blood_volume_fraction": 0.07976088532900118,
        "ScvO2": 0.6128749689981335,
        "water_volume": 0.07461620500821357,
        "fat_volume": 0,
        "melanin_volume": 0,
        "collagen_volume": 0.5241778916328816,
        "n": 1.4,
        "g": 0.9,
        "muspx": 13.267533062249656,
        "bmie": 2.418932801144824
    },
    "IJV": {
        "blood_volume_fraction": 1.0,
        "ScvO2": 0.028895962126519053,
        "water_volume": 0,
        "fat_volume": 0,
        "melanin_volume": 0,
        "collagen_volume": 0,
        "n": 1.4,
        "g": 0.9,
        "muspx": 0.19637831290264082,
        "bmie": 1.3506136180946193
    },
    "CCA": {
        "blood_volume_fraction": 1.0,
        "ScvO2": 0.8888150371259554,
        "water_volume": 0,
        "fat_volume": 0,
        "melanin_volume": 0,
        "collagen_volume": 0,
        "n": 1.4,
        "g": 0.94,
        "muspx": 0.6664751371645883,
        "bmie": 1.0
    },
    "geometry": [
        2,
        2.25,
        5.21,
        13,
        6,
        16,
        3
    ],
    "spec_rmsp": 7.768406976762403,
    "absorb_rmsp": 14.860608563057426
}