{
    "skin": {
        "blood_volume_fraction": 0.08664950609917739,
        "ScvO2": 0.5262957466437427,
        "water_volume": 0.3546969748261183,
        "fat_volume": 0.3316177963576278,
        "melanin_volume": 0.0011711599661727856,
        "collagen_volume": 0,
        "n": 1.4,
        "g": 0.71,
        "muspx": 47.24128307844511,
        "bmie": 1.438487284128552
    },
    "fat": {
        "blood_volume_fraction": 0.040568305715615094,
        "ScvO2": 0.19946997625229312,
        "water_volume": 0,
        "fat_volume": 0.9256081249892437,
        "melanin_volume": 0,
        "collagen_volume": 0,
        "n": 1.4,
        "g": 0.9,
        "muspx": 23.383336116688113,
        "bmie": 0.6036388413808013
    },
    "muscle": {
        "blood_volume_fraction": 0.09950107672365972,
        "ScvO2": 0.671080571067776,
        "water_volume": 0.10798401742108599,
        "fat_volume": 0,
        "melanin_volume": 0,
        "collagen_volume": 0.8149788688704842,
        "n": 1.4,
        "g": 0.9,
        "muspx": 12.317970868744041,
        "bmie": 1.6200388829304448
    },
    "IJV": {
        "blood_volume_fraction": 1.0,
        "ScvO2": 0.4017696905535504,
        "water_volume": 0,
        "fat_volume": 0,
        "melanin_volume": 0,
        "collagen_volume": 0,
        "n": 1.4,
        "g": 0.9,
        "muspx": 0.9878447454285022,
        "bmie": 1.0
    },
    "CCA": {
        "blood_volume_fraction": 1.0,
        "ScvO2": 0.8978912134864162,
        "water_volume": 0,
        "fat_volume": 0,
        "melanin_volume": 0,
        "collagen_volume": 0,
        "n": 1.4,
        "g": 0.94,
        "muspx": 0.13946075542663128,
        "bmie": 1.0
    },
    "geometry": [
        1.27,
        1.0,
        7.71,
        14.95,
        3.53,
        23.86,
        7.68
    ],
    "spec_rmsp": 9.674576245669412,
    "absorb_rmsp": 20.62474147657528
}