{
    "skin": {
        "blood_volume_fraction": 0.0024149473136476558,
        "ScvO2": 0.558394422057162,
        "water_volume": 0.4641798103017268,
        "fat_volume": 0.0,
        "melanin_volume": 0.5439128161840829,
        "collagen_volume": 0,
        "n": 1.4,
        "g": 0.71,
        "muspx": 100.0,
        "bmie": 1.6628641465829581
    },
    "fat": {
        "blood_volume_fraction": 0.027874576125880696,
        "ScvO2": 0.005430976580962775,
        "water_volume": 0,
        "fat_volume": 0.9721254238741193,
        "melanin_volume": 0,
        "collagen_volume": 0,
        "n": 1.4,
        "g": 0.9,
        "muspx": 20.03570701792031,
        "bmie": 2.812403498906065
    },
    "muscle": {
        "blood_volume_fraction": 0.19746371402276852,
        "ScvO2": 0.4616447436180657,
        "water_volume": 0.0952629513168797,
        "fat_volume": 0,
        "melanin_volume": 0,
        "collagen_volume": 0.7072733346603518,
        "n": 1.4,
        "g": 0.9,
        "muspx": 16.540491370447434,
        "bmie": 3.1134427460035576
    },
    "IJV": {
        "blood_volume_fraction": 1.0,
        "ScvO2": 0.10476265206759545,
        "water_volume": 0,
        "fat_volume": 0,
        "melanin_volume": 0,
        "collagen_volume": 0,
        "n": 1.4,
        "g": 0.9,
        "muspx": 1.377175894272541,
        "bmie": 0.42729575039739354
    },
    "CCA": {
        "blood_volume_fraction": 1.0,
        "ScvO2": 0.9731718184943292,
        "water_volume": 0,
        "fat_volume": 0,
        "melanin_volume": 0,
        "collagen_volume": 0,
        "n": 1.4,
        "g": 0.94,
        "muspx": 0.010401619645151109,
        "bmie": 1.0624726881106494
    },
    "geometry": [
        2,
        2.25,
        5.21,
        13,
        6,
        16,
        3
    ],
    "spec_rmsp": 8.446835085266024,
    "absorb_rmsp": 65.91866717561076
}