{
    "skin": {
        "blood_volume_fraction": 0.002921171628226178,
        "ScvO2": 0.2587235059701714,
        "water_volume": 0.4550949169874472,
        "fat_volume": 0.025214767038974108,
        "melanin_volume": 0.5167691443453525,
        "collagen_volume": 0,
        "n": 1.4,
        "g": 0.71,
        "muspx": 99.87127910713909,
        "bmie": 1.6867174250336232
    },
    "fat": {
        "blood_volume_fraction": 0.048178215578657216,
        "ScvO2": 0.003086513455121981,
        "water_volume": 0,
        "fat_volume": 0.9518217844213428,
        "melanin_volume": 0,
        "collagen_volume": 0,
        "n": 1.4,
        "g": 0.9,
        "muspx": 19.956809339700854,
        "bmie": 2.564892269884373
    },
    "muscle": {
        "blood_volume_fraction": 0.3325962675921994,
        "ScvO2": 0.4298846877029611,
        "water_volume": 0.09501600435974854,
        "fat_volume": 0,
        "melanin_volume": 0,
        "collagen_volume": 0.5723877280480522,
        "n": 1.4,
        "g": 0.9,
        "muspx": 17.667165470641667,
        "bmie": 3.206922315002295
    },
    "IJV": {
        "blood_volume_fraction": 1.0,
        "ScvO2": 0.10022979116408412,
        "water_volume": 0,
        "fat_volume": 0,
        "melanin_volume": 0,
        "collagen_volume": 0,
        "n": 1.4,
        "g": 0.9,
        "muspx": 2.095144912830641,
        "bmie": 0.4817969928730175
    },
    "CCA": {
        "blood_volume_fraction": 1.0,
        "ScvO2": 0.9750270087750796,
        "water_volume": 0,
        "fat_volume": 0,
        "melanin_volume": 0,
        "collagen_volume": 0,
        "n": 1.4,
        "g": 0.94,
        "muspx": 0.0032162986856701502,
        "bmie": 1.6656906504023317
    },
    "geometry": [
        2,
        2.25,
        5.21,
        13,
        6,
        16,
        3
    ],
    "spec_rmsp": 8.215361423247284,
    "absorb_rmsp": 64.44207996312686
}