{
    "skin": {
        "blood_volume_fraction": 0.0017793781809649217,
        "ScvO2": 0.6075110079046768,
        "water_volume": 0.46160055185130167,
        "fat_volume": 0.3358683239635379,
        "melanin_volume": 0.20075174600419562,
        "collagen_volume": 0,
        "n": 1.4,
        "g": 0.71,
        "muspx": 96.8887326077872,
        "bmie": 1.884706866066113
    },
    "fat": {
        "blood_volume_fraction": 0.0270554567913203,
        "ScvO2": 0.008486037004877071,
        "water_volume": 0,
        "fat_volume": 0.9729445432086796,
        "melanin_volume": 0,
        "collagen_volume": 0,
        "n": 1.4,
        "g": 0.9,
        "muspx": 16.95643130736785,
        "bmie": 2.573200149597992
    },
    "muscle": {
        "blood_volume_fraction": 0.13587331975160805,
        "ScvO2": 0.32859866093611834,
        "water_volume": 0.09516167884038294,
        "fat_volume": 0,
        "melanin_volume": 0,
        "collagen_volume": 0.7689650014080089,
        "n": 1.4,
        "g": 0.9,
        "muspx": 15.937251622713251,
        "bmie": 2.798706574483077
    },
    "IJV": {
        "blood_volume_fraction": 1.0,
        "ScvO2": 0.10998334090510457,
        "water_volume": 0,
        "fat_volume": 0,
        "melanin_volume": 0,
        "collagen_volume": 0,
        "n": 1.4,
        "g": 0.9,
        "muspx": 0.9186224330202275,
        "bmie": 0.5842227705155634
    },
    "CCA": {
        "blood_volume_fraction": 1.0,
        "ScvO2": 0.9618028591960546,
        "water_volume": 0,
        "fat_volume": 0,
        "melanin_volume": 0,
        "collagen_volume": 0,
        "n": 1.4,
        "g": 0.94,
        "muspx": 0.1779534468934394,
        "bmie": 1.028484979614598
    },
    "geometry": [
        2,
        2.25,
        5.21,
        13,
        6,
        16,
        3
    ],
    "spec_rmsp": 9.032347356896341,
    "absorb_rmsp": 69.34785339406749
}