{
    "skin": {
        "blood_volume_fraction": 0.004788228224189857,
        "ScvO2": 0.9444411049504164,
        "water_volume": 0.45976433545817724,
        "fat_volume": 0.04851606919227538,
        "melanin_volume": 0.4869313671253575,
        "collagen_volume": 0,
        "n": 1.4,
        "g": 0.71,
        "muspx": 99.32209472491431,
        "bmie": 0.7955172387107379
    },
    "fat": {
        "blood_volume_fraction": 0.04544917344023562,
        "ScvO2": 9.399375946946875e-05,
        "water_volume": 0,
        "fat_volume": 0.9545508265597644,
        "melanin_volume": 0,
        "collagen_volume": 0,
        "n": 1.4,
        "g": 0.9,
        "muspx": 48.88918891147343,
        "bmie": 3.9861695782700015
    },
    "muscle": {
        "blood_volume_fraction": 0.1793683357489475,
        "ScvO2": 0.24183450658084574,
        "water_volume": 0.09690153541205654,
        "fat_volume": 0,
        "melanin_volume": 0,
        "collagen_volume": 0.723730128838996,
        "n": 1.4,
        "g": 0.9,
        "muspx": 11.28133249348799,
        "bmie": 3.702078043726903
    },
    "IJV": {
        "blood_volume_fraction": 1.0,
        "ScvO2": 0.08805471145390789,
        "water_volume": 0,
        "fat_volume": 0,
        "melanin_volume": 0,
        "collagen_volume": 0,
        "n": 1.4,
        "g": 0.9,
        "muspx": 3.2723272358081643,
        "bmie": 0.5275653032666578
    },
    "CCA": {
        "blood_volume_fraction": 1.0,
        "ScvO2": 0.9236701766185087,
        "water_volume": 0,
        "fat_volume": 0,
        "melanin_volume": 0,
        "collagen_volume": 0,
        "n": 1.4,
        "g": 0.94,
        "muspx": 0.0925430056532982,
        "bmie": 0.049543722946003246
    },
    "geometry": [
        2,
        2.25,
        5.21,
        13,
        6,
        16,
        3
    ],
    "spec_rmsp": 7.872844713349081,
    "absorb_rmsp": 24.83302516923702
}