{
    "skin": {
        "blood_volume_fraction": 0.007016059596908623,
        "ScvO2": 0.4826659387344435,
        "water_volume": 0.4396558510164345,
        "fat_volume": 0.4501081790490024,
        "melanin_volume": 0.10321991033765444,
        "collagen_volume": 0,
        "n": 1.4,
        "g": 0.71,
        "muspx": 92.01443384581788,
        "bmie": 2.126326945365726
    },
    "fat": {
        "blood_volume_fraction": 0.00763996887587449,
        "ScvO2": 0.029948040735510918,
        "water_volume": 0,
        "fat_volume": 0.9923600311241255,
        "melanin_volume": 0,
        "collagen_volume": 0,
        "n": 1.4,
        "g": 0.9,
        "muspx": 17.910093842611282,
        "bmie": 2.175206150581329
    },
    "muscle": {
        "blood_volume_fraction": 0.21879126289106143,
        "ScvO2": 0.8328640888685442,
        "water_volume": 0.09155326882058422,
        "fat_volume": 0,
        "melanin_volume": 0,
        "collagen_volume": 0.6896554682883543,
        "n": 1.4,
        "g": 0.9,
        "muspx": 13.592742019059703,
        "bmie": 2.9656845499774387
    },
    "IJV": {
        "blood_volume_fraction": 1.0,
        "ScvO2": 0.14043662857219533,
        "water_volume": 0,
        "fat_volume": 0,
        "melanin_volume": 0,
        "collagen_volume": 0,
        "n": 1.4,
        "g": 0.9,
        "muspx": 0.6540916902068113,
        "bmie": 0.9856577462186583
    },
    "CCA": {
        "blood_volume_fraction": 1.0,
        "ScvO2": 0.9921268329275567,
        "water_volume": 0,
        "fat_volume": 0,
        "melanin_volume": 0,
        "collagen_volume": 0,
        "n": 1.4,
        "g": 0.94,
        "muspx": 0.11436956826229208,
        "bmie": 0.981321657469586
    },
    "geometry": [
        2,
        2.25,
        5.21,
        13,
        6,
        16,
        3
    ],
    "spec_rmsp": 11.710491927285485,
    "absorb_rmsp": 73.85074527890225
}