{
    "skin": {
        "blood_volume_fraction": 0.0009352922469984251,
        "ScvO2": 0.5117495359184581,
        "water_volume": 0.4585733608858202,
        "fat_volume": 0.02393974679159981,
        "melanin_volume": 0.5165516000755817,
        "collagen_volume": 0,
        "n": 1.4,
        "g": 0.71,
        "muspx": 99.25833013442852,
        "bmie": 1.4578307945542794
    },
    "fat": {
        "blood_volume_fraction": 0.0056959912418291766,
        "ScvO2": 0.0015614213727031191,
        "water_volume": 0,
        "fat_volume": 0.9943040087581708,
        "melanin_volume": 0,
        "collagen_volume": 0,
        "n": 1.4,
        "g": 0.9,
        "muspx": 24.947673217913163,
        "bmie": 2.802039552656225
    },
    "muscle": {
        "blood_volume_fraction": 0.22697186172814804,
        "ScvO2": 0.7463496847768285,
        "water_volume": 0.09575409653891541,
        "fat_volume": 0,
        "melanin_volume": 0,
        "collagen_volume": 0.6772740417329365,
        "n": 1.4,
        "g": 0.9,
        "muspx": 16.899458585298426,
        "bmie": 3.3535229118905105
    },
    "IJV": {
        "blood_volume_fraction": 1.0,
        "ScvO2": 0.09338807900909887,
        "water_volume": 0,
        "fat_volume": 0,
        "melanin_volume": 0,
        "collagen_volume": 0,
        "n": 1.4,
        "g": 0.9,
        "muspx": 2.205845022062222,
        "bmie": 0.0
    },
    "CCA": {
        "blood_volume_fraction": 1.0,
        "ScvO2": 0.9767634606785316,
        "water_volume": 0,
        "fat_volume": 0,
        "melanin_volume": 0,
        "collagen_volume": 0,
        "n": 1.4,
        "g": 0.94,
        "muspx": 0.019898005343091524,
        "bmie": 0.23747112556462452
    },
    "geometry": [
        2,
        2.25,
        5.21,
        13,
        6,
        16,
        3
    ],
    "spec_rmsp": 7.793338312803058,
    "absorb_rmsp": 59.207198798235744
}