{
    "skin": {
        "blood_volume_fraction": 0.11767608706951196,
        "ScvO2": 0.6070561954275748,
        "water_volume": 0.19103340836966595,
        "fat_volume": 0.28843936301096623,
        "melanin_volume": 0.4028511415498559,
        "collagen_volume": 0,
        "n": 1.4,
        "g": 0.71,
        "muspx": 76.82798623635217,
        "bmie": 2.1570939563274028
    },
    "fat": {
        "blood_volume_fraction": 0.013388500441640224,
        "ScvO2": 0.0063010700160828475,
        "water_volume": 0,
        "fat_volume": 0.9866114995583598,
        "melanin_volume": 0,
        "collagen_volume": 0,
        "n": 1.4,
        "g": 0.9,
        "muspx": 6.983636244589747,
        "bmie": 1.4904239014214165
    },
    "muscle": {
        "blood_volume_fraction": 0.1515246666705869,
        "ScvO2": 0.5856724048277127,
        "water_volume": 0.08859894456872384,
        "fat_volume": 0,
        "melanin_volume": 0,
        "collagen_volume": 0.7598763887606893,
        "n": 1.4,
        "g": 0.9,
        "muspx": 16.310438172082556,
        "bmie": 2.1099845185794788
    },
    "IJV": {
        "blood_volume_fraction": 1.0,
        "ScvO2": 0.5830547920141302,
        "water_volume": 0,
        "fat_volume": 0,
        "melanin_volume": 0,
        "collagen_volume": 0,
        "n": 1.4,
        "g": 0.9,
        "muspx": 0.0,
        "bmie": 0.7055718965222113
    },
    "CCA": {
        "blood_volume_fraction": 1.0,
        "ScvO2": 0.7111750026346055,
        "water_volume": 0,
        "fat_volume": 0,
        "melanin_volume": 0,
        "collagen_volume": 0,
        "n": 1.4,
        "g": 0.94,
        "muspx": 2.5973586796151746,
        "bmie": 1.3863642750300154
    },
    "geometry": [
        2,
        2.25,
        5.21,
        13,
        6,
        16,
        3
    ],
    "spec_rmsp": 8.910113596479968,
    "absorb_rmsp": 78.6543464539168
}