{
    "skin": {
        "blood_volume_fraction": 0.030231120291234415,
        "ScvO2": 0.8401381093754368,
        "water_volume": 0.24394613344019858,
        "fat_volume": 0.4928660746534121,
        "melanin_volume": 0.23295667161515493,
        "collagen_volume": 0,
        "n": 1.4,
        "g": 0.71,
        "muspx": 65.43730868111811,
        "bmie": 2.643785262172601
    },
    "fat": {
        "blood_volume_fraction": 0.10273755968162393,
        "ScvO2": 0.0015908403465692044,
        "water_volume": 0,
        "fat_volume": 0.8972624403183761,
        "melanin_volume": 0,
        "collagen_volume": 0,
        "n": 1.4,
        "g": 0.9,
        "muspx": 11.970322982811215,
        "bmie": 1.8446658436681393
    },
    "muscle": {
        "blood_volume_fraction": 0.13683695402479507,
        "ScvO2": 0.13746758480849497,
        "water_volume": 0.0906184187618836,
        "fat_volume": 0,
        "melanin_volume": 0,
        "collagen_volume": 0.7725446272133214,
        "n": 1.4,
        "g": 0.9,
        "muspx": 11.291675405849192,
        "bmie": 2.21792313756059
    },
    "IJV": {
        "blood_volume_fraction": 1.0,
        "ScvO2": 0.5876774204518225,
        "water_volume": 0,
        "fat_volume": 0,
        "melanin_volume": 0,
        "collagen_volume": 0,
        "n": 1.4,
        "g": 0.9,
        "muspx": 0.6124775437998956,
        "bmie": 0.9425208888121515
    },
    "CCA": {
        "blood_volume_fraction": 1.0,
        "ScvO2": 0.8815439652511925,
        "water_volume": 0,
        "fat_volume": 0,
        "melanin_volume": 0,
        "collagen_volume": 0,
        "n": 1.4,
        "g": 0.94,
        "muspx": 0.5554264081985452,
        "bmie": 1.3577304837891975
    },
    "geometry": [
        2,
        2.25,
        5.21,
        13,
        6,
        16,
        3
    ],
    "spec_rmsp": 10.19666912001242,
    "absorb_rmsp": 78.9974787484263
}