{
    "skin": {
        "blood_volume_fraction": 0.22773315975337668,
        "ScvO2": 1.0,
        "water_volume": 0.18101502642980555,
        "fat_volume": 0.1421052105060489,
        "melanin_volume": 0.4491466033107688,
        "collagen_volume": 0,
        "n": 1.4,
        "g": 0.71,
        "muspx": 79.12174729341278,
        "bmie": 2.1114083954575333
    },
    "fat": {
        "blood_volume_fraction": 0.01413971425220274,
        "ScvO2": 0.00011995987994129712,
        "water_volume": 0,
        "fat_volume": 0.9858602857477973,
        "melanin_volume": 0,
        "collagen_volume": 0,
        "n": 1.4,
        "g": 0.9,
        "muspx": 7.123750031708303,
        "bmie": 1.5071599264352584
    },
    "muscle": {
        "blood_volume_fraction": 0.15455369711469366,
        "ScvO2": 0.6452625808072288,
        "water_volume": 0.08890851295827373,
        "fat_volume": 0,
        "melanin_volume": 0,
        "collagen_volume": 0.7565377899270326,
        "n": 1.4,
        "g": 0.9,
        "muspx": 17.983876762513958,
        "bmie": 1.9499962169473128
    },
    "IJV": {
        "blood_volume_fraction": 1.0,
        "ScvO2": 0.6150095729823345,
        "water_volume": 0,
        "fat_volume": 0,
        "melanin_volume": 0,
        "collagen_volume": 0,
        "n": 1.4,
        "g": 0.9,
        "muspx": 0.011986927869585738,
        "bmie": 0.6667828911643338
    },
    "CCA": {
        "blood_volume_fraction": 1.0,
        "ScvO2": 0.7271336586796537,
        "water_volume": 0,
        "fat_volume": 0,
        "melanin_volume": 0,
        "collagen_volume": 0,
        "n": 1.4,
        "g": 0.94,
        "muspx": 2.111775635201384,
        "bmie": 0.576450765308014
    },
    "geometry": [
        2,
        2.25,
        5.21,
        13,
        6,
        16,
        3
    ],
    "spec_rmsp": 8.532397482291294,
    "absorb_rmsp": 72.50120587109679
}