{
    "skin": {
        "blood_volume_fraction": 0.1416780549550537,
        "ScvO2": 0.6966592559094908,
        "water_volume": 0.18257601230921378,
        "fat_volume": 0.27352620496593977,
        "melanin_volume": 0.40221972776979276,
        "collagen_volume": 0,
        "n": 1.4,
        "g": 0.71,
        "muspx": 77.16339933792418,
        "bmie": 2.087171589572991
    },
    "fat": {
        "blood_volume_fraction": 0.012930311128901417,
        "ScvO2": 0.005720059655362904,
        "water_volume": 0,
        "fat_volume": 0.9870696888710986,
        "melanin_volume": 0,
        "collagen_volume": 0,
        "n": 1.4,
        "g": 0.9,
        "muspx": 6.424003549915809,
        "bmie": 1.4335614132237886
    },
    "muscle": {
        "blood_volume_fraction": 0.15401263849986555,
        "ScvO2": 0.427518654579081,
        "water_volume": 0.08869800490827746,
        "fat_volume": 0,
        "melanin_volume": 0,
        "collagen_volume": 0.757289356591857,
        "n": 1.4,
        "g": 0.9,
        "muspx": 17.020587160202734,
        "bmie": 2.0689571945980614
    },
    "IJV": {
        "blood_volume_fraction": 1.0,
        "ScvO2": 0.6251890995522807,
        "water_volume": 0,
        "fat_volume": 0,
        "melanin_volume": 0,
        "collagen_volume": 0,
        "n": 1.4,
        "g": 0.9,
        "muspx": 0.13609054442632545,
        "bmie": 0.8159728865239673
    },
    "CCA": {
        "blood_volume_fraction": 1.0,
        "ScvO2": 0.7232247808705926,
        "water_volume": 0,
        "fat_volume": 0,
        "melanin_volume": 0,
        "collagen_volume": 0,
        "n": 1.4,
        "g": 0.94,
        "muspx": 2.3868130317793876,
        "bmie": 1.3013633262942006
    },
    "geometry": [
        2,
        2.25,
        5.21,
        13,
        6,
        16,
        3
    ],
    "spec_rmsp": 8.78229755243687,
    "absorb_rmsp": 76.18784176350991
}