{
    "skin": {
        "blood_volume_fraction": 0.08184441518380332,
        "ScvO2": 0.7483811361380459,
        "water_volume": 0.21756266825477558,
        "fat_volume": 0.3970338566586599,
        "melanin_volume": 0.3035590599027612,
        "collagen_volume": 0,
        "n": 1.4,
        "g": 0.71,
        "muspx": 71.70825676184992,
        "bmie": 2.221985331115314
    },
    "fat": {
        "blood_volume_fraction": 0.007039111270968297,
        "ScvO2": 0.003187040842308842,
        "water_volume": 0,
        "fat_volume": 0.9929608887290318,
        "melanin_volume": 0,
        "collagen_volume": 0,
        "n": 1.4,
        "g": 0.9,
        "muspx": 9.31002785946615,
        "bmie": 1.6026046524390876
    },
    "muscle": {
        "blood_volume_fraction": 0.10869852319359119,
        "ScvO2": 0.3627014990693367,
        "water_volume": 0.08814428960173687,
        "fat_volume": 0,
        "melanin_volume": 0,
        "collagen_volume": 0.8031571872046719,
        "n": 1.4,
        "g": 0.9,
        "muspx": 13.913211446000911,
        "bmie": 2.221662986699363
    },
    "IJV": {
        "blood_volume_fraction": 1.0,
        "ScvO2": 0.5835398746276155,
        "water_volume": 0,
        "fat_volume": 0,
        "melanin_volume": 0,
        "collagen_volume": 0,
        "n": 1.4,
        "g": 0.9,
        "muspx": 0.22100051262001458,
        "bmie": 0.8117577050638329
    },
    "CCA": {
        "blood_volume_fraction": 1.0,
        "ScvO2": 0.8494616671635785,
        "water_volume": 0,
        "fat_volume": 0,
        "melanin_volume": 0,
        "collagen_volume": 0,
        "n": 1.4,
        "g": 0.94,
        "muspx": 1.575778816253794,
        "bmie": 1.4197686584906735
    },
    "geometry": [
        2,
        2.25,
        5.21,
        13,
        6,
        16,
        3
    ],
    "spec_rmsp": 9.831139369909405,
    "absorb_rmsp": 79.1172853788568
}