{
    "skin": {
        "blood_volume_fraction": 0.20590817819074464,
        "ScvO2": 0.9519838071876559,
        "water_volume": 0.16952858208196023,
        "fat_volume": 0.16771693873577595,
        "melanin_volume": 0.4568463009915193,
        "collagen_volume": 0,
        "n": 1.4,
        "g": 0.71,
        "muspx": 79.86632976265352,
        "bmie": 2.0719551719781917
    },
    "fat": {
        "blood_volume_fraction": 0.006184330822288654,
        "ScvO2": 0.00016601738091494753,
        "water_volume": 0,
        "fat_volume": 0.9938156691777114,
        "melanin_volume": 0,
        "collagen_volume": 0,
        "n": 1.4,
        "g": 0.9,
        "muspx": 8.210877459284244,
        "bmie": 1.9244895152280144
    },
    "muscle": {
        "blood_volume_fraction": 0.12854786779862634,
        "ScvO2": 0.5483249568186387,
        "water_volume": 0.08921002490084727,
        "fat_volume": 0,
        "melanin_volume": 0,
        "collagen_volume": 0.7822421073005265,
        "n": 1.4,
        "g": 0.9,
        "muspx": 19.051558756465404,
        "bmie": 1.9569616483771273
    },
    "IJV": {
        "blood_volume_fraction": 1.0,
        "ScvO2": 0.6174567303192109,
        "water_volume": 0,
        "fat_volume": 0,
        "melanin_volume": 0,
        "collagen_volume": 0,
        "n": 1.4,
        "g": 0.9,
        "muspx": 0.10474266439123447,
        "bmie": 0.7360454080499527
    },
    "CCA": {
        "blood_volume_fraction": 1.0,
        "ScvO2": 0.7579930628729867,
        "water_volume": 0,
        "fat_volume": 0,
        "melanin_volume": 0,
        "collagen_volume": 0,
        "n": 1.4,
        "g": 0.94,
        "muspx": 2.1765614832502216,
        "bmie": 0.7593921667267394
    },
    "geometry": [
        2,
        2.25,
        5.21,
        13,
        6,
        16,
        3
    ],
    "spec_rmsp": 8.310602206630413,
    "absorb_rmsp": 72.42885159036673
}