{
    "skin": {
        "blood_volume_fraction": 0.0038258874266787965,
        "ScvO2": 0.9162585591132453,
        "water_volume": 0.26812078109209414,
        "fat_volume": 0.5351974921080889,
        "melanin_volume": 0.1928558393731382,
        "collagen_volume": 0,
        "n": 1.4,
        "g": 0.71,
        "muspx": 58.16892501643942,
        "bmie": 2.7133777633190017
    },
    "fat": {
        "blood_volume_fraction": 0.10272310338269974,
        "ScvO2": 0.009552773286870788,
        "water_volume": 0,
        "fat_volume": 0.8972768966173003,
        "melanin_volume": 0,
        "collagen_volume": 0,
        "n": 1.4,
        "g": 0.9,
        "muspx": 12.88730728538326,
        "bmie": 1.5014351289329708
    },
    "muscle": {
        "blood_volume_fraction": 0.12907578481611967,
        "ScvO2": 0.009259466855366494,
        "water_volume": 0.09120328107084555,
        "fat_volume": 0,
        "melanin_volume": 0,
        "collagen_volume": 0.7797209341130349,
        "n": 1.4,
        "g": 0.9,
        "muspx": 9.663418215407777,
        "bmie": 2.4300812247003165
    },
    "IJV": {
        "blood_volume_fraction": 1.0,
        "ScvO2": 0.5646492099290277,
        "water_volume": 0,
        "fat_volume": 0,
        "melanin_volume": 0,
        "collagen_volume": 0,
        "n": 1.4,
        "g": 0.9,
        "muspx": 0.6115149455655129,
        "bmie": 0.933256427823435
    },
    "CCA": {
        "blood_volume_fraction": 1.0,
        "ScvO2": 0.8760251948941994,
        "water_volume": 0,
        "fat_volume": 0,
        "melanin_volume": 0,
        "collagen_volume": 0,
        "n": 1.4,
        "g": 0.94,
        "muspx": 0.0,
        "bmie": 1.2608747847222963
    },
    "geometry": [
        2,
        2.25,
        5.21,
        13,
        6,
        16,
        3
    ],
    "spec_rmsp": 11.610091609703938,
    "absorb_rmsp": 77.80126466602866
}