{
    "skin": {
        "blood_volume_fraction": 0.09145988355465656,
        "ScvO2": 0.6697391696745678,
        "water_volume": 0.20128090436471147,
        "fat_volume": 0.3681429102524431,
        "melanin_volume": 0.3391163018281889,
        "collagen_volume": 0,
        "n": 1.4,
        "g": 0.71,
        "muspx": 75.25063126690108,
        "bmie": 2.1028338736985934
    },
    "fat": {
        "blood_volume_fraction": 0.0023958041310065243,
        "ScvO2": 0.0016541131605761754,
        "water_volume": 0,
        "fat_volume": 0.9976041958689935,
        "melanin_volume": 0,
        "collagen_volume": 0,
        "n": 1.4,
        "g": 0.9,
        "muspx": 8.635352144616968,
        "bmie": 1.7108040280413044
    },
    "muscle": {
        "blood_volume_fraction": 0.08497623665548322,
        "ScvO2": 0.4549649304769204,
        "water_volume": 0.08795662369693927,
        "fat_volume": 0,
        "melanin_volume": 0,
        "collagen_volume": 0.8270671396475775,
        "n": 1.4,
        "g": 0.9,
        "muspx": 15.863240851578908,
        "bmie": 2.169896850179161
    },
    "IJV": {
        "blood_volume_fraction": 1.0,
        "ScvO2": 0.5872718269242646,
        "water_volume": 0,
        "fat_volume": 0,
        "melanin_volume": 0,
        "collagen_volume": 0,
        "n": 1.4,
        "g": 0.9,
        "muspx": 0.01683304231485121,
        "bmie": 0.7738420241532913
    },
    "CCA": {
        "blood_volume_fraction": 1.0,
        "ScvO2": 0.777222759175439,
        "water_volume": 0,
        "fat_volume": 0,
        "melanin_volume": 0,
        "collagen_volume": 0,
        "n": 1.4,
        "g": 0.94,
        "muspx": 2.176398345155861,
        "bmie": 1.3827279197907218
    },
    "geometry": [
        2,
        2.25,
        5.21,
        13,
        6,
        16,
        3
    ],
    "spec_rmsp": 9.25781952607312,
    "absorb_rmsp": 77.37535060922775
}