{
    "skin": {
        "blood_volume_fraction": 0.08057888148496647,
        "ScvO2": 0.6773865705946067,
        "water_volume": 0.22128075458882104,
        "fat_volume": 0.39730287404035036,
        "melanin_volume": 0.30083748988586206,
        "collagen_volume": 0,
        "n": 1.4,
        "g": 0.71,
        "muspx": 71.68838842613356,
        "bmie": 2.3400131151269665
    },
    "fat": {
        "blood_volume_fraction": 0.017267772365093345,
        "ScvO2": 0.0013329719632988704,
        "water_volume": 0,
        "fat_volume": 0.9827322276349066,
        "melanin_volume": 0,
        "collagen_volume": 0,
        "n": 1.4,
        "g": 0.9,
        "muspx": 9.456701498310135,
        "bmie": 1.6393069454125966
    },
    "muscle": {
        "blood_volume_fraction": 0.09369798439558881,
        "ScvO2": 0.2835576482103495,
        "water_volume": 0.08888429646915459,
        "fat_volume": 0,
        "melanin_volume": 0,
        "collagen_volume": 0.8174177191352565,
        "n": 1.4,
        "g": 0.9,
        "muspx": 14.294875123909328,
        "bmie": 2.1930915071012187
    },
    "IJV": {
        "blood_volume_fraction": 1.0,
        "ScvO2": 0.5920601370023425,
        "water_volume": 0,
        "fat_volume": 0,
        "melanin_volume": 0,
        "collagen_volume": 0,
        "n": 1.4,
        "g": 0.9,
        "muspx": 0.0897340929128961,
        "bmie": 0.8239464726995335
    },
    "CCA": {
        "blood_volume_fraction": 1.0,
        "ScvO2": 0.8284138426546854,
        "water_volume": 0,
        "fat_volume": 0,
        "melanin_volume": 0,
        "collagen_volume": 0,
        "n": 1.4,
        "g": 0.94,
        "muspx": 1.831622846234382,
        "bmie": 1.346295850630336
    },
    "geometry": [
        2,
        2.25,
        5.21,
        13,
        6,
        16,
        3
    ],
    "spec_rmsp": 9.664415068665075,
    "absorb_rmsp": 78.61816227035688
}