{
    "skin": {
        "blood_volume_fraction": 0.20891267884535955,
        "ScvO2": 0.8807092271957471,
        "water_volume": 0.16153167174595676,
        "fat_volume": 0.1548638734560458,
        "melanin_volume": 0.47469177595263795,
        "collagen_volume": 0,
        "n": 1.4,
        "g": 0.71,
        "muspx": 83.76656250371153,
        "bmie": 2.12720046288086
    },
    "fat": {
        "blood_volume_fraction": 0.004210939480670048,
        "ScvO2": 0.0002037975598417009,
        "water_volume": 0,
        "fat_volume": 0.9957890605193299,
        "melanin_volume": 0,
        "collagen_volume": 0,
        "n": 1.4,
        "g": 0.9,
        "muspx": 9.649143964259796,
        "bmie": 2.2136448431294946
    },
    "muscle": {
        "blood_volume_fraction": 0.09593988713459994,
        "ScvO2": 0.07828795366622726,
        "water_volume": 0.08921907775012776,
        "fat_volume": 0,
        "melanin_volume": 0,
        "collagen_volume": 0.8148410351152722,
        "n": 1.4,
        "g": 0.9,
        "muspx": 19.344324792648077,
        "bmie": 1.9301506882789505
    },
    "IJV": {
        "blood_volume_fraction": 1.0,
        "ScvO2": 0.6207500570486943,
        "water_volume": 0,
        "fat_volume": 0,
        "melanin_volume": 0,
        "collagen_volume": 0,
        "n": 1.4,
        "g": 0.9,
        "muspx": 0.0956546106101324,
        "bmie": 0.7747072791400118
    },
    "CCA": {
        "blood_volume_fraction": 1.0,
        "ScvO2": 0.7563901096395234,
        "water_volume": 0,
        "fat_volume": 0,
        "melanin_volume": 0,
        "collagen_volume": 0,
        "n": 1.4,
        "g": 0.94,
        "muspx": 2.066824841918402,
        "bmie": 0.7684594165016042
    },
    "geometry": [
        2,
        2.25,
        5.21,
        13,
        6,
        16,
        3
    ],
    "spec_rmsp": 8.038879637482257,
    "absorb_rmsp": 72.77537208686068
}