{
    "skin": {
        "blood_volume_fraction": 0.033634872288365904,
        "ScvO2": 0.9910040820514966,
        "water_volume": 0.2435688672889874,
        "fat_volume": 0.0,
        "melanin_volume": 0.8095610648955167,
        "collagen_volume": 0,
        "n": 1.4,
        "g": 0.71,
        "muspx": 100.0,
        "bmie": 3.071212098799444
    },
    "fat": {
        "blood_volume_fraction": 0.14181097223589947,
        "ScvO2": 0.0006114131922004658,
        "water_volume": 0,
        "fat_volume": 0.8581890277641006,
        "melanin_volume": 0,
        "collagen_volume": 0,
        "n": 1.4,
        "g": 0.9,
        "muspx": 5.3412932137898315,
        "bmie": 0.7081447675292523
    },
    "muscle": {
        "blood_volume_fraction": 0.08704081717624282,
        "ScvO2": 0.1785569002012823,
        "water_volume": 0.09329443307727231,
        "fat_volume": 0,
        "melanin_volume": 0,
        "collagen_volume": 0.819664749746485,
        "n": 1.4,
        "g": 0.9,
        "muspx": 11.173835866841884,
        "bmie": 1.4802178866963707
    },
    "IJV": {
        "blood_volume_fraction": 1.0,
        "ScvO2": 0.623585841239032,
        "water_volume": 0,
        "fat_volume": 0,
        "melanin_volume": 0,
        "collagen_volume": 0,
        "n": 1.4,
        "g": 0.9,
        "muspx": 0.36119292731155006,
        "bmie": 1.0588531271974206
    },
    "CCA": {
        "blood_volume_fraction": 1.0,
        "ScvO2": 1.0,
        "water_volume": 0,
        "fat_volume": 0,
        "melanin_volume": 0,
        "collagen_volume": 0,
        "n": 1.4,
        "g": 0.94,
        "muspx": 1.270687629842455,
        "bmie": 0.9811942196532756
    },
    "geometry": [
        2,
        2.25,
        5.21,
        13,
        6,
        16,
        3
    ],
    "spec_rmsp": 9.292095452340995,
    "absorb_rmsp": 82.47949316716
}