{
    "skin": {
        "blood_volume_fraction": 0.014066644624080363,
        "ScvO2": 0.7728222627498083,
        "water_volume": 0.19330402509105998,
        "fat_volume": 0.11462956894551131,
        "melanin_volume": 0.6779997613393485,
        "collagen_volume": 0,
        "n": 1.4,
        "g": 0.71,
        "muspx": 99.95511559652502,
        "bmie": 2.677423277796896
    },
    "fat": {
        "blood_volume_fraction": 0.22651527723750903,
        "ScvO2": 0.001337821113372832,
        "water_volume": 0,
        "fat_volume": 0.7734847227624909,
        "melanin_volume": 0,
        "collagen_volume": 0,
        "n": 1.4,
        "g": 0.9,
        "muspx": 4.976039035224925,
        "bmie": 1.3004081804090395
    },
    "muscle": {
        "blood_volume_fraction": 0.1347697514145327,
        "ScvO2": 0.3100591523418878,
        "water_volume": 0.09245608995940804,
        "fat_volume": 0,
        "melanin_volume": 0,
        "collagen_volume": 0.7727741586260591,
        "n": 1.4,
        "g": 0.9,
        "muspx": 15.516128826481923,
        "bmie": 1.509005907473465
    },
    "IJV": {
        "blood_volume_fraction": 1.0,
        "ScvO2": 0.6514022205763965,
        "water_volume": 0,
        "fat_volume": 0,
        "melanin_volume": 0,
        "collagen_volume": 0,
        "n": 1.4,
        "g": 0.9,
        "muspx": 0.22660478238201237,
        "bmie": 1.0692012490921563
    },
    "CCA": {
        "blood_volume_fraction": 1.0,
        "ScvO2": 0.9815462621450826,
        "water_volume": 0,
        "fat_volume": 0,
        "melanin_volume": 0,
        "collagen_volume": 0,
        "n": 1.4,
        "g": 0.94,
        "muspx": 1.511813946578635,
        "bmie": 1.011090738390154
    },
    "geometry": [
        2,
        2.25,
        5.21,
        13,
        6,
        16,
        3
    ],
    "spec_rmsp": 8.055445091799776,
    "absorb_rmsp": 78.26909403932122
}