{
    "skin": {
        "blood_volume_fraction": 0.030032895480827472,
        "ScvO2": 0.8521880176405694,
        "water_volume": 0.1973656933184133,
        "fat_volume": 0.08438436632176037,
        "melanin_volume": 0.6882170448789988,
        "collagen_volume": 0,
        "n": 1.4,
        "g": 0.71,
        "muspx": 99.87201913218487,
        "bmie": 2.717542073255745
    },
    "fat": {
        "blood_volume_fraction": 0.22839738766670084,
        "ScvO2": 0.0011565277901871111,
        "water_volume": 0,
        "fat_volume": 0.7716026123332992,
        "melanin_volume": 0,
        "collagen_volume": 0,
        "n": 1.4,
        "g": 0.9,
        "muspx": 5.0296577863928595,
        "bmie": 1.1572453215201146
    },
    "muscle": {
        "blood_volume_fraction": 0.08374898439528022,
        "ScvO2": 0.2925314022654197,
        "water_volume": 0.09230818074601954,
        "fat_volume": 0,
        "melanin_volume": 0,
        "collagen_volume": 0.8239428348587002,
        "n": 1.4,
        "g": 0.9,
        "muspx": 14.721244042477583,
        "bmie": 1.472829390042244
    },
    "IJV": {
        "blood_volume_fraction": 1.0,
        "ScvO2": 0.6538496072196784,
        "water_volume": 0,
        "fat_volume": 0,
        "melanin_volume": 0,
        "collagen_volume": 0,
        "n": 1.4,
        "g": 0.9,
        "muspx": 0.43980488454959726,
        "bmie": 1.0790009488515326
    },
    "CCA": {
        "blood_volume_fraction": 1.0,
        "ScvO2": 0.9765023781959206,
        "water_volume": 0,
        "fat_volume": 0,
        "melanin_volume": 0,
        "collagen_volume": 0,
        "n": 1.4,
        "g": 0.94,
        "muspx": 1.5193421145344965,
        "bmie": 1.0026125287596084
    },
    "geometry": [
        2,
        2.25,
        5.21,
        13,
        6,
        16,
        3
    ],
    "spec_rmsp": 8.213804363638895,
    "absorb_rmsp": 78.58721773654892
}