{
    "skin": {
        "blood_volume_fraction": 0.05713757302203445,
        "ScvO2": 0.9186390305181329,
        "water_volume": 0.20994548709297903,
        "fat_volume": 0.0,
        "melanin_volume": 0.7384715616198239,
        "collagen_volume": 0,
        "n": 1.4,
        "g": 0.71,
        "muspx": 99.53444288193711,
        "bmie": 2.8548918481906616
    },
    "fat": {
        "blood_volume_fraction": 0.2021785697425501,
        "ScvO2": 0.0002838010426942942,
        "water_volume": 0,
        "fat_volume": 0.7978214302574498,
        "melanin_volume": 0,
        "collagen_volume": 0,
        "n": 1.4,
        "g": 0.9,
        "muspx": 5.298821031695514,
        "bmie": 1.1104785646678457
    },
    "muscle": {
        "blood_volume_fraction": 0.06044409424598496,
        "ScvO2": 0.2115016614733483,
        "water_volume": 0.09233717375325702,
        "fat_volume": 0,
        "melanin_volume": 0,
        "collagen_volume": 0.847218732000758,
        "n": 1.4,
        "g": 0.9,
        "muspx": 13.622148822996113,
        "bmie": 1.432024235510945
    },
    "IJV": {
        "blood_volume_fraction": 1.0,
        "ScvO2": 0.6472180726550409,
        "water_volume": 0,
        "fat_volume": 0,
        "melanin_volume": 0,
        "collagen_volume": 0,
        "n": 1.4,
        "g": 0.9,
        "muspx": 0.4205848914954934,
        "bmie": 1.0111493344557294
    },
    "CCA": {
        "blood_volume_fraction": 1.0,
        "ScvO2": 0.9785281509973054,
        "water_volume": 0,
        "fat_volume": 0,
        "melanin_volume": 0,
        "collagen_volume": 0,
        "n": 1.4,
        "g": 0.94,
        "muspx": 1.4295469406649859,
        "bmie": 1.0081308336232018
    },
    "geometry": [
        2,
        2.25,
        5.21,
        13,
        6,
        16,
        3
    ],
    "spec_rmsp": 8.420564193249314,
    "absorb_rmsp": 79.8493169838808
}