{
    "skin": {
        "n": 1.4,
        "g": 0.94,
        "muspx": 35.76023132452471,
        "bmie": 1.9033257288060375
    },
    "fat": {
        "n": 1.4,
        "g": 0.94,
        "muspx": 34.008860235618,
        "bmie": 0.7215621951951514
    },
    "muscle": {
        "n": 1.4,
        "g": 0.94,
        "muspx": 12.985858560675876,
        "bmie": 1.9028502178968876
    },
    "IJV": {
        "n": 1.4,
        "g": 0.94,
        "muspx": 15.114065188205181,
        "bmie": 1.0
    },
    "CCA": {
        "n": 1.4,
        "g": 0.94,
        "muspx": 10.347912231295327,
        "bmie": 1.0
    },
    "geometry": {
        "skin_thickness": 0.6557244801671637,
        "fat_thickness": 1.392259800232181,
        "ijv_radius": 6.932080375319697,
        "ijv_depth": 12.129667846165656,
        "cca_radius": 3.88070350155957,
        "cca_depth": 21.610318165944967,
        "ijv_cca_distance": 5.689431873260777
    },
    "boundary": {
        "x_size": 70,
        "y_size": 150,
        "z_size": 200
    },
    "idx": "A6FQzXi8TJ"
}