{
    "skin": {
        "n": 1.4,
        "g": 0.94,
        "muspx": 32.739868168882936,
        "bmie": 1.3268599132739238
    },
    "fat": {
        "n": 1.4,
        "g": 0.94,
        "muspx": 28.224416404456218,
        "bmie": 0.8400926675016754
    },
    "muscle": {
        "n": 1.4,
        "g": 0.94,
        "muspx": 9.940829292887493,
        "bmie": 2.119272423503887
    },
    "IJV": {
        "n": 1.4,
        "g": 0.94,
        "muspx": 15.172971057999824,
        "bmie": 1.0
    },
    "CCA": {
        "n": 1.4,
        "g": 0.94,
        "muspx": 11.756090385874039,
        "bmie": 1.0
    },
    "geometry": {
        "skin_thickness": 0.8051052171135048,
        "fat_thickness": 1.0489447827046128,
        "ijv_radius": 9.234601113466308,
        "ijv_depth": 11.23506141296639,
        "cca_radius": 2.7848436838937403,
        "cca_depth": 24.476774345486042,
        "ijv_cca_distance": 7.370841550023544
    },
    "boundary": {
        "x_size": 150,
        "y_size": 150,
        "z_size": 200
    },
    "idx": "a8Zx5VbSD1"
}