{
    "skin": {
        "n": 1.4,
        "g": 0.94,
        "muspx": 35.979677572975476,
        "bmie": 2.2470676481055025
    },
    "fat": {
        "n": 1.4,
        "g": 0.94,
        "muspx": 25.343911913181532,
        "bmie": 0.431531451357078
    },
    "muscle": {
        "n": 1.4,
        "g": 0.94,
        "muspx": 12.35154613621311,
        "bmie": 2.7249151923498243
    },
    "IJV": {
        "n": 1.4,
        "g": 0.94,
        "muspx": 10.489534068631611,
        "bmie": 1.0
    },
    "CCA": {
        "n": 1.4,
        "g": 0.94,
        "muspx": 18.935054779017896,
        "bmie": 1.0
    },
    "geometry": {
        "skin_thickness": 1.24764536753257,
        "fat_thickness": 0.7882616379094726,
        "ijv_radius": 3.490875115849894,
        "ijv_depth": 11.504125465571894,
        "cca_radius": 2.6552159992814355,
        "cca_depth": 23.444530433060347,
        "ijv_cca_distance": 6.093912669382714
    },
    "boundary": {
        "x_size": 70,
        "y_size": 150,
        "z_size": 200
    },
    "idx": "Ac3HGAI8Ck"
}