{
    "skin": {
        "n": 1.4,
        "g": 0.94,
        "muspx": 44.41381178828304,
        "bmie": 1.187667210621047
    },
    "fat": {
        "n": 1.4,
        "g": 0.94,
        "muspx": 14.849591382070894,
        "bmie": 0.5806556132751889
    },
    "muscle": {
        "n": 1.4,
        "g": 0.94,
        "muspx": 10.597785614181793,
        "bmie": 1.7364826160151643
    },
    "IJV": {
        "n": 1.4,
        "g": 0.94,
        "muspx": 18.721782876297013,
        "bmie": 1.0
    },
    "CCA": {
        "n": 1.4,
        "g": 0.94,
        "muspx": 18.06045661917596,
        "bmie": 1.0
    },
    "geometry": {
        "skin_thickness": 0.8167062518433028,
        "fat_thickness": 1.339477384587263,
        "ijv_radius": 9.492498173697872,
        "ijv_depth": 2.786784131285242,
        "cca_radius": 4.450724423696406,
        "cca_depth": 9.197216214363213,
        "ijv_cca_distance": 7.913111168273788
    },
    "boundary": {
        "x_size": 70,
        "y_size": 150,
        "z_size": 200
    },
    "idx": "AER7bPunwL"
}