{
    "skin": {
        "n": 1.4,
        "g": 0.94,
        "muspx": 34.17240353938005,
        "bmie": 0.7222677949942031
    },
    "fat": {
        "n": 1.4,
        "g": 0.94,
        "muspx": 23.303663005329227,
        "bmie": 0.9341651672151993
    },
    "muscle": {
        "n": 1.4,
        "g": 0.94,
        "muspx": 11.09450975469569,
        "bmie": 1.1858457599934615
    },
    "IJV": {
        "n": 1.4,
        "g": 0.94,
        "muspx": 16.6691763286447,
        "bmie": 1.0
    },
    "CCA": {
        "n": 1.4,
        "g": 0.94,
        "muspx": 16.95644053800141,
        "bmie": 1.0
    },
    "geometry": {
        "skin_thickness": 0.8404784013153311,
        "fat_thickness": 1.2777671297697792,
        "ijv_radius": 6.011382154086751,
        "ijv_depth": 11.30298675101776,
        "cca_radius": 4.25510022218953,
        "cca_depth": 21.855845206986423,
        "ijv_cca_distance": 6.6554327097494905
    },
    "boundary": {
        "x_size": 150,
        "y_size": 150,
        "z_size": 200
    },
    "idx": "AlLyXpPSGY"
}