{
    "skin": {
        "n": 1.4,
        "g": 0.94,
        "muspx": 36.68055094893613,
        "bmie": 1.862771458811284
    },
    "fat": {
        "n": 1.4,
        "g": 0.94,
        "muspx": 19.970887939977118,
        "bmie": 0.5812746062498311
    },
    "muscle": {
        "n": 1.4,
        "g": 0.94,
        "muspx": 11.114025257013493,
        "bmie": 2.6478522899336445
    },
    "IJV": {
        "n": 1.4,
        "g": 0.94,
        "muspx": 18.68932812243039,
        "bmie": 1.0
    },
    "CCA": {
        "n": 1.4,
        "g": 0.94,
        "muspx": 18.30299153304469,
        "bmie": 1.0
    },
    "geometry": {
        "skin_thickness": 1.2216919046560653,
        "fat_thickness": 1.3935113143457785,
        "ijv_radius": 2.8447428325326367,
        "ijv_depth": 9.584097637509258,
        "cca_radius": 3.6896260968549495,
        "cca_depth": 12.08924367229588,
        "ijv_cca_distance": 8.940304085690876
    },
    "boundary": {
        "x_size": 150,
        "y_size": 150,
        "z_size": 200
    },
    "idx": "ANHs7BcjOa"
}