{
    "skin": {
        "n": 1.4,
        "g": 0.94,
        "muspx": 44.734610063869354,
        "bmie": 0.8088286829170223
    },
    "fat": {
        "n": 1.4,
        "g": 0.94,
        "muspx": 32.5777697642193,
        "bmie": 0.44956208947233267
    },
    "muscle": {
        "n": 1.4,
        "g": 0.94,
        "muspx": 11.137954749414199,
        "bmie": 0.9748200360400299
    },
    "IJV": {
        "n": 1.4,
        "g": 0.94,
        "muspx": 11.781768845983422,
        "bmie": 1.0
    },
    "CCA": {
        "n": 1.4,
        "g": 0.94,
        "muspx": 15.085911465857453,
        "bmie": 1.0
    },
    "geometry": {
        "skin_thickness": 0.9772202752603572,
        "fat_thickness": 1.0949624572618575,
        "ijv_radius": 6.067559728043812,
        "ijv_depth": 13.160650554208969,
        "cca_radius": 3.3118226127609467,
        "cca_depth": 10.54308010079611,
        "ijv_cca_distance": 9.487030395227176
    },
    "boundary": {
        "x_size": 150,
        "y_size": 150,
        "z_size": 200
    },
    "idx": "aOXEkuDmv3"
}