{
    "skin": {
        "n": 1.4,
        "g": 0.94,
        "muspx": 40.7692971559839,
        "bmie": 1.6224212999385093
    },
    "fat": {
        "n": 1.4,
        "g": 0.94,
        "muspx": 33.341676807504584,
        "bmie": 0.6770701550183519
    },
    "muscle": {
        "n": 1.4,
        "g": 0.94,
        "muspx": 10.463562516057102,
        "bmie": 0.9440149997044096
    },
    "IJV": {
        "n": 1.4,
        "g": 0.94,
        "muspx": 11.718011561163358,
        "bmie": 1.0
    },
    "CCA": {
        "n": 1.4,
        "g": 0.94,
        "muspx": 14.536934786693811,
        "bmie": 1.0
    },
    "geometry": {
        "skin_thickness": 0.8365885569322544,
        "fat_thickness": 1.2854292302689534,
        "ijv_radius": 4.433577266166002,
        "ijv_depth": 6.6534899602982405,
        "cca_radius": 3.494361750053998,
        "cca_depth": 7.031402537489252,
        "ijv_cca_distance": 7.432648034731706
    },
    "boundary": {
        "x_size": 70,
        "y_size": 150,
        "z_size": 200
    },
    "idx": "AqFvlzfm64"
}