{
    "skin": {
        "n": 1.4,
        "g": 0.94,
        "muspx": 38.03087939149244,
        "bmie": 1.5942906897638958
    },
    "fat": {
        "n": 1.4,
        "g": 0.94,
        "muspx": 33.129792895655804,
        "bmie": 0.9242937864489424
    },
    "muscle": {
        "n": 1.4,
        "g": 0.94,
        "muspx": 12.904900529351355,
        "bmie": 2.2282786389490745
    },
    "IJV": {
        "n": 1.4,
        "g": 0.94,
        "muspx": 19.970107308992105,
        "bmie": 1.0
    },
    "CCA": {
        "n": 1.4,
        "g": 0.94,
        "muspx": 14.375997243066275,
        "bmie": 1.0
    },
    "geometry": {
        "skin_thickness": 0.6989015747403395,
        "fat_thickness": 0.6473021604209281,
        "ijv_radius": 7.34770154215121,
        "ijv_depth": 11.820460183664567,
        "cca_radius": 3.978726871484345,
        "cca_depth": 22.99173485310046,
        "ijv_cca_distance": 8.339892697779325
    },
    "boundary": {
        "x_size": 70,
        "y_size": 150,
        "z_size": 200
    },
    "idx": "avYehWafkK"
}