{
    "skin": {
        "n": 1.4,
        "g": 0.94,
        "muspx": 48.05822989166691,
        "bmie": 1.8405201521017829
    },
    "fat": {
        "n": 1.4,
        "g": 0.94,
        "muspx": 30.761698540667943,
        "bmie": 0.7390679342994213
    },
    "muscle": {
        "n": 1.4,
        "g": 0.94,
        "muspx": 11.795645344432511,
        "bmie": 1.896603153119519
    },
    "IJV": {
        "n": 1.4,
        "g": 0.94,
        "muspx": 11.389939453253644,
        "bmie": 1.0
    },
    "CCA": {
        "n": 1.4,
        "g": 0.94,
        "muspx": 14.299664865078526,
        "bmie": 1.0
    },
    "geometry": {
        "skin_thickness": 1.4317120063099664,
        "fat_thickness": 1.0585435257702973,
        "ijv_radius": 4.037634013397481,
        "ijv_depth": 3.8924510265196615,
        "cca_radius": 3.3940923893969464,
        "cca_depth": 19.81495356474405,
        "ijv_cca_distance": 7.915183575241997
    },
    "boundary": {
        "x_size": 70,
        "y_size": 150,
        "z_size": 200
    },
    "idx": "B7f4aMmNyd"
}