{
    "skin": {
        "n": 1.4,
        "g": 0.94,
        "muspx": 34.2874280526096,
        "bmie": 1.6409908565381168
    },
    "fat": {
        "n": 1.4,
        "g": 0.94,
        "muspx": 26.172777228939417,
        "bmie": 0.83316832844248
    },
    "muscle": {
        "n": 1.4,
        "g": 0.94,
        "muspx": 11.300762305245946,
        "bmie": 1.1613442975640111
    },
    "IJV": {
        "n": 1.4,
        "g": 0.94,
        "muspx": 14.675774134483458,
        "bmie": 1.0
    },
    "CCA": {
        "n": 1.4,
        "g": 0.94,
        "muspx": 16.039971060481218,
        "bmie": 1.0
    },
    "geometry": {
        "skin_thickness": 0.9426387284575027,
        "fat_thickness": 0.9579618654133703,
        "ijv_radius": 3.438349423462978,
        "ijv_depth": 10.945275179750624,
        "cca_radius": 3.3569127091921684,
        "cca_depth": 6.271866922236588,
        "ijv_cca_distance": 7.010460349567106
    },
    "boundary": {
        "x_size": 150,
        "y_size": 150,
        "z_size": 200
    },
    "idx": "BKdptMzli6"
}