{
    "skin": {
        "n": 1.4,
        "g": 0.94,
        "muspx": 41.09301553385328,
        "bmie": 1.8864939029452898
    },
    "fat": {
        "n": 1.4,
        "g": 0.94,
        "muspx": 21.621310091404865,
        "bmie": 0.505270352843483
    },
    "muscle": {
        "n": 1.4,
        "g": 0.94,
        "muspx": 10.281375335268994,
        "bmie": 2.496072766358661
    },
    "IJV": {
        "n": 1.4,
        "g": 0.94,
        "muspx": 11.400362080401019,
        "bmie": 1.0
    },
    "CCA": {
        "n": 1.4,
        "g": 0.94,
        "muspx": 17.85819454428058,
        "bmie": 1.0
    },
    "geometry": {
        "skin_thickness": 1.3010001945026612,
        "fat_thickness": 1.4039270023638868,
        "ijv_radius": 3.982043342716768,
        "ijv_depth": 13.390603110025626,
        "cca_radius": 4.407510435166597,
        "cca_depth": 15.083435737177952,
        "ijv_cca_distance": 9.061834750121449
    },
    "boundary": {
        "x_size": 150,
        "y_size": 150,
        "z_size": 200
    },
    "idx": "cc0IdLCqSX"
}