{
    "skin": {
        "n": 1.4,
        "g": 0.94,
        "muspx": 44.27692612702266,
        "bmie": 1.3495009590626235
    },
    "fat": {
        "n": 1.4,
        "g": 0.94,
        "muspx": 34.1055805294567,
        "bmie": 0.9693001701755207
    },
    "muscle": {
        "n": 1.4,
        "g": 0.94,
        "muspx": 10.986767774306472,
        "bmie": 1.993662197566457
    },
    "IJV": {
        "n": 1.4,
        "g": 0.94,
        "muspx": 18.657323780100505,
        "bmie": 1.0
    },
    "CCA": {
        "n": 1.4,
        "g": 0.94,
        "muspx": 17.1992905949941,
        "bmie": 1.0
    },
    "geometry": {
        "skin_thickness": 1.4674268849299437,
        "fat_thickness": 1.1958677062708243,
        "ijv_radius": 7.572514802527091,
        "ijv_depth": 14.457109339801425,
        "cca_radius": 3.3543679688163124,
        "cca_depth": 21.593065011043475,
        "ijv_cca_distance": 8.81884380856864
    },
    "boundary": {
        "x_size": 150,
        "y_size": 150,
        "z_size": 200
    },
    "idx": "CjFqrJNk8p"
}