{
    "skin": {
        "n": 1.4,
        "g": 0.94,
        "muspx": 44.14145299380975,
        "bmie": 1.272525244835058
    },
    "fat": {
        "n": 1.4,
        "g": 0.94,
        "muspx": 26.687853752071323,
        "bmie": 0.6514856497154317
    },
    "muscle": {
        "n": 1.4,
        "g": 0.94,
        "muspx": 11.497572962948379,
        "bmie": 1.3935180443069997
    },
    "IJV": {
        "n": 1.4,
        "g": 0.94,
        "muspx": 11.058820056886749,
        "bmie": 1.0
    },
    "CCA": {
        "n": 1.4,
        "g": 0.94,
        "muspx": 12.745759604204798,
        "bmie": 1.0
    },
    "geometry": {
        "skin_thickness": 1.2608025766356492,
        "fat_thickness": 1.478740915019349,
        "ijv_radius": 9.95622788209274,
        "ijv_depth": 14.359581171124093,
        "cca_radius": 4.111360377165032,
        "cca_depth": 25.766524919059517,
        "ijv_cca_distance": 8.939870909855982
    },
    "boundary": {
        "x_size": 150,
        "y_size": 150,
        "z_size": 200
    },
    "idx": "COF6lQtZRh"
}