{
    "skin": {
        "n": 1.4,
        "g": 0.94,
        "muspx": 46.393334245665,
        "bmie": 1.7594733947446297
    },
    "fat": {
        "n": 1.4,
        "g": 0.94,
        "muspx": 17.608173348861417,
        "bmie": 0.6585429052180198
    },
    "muscle": {
        "n": 1.4,
        "g": 0.94,
        "muspx": 11.759047862417258,
        "bmie": 1.4478068708187508
    },
    "IJV": {
        "n": 1.4,
        "g": 0.94,
        "muspx": 12.556754757544848,
        "bmie": 1.0
    },
    "CCA": {
        "n": 1.4,
        "g": 0.94,
        "muspx": 11.531958248085937,
        "bmie": 1.0
    },
    "geometry": {
        "skin_thickness": 0.8743670958790132,
        "fat_thickness": 0.9251180607832874,
        "ijv_radius": 10.278609786014517,
        "ijv_depth": 12.47447482325588,
        "cca_radius": 2.520713924435012,
        "cca_depth": 25.537215706542415,
        "ijv_cca_distance": 8.47599300472538
    },
    "boundary": {
        "x_size": 150,
        "y_size": 150,
        "z_size": 200
    },
    "idx": "cpu7NrxMqz"
}