{
    "skin": {
        "n": 1.4,
        "g": 0.94,
        "muspx": 33.059336132177755,
        "bmie": 1.2429599426742022
    },
    "fat": {
        "n": 1.4,
        "g": 0.94,
        "muspx": 34.06249607256542,
        "bmie": 0.8816830848980013
    },
    "muscle": {
        "n": 1.4,
        "g": 0.94,
        "muspx": 12.433165925644186,
        "bmie": 0.9430837160557978
    },
    "IJV": {
        "n": 1.4,
        "g": 0.94,
        "muspx": 12.924121523962562,
        "bmie": 1.0
    },
    "CCA": {
        "n": 1.4,
        "g": 0.94,
        "muspx": 14.282085971893371,
        "bmie": 1.0
    },
    "geometry": {
        "skin_thickness": 1.3585170085412215,
        "fat_thickness": 1.233917599718271,
        "ijv_radius": 7.761111060010451,
        "ijv_depth": 9.412897770318787,
        "cca_radius": 3.9631478116885295,
        "cca_depth": 14.242449998504284,
        "ijv_cca_distance": 5.079255641790206
    },
    "boundary": {
        "x_size": 70,
        "y_size": 150,
        "z_size": 200
    },
    "idx": "Cx51TSlB2Y"
}