{
    "skin": {
        "n": 1.4,
        "g": 0.94,
        "muspx": 35.613802474943306,
        "bmie": 1.2164522478740363
    },
    "fat": {
        "n": 1.4,
        "g": 0.94,
        "muspx": 21.578390040426605,
        "bmie": 0.4429824450265788
    },
    "muscle": {
        "n": 1.4,
        "g": 0.94,
        "muspx": 11.420830535080349,
        "bmie": 1.1998903954391973
    },
    "IJV": {
        "n": 1.4,
        "g": 0.94,
        "muspx": 15.863393141016854,
        "bmie": 1.0
    },
    "CCA": {
        "n": 1.4,
        "g": 0.94,
        "muspx": 15.011593433596051,
        "bmie": 1.0
    },
    "geometry": {
        "skin_thickness": 1.346325915447395,
        "fat_thickness": 1.176321712768347,
        "ijv_radius": 7.07780619489821,
        "ijv_depth": 12.451824526552254,
        "cca_radius": 3.895864193460909,
        "cca_depth": 5.230146026701677,
        "ijv_cca_distance": 9.983317304586475
    },
    "boundary": {
        "x_size": 150,
        "y_size": 150,
        "z_size": 200
    },
    "idx": "dcU4AmbSrF"
}