{
    "skin": {
        "n": 1.4,
        "g": 0.94,
        "muspx": 45.85837329905996,
        "bmie": 1.4637442842490067
    },
    "fat": {
        "n": 1.4,
        "g": 0.94,
        "muspx": 13.734310250031998,
        "bmie": 0.9371104061580279
    },
    "muscle": {
        "n": 1.4,
        "g": 0.94,
        "muspx": 12.249322150466938,
        "bmie": 2.3704185369679065
    },
    "IJV": {
        "n": 1.4,
        "g": 0.94,
        "muspx": 15.584354882254829,
        "bmie": 1.0
    },
    "CCA": {
        "n": 1.4,
        "g": 0.94,
        "muspx": 19.548098947408697,
        "bmie": 1.0
    },
    "geometry": {
        "skin_thickness": 0.8756941620663484,
        "fat_thickness": 0.6941535067055203,
        "ijv_radius": 3.413768261640011,
        "ijv_depth": 15.867885401056103,
        "cca_radius": 2.7338074748130388,
        "cca_depth": 6.384158115450875,
        "ijv_cca_distance": 5.494892485677293
    },
    "boundary": {
        "x_size": 150,
        "y_size": 150,
        "z_size": 200
    },
    "idx": "dTf4S6jdcx"
}