{
    "skin": {
        "n": 1.4,
        "g": 0.94,
        "muspx": 48.28149430856031,
        "bmie": 1.3255223118799568
    },
    "fat": {
        "n": 1.4,
        "g": 0.94,
        "muspx": 29.819732661890903,
        "bmie": 0.7380826472762954
    },
    "muscle": {
        "n": 1.4,
        "g": 0.94,
        "muspx": 10.181142014604477,
        "bmie": 1.6144798085013479
    },
    "IJV": {
        "n": 1.4,
        "g": 0.94,
        "muspx": 16.8719515300293,
        "bmie": 1.0
    },
    "CCA": {
        "n": 1.4,
        "g": 0.94,
        "muspx": 11.553935677342634,
        "bmie": 1.0
    },
    "geometry": {
        "skin_thickness": 0.8151502940782022,
        "fat_thickness": 0.8254770475800587,
        "ijv_radius": 2.813911137923732,
        "ijv_depth": 15.504549384993881,
        "cca_radius": 3.0259987269855664,
        "cca_depth": 18.982832135024424,
        "ijv_cca_distance": 5.505037022862902
    },
    "boundary": {
        "x_size": 150,
        "y_size": 150,
        "z_size": 200
    },
    "idx": "DxtmRkDU4Q"
}