{
    "skin": {
        "n": 1.4,
        "g": 0.94,
        "muspx": 38.66840572004942,
        "bmie": 1.382960701063767
    },
    "fat": {
        "n": 1.4,
        "g": 0.94,
        "muspx": 19.139221729291773,
        "bmie": 0.38583006511981327
    },
    "muscle": {
        "n": 1.4,
        "g": 0.94,
        "muspx": 12.344665119632513,
        "bmie": 2.290089295916978
    },
    "IJV": {
        "n": 1.4,
        "g": 0.94,
        "muspx": 13.378058149699232,
        "bmie": 1.0
    },
    "CCA": {
        "n": 1.4,
        "g": 0.94,
        "muspx": 11.935040638533271,
        "bmie": 1.0
    },
    "geometry": {
        "skin_thickness": 0.8198507036744662,
        "fat_thickness": 0.6553353467954065,
        "ijv_radius": 7.905667007926902,
        "ijv_depth": 13.61598895861032,
        "cca_radius": 4.098037661167537,
        "cca_depth": 21.86945219990619,
        "ijv_cca_distance": 9.875424225964345
    },
    "boundary": {
        "x_size": 150,
        "y_size": 150,
        "z_size": 200
    },
    "idx": "eaQ5YmsAiJ"
}