{
    "skin": {
        "n": 1.4,
        "g": 0.94,
        "muspx": 36.46468500510979,
        "bmie": 1.772196223069622
    },
    "fat": {
        "n": 1.4,
        "g": 0.94,
        "muspx": 24.178353286805265,
        "bmie": 0.6195402621148806
    },
    "muscle": {
        "n": 1.4,
        "g": 0.94,
        "muspx": 12.206276318581429,
        "bmie": 2.058839995765517
    },
    "IJV": {
        "n": 1.4,
        "g": 0.94,
        "muspx": 19.912537878754474,
        "bmie": 1.0
    },
    "CCA": {
        "n": 1.4,
        "g": 0.94,
        "muspx": 14.745920825532066,
        "bmie": 1.0
    },
    "geometry": {
        "skin_thickness": 0.6120508223252106,
        "fat_thickness": 1.1446481480192912,
        "ijv_radius": 2.6233181436946493,
        "ijv_depth": 6.740366903821316,
        "cca_radius": 4.007954354327722,
        "cca_depth": 13.970491280914715,
        "ijv_cca_distance": 6.279871903425737
    },
    "boundary": {
        "x_size": 150,
        "y_size": 150,
        "z_size": 200
    },
    "idx": "ehyw0qZgrD"
}