{
    "skin": {
        "n": 1.4,
        "g": 0.94,
        "muspx": 43.33492312549397,
        "bmie": 2.2854748287008695
    },
    "fat": {
        "n": 1.4,
        "g": 0.94,
        "muspx": 28.801206328193686,
        "bmie": 0.8289326449975998
    },
    "muscle": {
        "n": 1.4,
        "g": 0.94,
        "muspx": 11.111893344480526,
        "bmie": 1.9473764682265449
    },
    "IJV": {
        "n": 1.4,
        "g": 0.94,
        "muspx": 11.093345475085574,
        "bmie": 1.0
    },
    "CCA": {
        "n": 1.4,
        "g": 0.94,
        "muspx": 18.00672344241851,
        "bmie": 1.0
    },
    "geometry": {
        "skin_thickness": 0.9631046511576302,
        "fat_thickness": 0.9484092151658219,
        "ijv_radius": 4.3215479174994105,
        "ijv_depth": 4.23600477241969,
        "cca_radius": 4.1810103342626315,
        "cca_depth": 15.73586096804516,
        "ijv_cca_distance": 6.315224176304371
    },
    "boundary": {
        "x_size": 70,
        "y_size": 150,
        "z_size": 200
    },
    "idx": "etYpqKaNVS"
}