{
    "skin": {
        "n": 1.4,
        "g": 0.94,
        "muspx": 38.360106433800276,
        "bmie": 1.9805634874524403
    },
    "fat": {
        "n": 1.4,
        "g": 0.94,
        "muspx": 17.453251886678224,
        "bmie": 0.4256307795495463
    },
    "muscle": {
        "n": 1.4,
        "g": 0.94,
        "muspx": 11.01308136707127,
        "bmie": 2.4155814291858433
    },
    "IJV": {
        "n": 1.4,
        "g": 0.94,
        "muspx": 12.93601667614686,
        "bmie": 1.0
    },
    "CCA": {
        "n": 1.4,
        "g": 0.94,
        "muspx": 10.376144981326208,
        "bmie": 1.0
    },
    "geometry": {
        "skin_thickness": 1.1036166479657732,
        "fat_thickness": 1.2713189429917904,
        "ijv_radius": 4.584473226730726,
        "ijv_depth": 9.78405562033294,
        "cca_radius": 4.463990170748909,
        "cca_depth": 21.319604505574482,
        "ijv_cca_distance": 9.184607447334663
    },
    "boundary": {
        "x_size": 150,
        "y_size": 150,
        "z_size": 200
    },
    "idx": "eWOCRDlzKa"
}