{
    "skin": {
        "n": 1.4,
        "g": 0.94,
        "muspx": 31.433380304721766,
        "bmie": 0.9813555056213678
    },
    "fat": {
        "n": 1.4,
        "g": 0.94,
        "muspx": 34.09930065796073,
        "bmie": 0.7392490640171634
    },
    "muscle": {
        "n": 1.4,
        "g": 0.94,
        "muspx": 11.35410200573233,
        "bmie": 1.7825965266458148
    },
    "IJV": {
        "n": 1.4,
        "g": 0.94,
        "muspx": 11.13967778829721,
        "bmie": 1.0
    },
    "CCA": {
        "n": 1.4,
        "g": 0.94,
        "muspx": 15.246081029296693,
        "bmie": 1.0
    },
    "geometry": {
        "skin_thickness": 0.5056363836734585,
        "fat_thickness": 0.5802875172303926,
        "ijv_radius": 6.856294280455003,
        "ijv_depth": 15.485056366640638,
        "cca_radius": 2.8847832115396685,
        "cca_depth": 21.641473561204812,
        "ijv_cca_distance": 9.217264788748977
    },
    "boundary": {
        "x_size": 150,
        "y_size": 150,
        "z_size": 200
    },
    "idx": "ExWo8rDJwQ"
}