{
    "skin": {
        "n": 1.4,
        "g": 0.94,
        "muspx": 41.05246061714506,
        "bmie": 1.102077147752008
    },
    "fat": {
        "n": 1.4,
        "g": 0.94,
        "muspx": 34.03346903507517,
        "bmie": 0.7407807328438737
    },
    "muscle": {
        "n": 1.4,
        "g": 0.94,
        "muspx": 9.981143680679669,
        "bmie": 1.9166877892691878
    },
    "IJV": {
        "n": 1.4,
        "g": 0.94,
        "muspx": 16.516438867722467,
        "bmie": 1.0
    },
    "CCA": {
        "n": 1.4,
        "g": 0.94,
        "muspx": 14.515984613948596,
        "bmie": 1.0
    },
    "geometry": {
        "skin_thickness": 0.545530628277178,
        "fat_thickness": 0.6405752747600634,
        "ijv_radius": 2.877638887338036,
        "ijv_depth": 10.427027349151624,
        "cca_radius": 4.238625126694629,
        "cca_depth": 19.093764651774976,
        "ijv_cca_distance": 7.837108153800836
    },
    "boundary": {
        "x_size": 70,
        "y_size": 150,
        "z_size": 200
    },
    "idx": "F6vhNspJtT"
}