{
    "skin": {
        "n": 1.4,
        "g": 0.94,
        "muspx": 31.40851189049884,
        "bmie": 1.9757471808421112
    },
    "fat": {
        "n": 1.4,
        "g": 0.94,
        "muspx": 16.741006971886232,
        "bmie": 0.5813956948168745
    },
    "muscle": {
        "n": 1.4,
        "g": 0.94,
        "muspx": 11.674407202365847,
        "bmie": 1.2965169559054786
    },
    "IJV": {
        "n": 1.4,
        "g": 0.94,
        "muspx": 17.797517429249112,
        "bmie": 1.0
    },
    "CCA": {
        "n": 1.4,
        "g": 0.94,
        "muspx": 17.361115823915327,
        "bmie": 1.0
    },
    "geometry": {
        "skin_thickness": 0.5720632889240699,
        "fat_thickness": 1.391406450073422,
        "ijv_radius": 8.482894482292618,
        "ijv_depth": 12.06948996543075,
        "cca_radius": 3.3054030885421337,
        "cca_depth": 25.737378544894312,
        "ijv_cca_distance": 7.129819448518853
    },
    "boundary": {
        "x_size": 150,
        "y_size": 150,
        "z_size": 200
    },
    "idx": "fdDtuJgZTv"
}