{
    "skin": {
        "n": 1.4,
        "g": 0.94,
        "muspx": 47.798237542164664,
        "bmie": 1.346189485723543
    },
    "fat": {
        "n": 1.4,
        "g": 0.94,
        "muspx": 31.202364232947666,
        "bmie": 0.5275386918152238
    },
    "muscle": {
        "n": 1.4,
        "g": 0.94,
        "muspx": 11.992120094196235,
        "bmie": 1.0796704953419984
    },
    "IJV": {
        "n": 1.4,
        "g": 0.94,
        "muspx": 16.016313237572188,
        "bmie": 1.0
    },
    "CCA": {
        "n": 1.4,
        "g": 0.94,
        "muspx": 14.700266983446125,
        "bmie": 1.0
    },
    "geometry": {
        "skin_thickness": 0.9507926087579838,
        "fat_thickness": 0.9519377045237115,
        "ijv_radius": 4.534881516963343,
        "ijv_depth": 9.652532823336205,
        "cca_radius": 4.42989385442341,
        "cca_depth": 15.989299031641819,
        "ijv_cca_distance": 5.206843270560524
    },
    "boundary": {
        "x_size": 70,
        "y_size": 150,
        "z_size": 200
    },
    "idx": "fFre3vK7ot"
}