{
    "skin": {
        "n": 1.4,
        "g": 0.94,
        "muspx": 45.71002263289536,
        "bmie": 1.4363688735061917
    },
    "fat": {
        "n": 1.4,
        "g": 0.94,
        "muspx": 18.167379349234828,
        "bmie": 0.47607209686841995
    },
    "muscle": {
        "n": 1.4,
        "g": 0.94,
        "muspx": 12.752237669390645,
        "bmie": 1.8709897471862642
    },
    "IJV": {
        "n": 1.4,
        "g": 0.94,
        "muspx": 16.262349934212395,
        "bmie": 1.0
    },
    "CCA": {
        "n": 1.4,
        "g": 0.94,
        "muspx": 19.446823089596773,
        "bmie": 1.0
    },
    "geometry": {
        "skin_thickness": 0.924094377175024,
        "fat_thickness": 0.8464398815349286,
        "ijv_radius": 3.4830847462331107,
        "ijv_depth": 15.885942875277822,
        "cca_radius": 3.7375872978263827,
        "cca_depth": 25.990675481812207,
        "ijv_cca_distance": 6.418294250499965
    },
    "boundary": {
        "x_size": 150,
        "y_size": 150,
        "z_size": 200
    },
    "idx": "FG1zTuLq70"
}