{
    "skin": {
        "n": 1.4,
        "g": 0.94,
        "muspx": 32.754209687541255,
        "bmie": 1.0297504692951467
    },
    "fat": {
        "n": 1.4,
        "g": 0.94,
        "muspx": 14.527590328755975,
        "bmie": 0.6416906791066332
    },
    "muscle": {
        "n": 1.4,
        "g": 0.94,
        "muspx": 12.813426469619325,
        "bmie": 1.5820744100400548
    },
    "IJV": {
        "n": 1.4,
        "g": 0.94,
        "muspx": 16.577455294939377,
        "bmie": 1.0
    },
    "CCA": {
        "n": 1.4,
        "g": 0.94,
        "muspx": 17.611321544356638,
        "bmie": 1.0
    },
    "geometry": {
        "skin_thickness": 0.5396428357418385,
        "fat_thickness": 0.8502757558775306,
        "ijv_radius": 9.719489756995152,
        "ijv_depth": 15.018280295788937,
        "cca_radius": 3.571074396320455,
        "cca_depth": 24.6191932400706,
        "ijv_cca_distance": 9.684886489053255
    },
    "boundary": {
        "x_size": 150,
        "y_size": 150,
        "z_size": 200
    },
    "idx": "FJYo8KVBkc"
}