{
    "skin": {
        "n": 1.4,
        "g": 0.94,
        "muspx": 46.905136538574055,
        "bmie": 2.115356929463843
    },
    "fat": {
        "n": 1.4,
        "g": 0.94,
        "muspx": 32.50179743748909,
        "bmie": 0.6935659564241692
    },
    "muscle": {
        "n": 1.4,
        "g": 0.94,
        "muspx": 11.404986134314113,
        "bmie": 1.2481277358690193
    },
    "IJV": {
        "n": 1.4,
        "g": 0.94,
        "muspx": 10.312183721439904,
        "bmie": 1.0
    },
    "CCA": {
        "n": 1.4,
        "g": 0.94,
        "muspx": 10.732167189807921,
        "bmie": 1.0
    },
    "geometry": {
        "skin_thickness": 1.192692679031739,
        "fat_thickness": 1.0690769654209111,
        "ijv_radius": 8.001638700065904,
        "ijv_depth": 15.819294900546444,
        "cca_radius": 3.052385815950598,
        "cca_depth": 23.66319450149024,
        "ijv_cca_distance": 8.95311122003497
    },
    "boundary": {
        "x_size": 150,
        "y_size": 150,
        "z_size": 200
    },
    "idx": "FmJSqODoUt"
}