{
    "skin": {
        "n": 1.4,
        "g": 0.94,
        "muspx": 40.79906706735222,
        "bmie": 2.3748625846705766
    },
    "fat": {
        "n": 1.4,
        "g": 0.94,
        "muspx": 19.225947827940516,
        "bmie": 0.5654330172164395
    },
    "muscle": {
        "n": 1.4,
        "g": 0.94,
        "muspx": 10.818575760074237,
        "bmie": 1.5219290396805452
    },
    "IJV": {
        "n": 1.4,
        "g": 0.94,
        "muspx": 18.425684282467152,
        "bmie": 1.0
    },
    "CCA": {
        "n": 1.4,
        "g": 0.94,
        "muspx": 17.035527094990897,
        "bmie": 1.0
    },
    "geometry": {
        "skin_thickness": 0.6901849086155003,
        "fat_thickness": 0.958132138451345,
        "ijv_radius": 8.569516267224266,
        "ijv_depth": 9.248007227118284,
        "cca_radius": 2.818187942222181,
        "cca_depth": 12.675557368355655,
        "ijv_cca_distance": 9.666090337815637
    },
    "boundary": {
        "x_size": 70,
        "y_size": 150,
        "z_size": 200
    },
    "idx": "fOlYqxGXfi"
}