{
    "skin": {
        "n": 1.4,
        "g": 0.94,
        "muspx": 34.23370743489801,
        "bmie": 1.6011720041937956
    },
    "fat": {
        "n": 1.4,
        "g": 0.94,
        "muspx": 34.620656721394326,
        "bmie": 0.5503857893046513
    },
    "muscle": {
        "n": 1.4,
        "g": 0.94,
        "muspx": 12.410631121923744,
        "bmie": 2.7427149565984354
    },
    "IJV": {
        "n": 1.4,
        "g": 0.94,
        "muspx": 19.974593601322702,
        "bmie": 1.0
    },
    "CCA": {
        "n": 1.4,
        "g": 0.94,
        "muspx": 16.502781288281668,
        "bmie": 1.0
    },
    "geometry": {
        "skin_thickness": 1.0888167504086048,
        "fat_thickness": 1.2586138687113164,
        "ijv_radius": 8.193206249331894,
        "ijv_depth": 13.471234576793169,
        "cca_radius": 3.895760446238411,
        "cca_depth": 23.59079510979676,
        "ijv_cca_distance": 8.671426427892744
    },
    "boundary": {
        "x_size": 150,
        "y_size": 150,
        "z_size": 200
    },
    "idx": "foO1VWxbhu"
}