{
    "skin": {
        "n": 1.4,
        "g": 0.94,
        "muspx": 45.885888737696675,
        "bmie": 1.716610880076359
    },
    "fat": {
        "n": 1.4,
        "g": 0.94,
        "muspx": 18.463801882963025,
        "bmie": 0.7693379995953704
    },
    "muscle": {
        "n": 1.4,
        "g": 0.94,
        "muspx": 12.047190113329748,
        "bmie": 1.4930378046868984
    },
    "IJV": {
        "n": 1.4,
        "g": 0.94,
        "muspx": 13.467194903889709,
        "bmie": 1.0
    },
    "CCA": {
        "n": 1.4,
        "g": 0.94,
        "muspx": 11.953559520193771,
        "bmie": 1.0
    },
    "geometry": {
        "skin_thickness": 0.6879576356749469,
        "fat_thickness": 1.027052398512704,
        "ijv_radius": 8.485827773935297,
        "ijv_depth": 11.812029197404529,
        "cca_radius": 2.6672304409543575,
        "cca_depth": 25.395673214043267,
        "ijv_cca_distance": 7.545075065135067
    },
    "boundary": {
        "x_size": 150,
        "y_size": 150,
        "z_size": 200
    },
    "idx": "fopZVOJRkl"
}