{
    "skin": {
        "n": 1.4,
        "g": 0.94,
        "muspx": 38.123862141744034,
        "bmie": 1.645298910814899
    },
    "fat": {
        "n": 1.4,
        "g": 0.94,
        "muspx": 22.91458279784667,
        "bmie": 0.522258054158365
    },
    "muscle": {
        "n": 1.4,
        "g": 0.94,
        "muspx": 12.30793427699827,
        "bmie": 2.4417912672550552
    },
    "IJV": {
        "n": 1.4,
        "g": 0.94,
        "muspx": 19.80086534178497,
        "bmie": 1.0
    },
    "CCA": {
        "n": 1.4,
        "g": 0.94,
        "muspx": 12.630811061254448,
        "bmie": 1.0
    },
    "geometry": {
        "skin_thickness": 1.2580238135011808,
        "fat_thickness": 1.334878313591417,
        "ijv_radius": 4.554972431618782,
        "ijv_depth": 12.157792569723412,
        "cca_radius": 2.6801921514282796,
        "cca_depth": 9.393964643796847,
        "ijv_cca_distance": 7.665840841833559
    },
    "boundary": {
        "x_size": 150,
        "y_size": 150,
        "z_size": 200
    },
    "idx": "FQBjVDvaer"
}