{
    "skin": {
        "n": 1.4,
        "g": 0.94,
        "muspx": 46.624755915771075,
        "bmie": 0.8644500824930513
    },
    "fat": {
        "n": 1.4,
        "g": 0.94,
        "muspx": 32.943931768436215,
        "bmie": 0.7287501478371241
    },
    "muscle": {
        "n": 1.4,
        "g": 0.94,
        "muspx": 12.497271654797402,
        "bmie": 2.5791204083267307
    },
    "IJV": {
        "n": 1.4,
        "g": 0.94,
        "muspx": 19.70366532527992,
        "bmie": 1.0
    },
    "CCA": {
        "n": 1.4,
        "g": 0.94,
        "muspx": 17.986687500250376,
        "bmie": 1.0
    },
    "geometry": {
        "skin_thickness": 0.6508650577036993,
        "fat_thickness": 0.5644805147307513,
        "ijv_radius": 6.386944593329427,
        "ijv_depth": 6.051361460986387,
        "cca_radius": 2.6188243538642535,
        "cca_depth": 9.259459725837448,
        "ijv_cca_distance": 6.059559258068459
    },
    "boundary": {
        "x_size": 70,
        "y_size": 150,
        "z_size": 200
    },
    "idx": "ftr0eSA8xf"
}