{
    "skin": {
        "n": 1.4,
        "g": 0.94,
        "muspx": 48.52443261854985,
        "bmie": 1.2911963037589826
    },
    "fat": {
        "n": 1.4,
        "g": 0.94,
        "muspx": 32.76736419159063,
        "bmie": 0.5716095194845241
    },
    "muscle": {
        "n": 1.4,
        "g": 0.94,
        "muspx": 10.375550152752448,
        "bmie": 0.928988055398564
    },
    "IJV": {
        "n": 1.4,
        "g": 0.94,
        "muspx": 10.996674982567118,
        "bmie": 1.0
    },
    "CCA": {
        "n": 1.4,
        "g": 0.94,
        "muspx": 12.204487152106438,
        "bmie": 1.0
    },
    "geometry": {
        "skin_thickness": 1.4013218201111932,
        "fat_thickness": 0.6969553998641367,
        "ijv_radius": 5.0462772447634965,
        "ijv_depth": 14.605109501884783,
        "cca_radius": 2.9671811174612523,
        "cca_depth": 23.679750756862926,
        "ijv_cca_distance": 7.958805651647877
    },
    "boundary": {
        "x_size": 70,
        "y_size": 150,
        "z_size": 200
    },
    "idx": "FUBO2ndupV"
}