{
    "skin": {
        "n": 1.4,
        "g": 0.94,
        "muspx": 44.0824880374475,
        "bmie": 2.3389143277670397
    },
    "fat": {
        "n": 1.4,
        "g": 0.94,
        "muspx": 29.915660503261186,
        "bmie": 0.48543643801994674
    },
    "muscle": {
        "n": 1.4,
        "g": 0.94,
        "muspx": 10.073371999121072,
        "bmie": 1.4063280768614936
    },
    "IJV": {
        "n": 1.4,
        "g": 0.94,
        "muspx": 12.872858862684566,
        "bmie": 1.0
    },
    "CCA": {
        "n": 1.4,
        "g": 0.94,
        "muspx": 17.79587179608579,
        "bmie": 1.0
    },
    "geometry": {
        "skin_thickness": 0.779423014674391,
        "fat_thickness": 0.5746434308033841,
        "ijv_radius": 4.714619697419921,
        "ijv_depth": 12.319703631727105,
        "cca_radius": 3.92448962982356,
        "cca_depth": 22.65090388487183,
        "ijv_cca_distance": 7.315082043638271
    },
    "boundary": {
        "x_size": 70,
        "y_size": 150,
        "z_size": 200
    },
    "idx": "giSKP0cupW"
}