{
    "skin": {
        "n": 1.4,
        "g": 0.94,
        "muspx": 32.747504494361024,
        "bmie": 2.0139635015381527
    },
    "fat": {
        "n": 1.4,
        "g": 0.94,
        "muspx": 30.22022957253035,
        "bmie": 0.44207272783937546
    },
    "muscle": {
        "n": 1.4,
        "g": 0.94,
        "muspx": 12.847963215792372,
        "bmie": 2.4042061787817968
    },
    "IJV": {
        "n": 1.4,
        "g": 0.94,
        "muspx": 11.56720363487941,
        "bmie": 1.0
    },
    "CCA": {
        "n": 1.4,
        "g": 0.94,
        "muspx": 11.86488824347579,
        "bmie": 1.0
    },
    "geometry": {
        "skin_thickness": 1.427783742632908,
        "fat_thickness": 1.1926651999284488,
        "ijv_radius": 3.9989731501621737,
        "ijv_depth": 15.202901443627514,
        "cca_radius": 4.110090391593935,
        "cca_depth": 18.8903791550852,
        "ijv_cca_distance": 8.006493815518859
    },
    "boundary": {
        "x_size": 150,
        "y_size": 150,
        "z_size": 200
    },
    "idx": "HvzSJwRPB7"
}