{
    "skin": {
        "n": 1.4,
        "g": 0.94,
        "muspx": 41.90857863663154,
        "bmie": 1.358286214811519
    },
    "fat": {
        "n": 1.4,
        "g": 0.94,
        "muspx": 20.857160030322962,
        "bmie": 0.5466299654257032
    },
    "muscle": {
        "n": 1.4,
        "g": 0.94,
        "muspx": 10.961579206338047,
        "bmie": 2.7887808487672046
    },
    "IJV": {
        "n": 1.4,
        "g": 0.94,
        "muspx": 16.434472831971643,
        "bmie": 1.0
    },
    "CCA": {
        "n": 1.4,
        "g": 0.94,
        "muspx": 14.179893841552435,
        "bmie": 1.0
    },
    "geometry": {
        "skin_thickness": 0.5380478161709472,
        "fat_thickness": 0.6690991924832528,
        "ijv_radius": 2.6379154360051595,
        "ijv_depth": 15.361560699715236,
        "cca_radius": 3.716545610006693,
        "cca_depth": 7.415736601668703,
        "ijv_cca_distance": 9.511536412851477
    },
    "boundary": {
        "x_size": 150,
        "y_size": 150,
        "z_size": 200
    },
    "idx": "IGzYTWqbnV"
}