{
    "skin": {
        "n": 1.4,
        "g": 0.94,
        "muspx": 43.60525154371803,
        "bmie": 0.7394474004143838
    },
    "fat": {
        "n": 1.4,
        "g": 0.94,
        "muspx": 32.31795836402672,
        "bmie": 0.8386347327173554
    },
    "muscle": {
        "n": 1.4,
        "g": 0.94,
        "muspx": 11.032406487663147,
        "bmie": 1.7032724321217474
    },
    "IJV": {
        "n": 1.4,
        "g": 0.94,
        "muspx": 13.96278230256424,
        "bmie": 1.0
    },
    "CCA": {
        "n": 1.4,
        "g": 0.94,
        "muspx": 18.181106197125626,
        "bmie": 1.0
    },
    "geometry": {
        "skin_thickness": 0.6445715182611134,
        "fat_thickness": 1.3233078368182596,
        "ijv_radius": 3.9745668878188827,
        "ijv_depth": 13.649651322177522,
        "cca_radius": 2.635849883198161,
        "cca_depth": 7.964938024304548,
        "ijv_cca_distance": 5.751233647798318
    },
    "boundary": {
        "x_size": 150,
        "y_size": 150,
        "z_size": 200
    },
    "idx": "J6HlzuvfxT"
}