{
    "skin": {
        "n": 1.4,
        "g": 0.94,
        "muspx": 47.25387611913695,
        "bmie": 1.0440081428797456
    },
    "fat": {
        "n": 1.4,
        "g": 0.94,
        "muspx": 34.25889208389964,
        "bmie": 0.8814947702160514
    },
    "muscle": {
        "n": 1.4,
        "g": 0.94,
        "muspx": 10.916879307220151,
        "bmie": 0.9722200570739197
    },
    "IJV": {
        "n": 1.4,
        "g": 0.94,
        "muspx": 13.913089595070197,
        "bmie": 1.0
    },
    "CCA": {
        "n": 1.4,
        "g": 0.94,
        "muspx": 15.854751763415804,
        "bmie": 1.0
    },
    "geometry": {
        "skin_thickness": 0.8866235571431251,
        "fat_thickness": 0.7492677434110914,
        "ijv_radius": 10.179425655932466,
        "ijv_depth": 15.503484378294763,
        "cca_radius": 2.6923380672065047,
        "cca_depth": 25.75048331453043,
        "ijv_cca_distance": 9.720871067137033
    },
    "boundary": {
        "x_size": 150,
        "y_size": 150,
        "z_size": 200
    },
    "idx": "jfNjkpTuJ2"
}