{
    "skin": {
        "n": 1.4,
        "g": 0.94,
        "muspx": 30.40712088009024,
        "bmie": 1.3058751999145435
    },
    "fat": {
        "n": 1.4,
        "g": 0.94,
        "muspx": 17.139271676504094,
        "bmie": 0.49581772566867177
    },
    "muscle": {
        "n": 1.4,
        "g": 0.94,
        "muspx": 11.61370634978178,
        "bmie": 2.0882824490609933
    },
    "IJV": {
        "n": 1.4,
        "g": 0.94,
        "muspx": 12.014473422899066,
        "bmie": 1.0
    },
    "CCA": {
        "n": 1.4,
        "g": 0.94,
        "muspx": 10.92830669787706,
        "bmie": 1.0
    },
    "geometry": {
        "skin_thickness": 0.7429448770344755,
        "fat_thickness": 1.3885985024196006,
        "ijv_radius": 4.900299957270813,
        "ijv_depth": 8.709258251195996,
        "cca_radius": 3.6330473045292653,
        "cca_depth": 21.966307760751132,
        "ijv_cca_distance": 9.645498445997259
    },
    "boundary": {
        "x_size": 150,
        "y_size": 150,
        "z_size": 200
    },
    "idx": "juI6sYlQp5"
}