{
    "skin": {
        "n": 1.4,
        "g": 0.94,
        "muspx": 38.99808135105346,
        "bmie": 1.2207154171978347
    },
    "fat": {
        "n": 1.4,
        "g": 0.94,
        "muspx": 24.651360831037234,
        "bmie": 0.932688273874339
    },
    "muscle": {
        "n": 1.4,
        "g": 0.94,
        "muspx": 11.561495375804121,
        "bmie": 1.149192440534656
    },
    "IJV": {
        "n": 1.4,
        "g": 0.94,
        "muspx": 10.107312080424714,
        "bmie": 1.0
    },
    "CCA": {
        "n": 1.4,
        "g": 0.94,
        "muspx": 13.600770657816122,
        "bmie": 1.0
    },
    "geometry": {
        "skin_thickness": 0.5398021116996549,
        "fat_thickness": 0.630075208531542,
        "ijv_radius": 8.847593230655942,
        "ijv_depth": 14.3472575825125,
        "cca_radius": 3.8437894227012706,
        "cca_depth": 5.869906115408885,
        "ijv_cca_distance": 9.90020593013245
    },
    "boundary": {
        "x_size": 150,
        "y_size": 150,
        "z_size": 200
    },
    "idx": "Kn859sivSh"
}