{
    "skin": {
        "n": 1.4,
        "g": 0.94,
        "muspx": 35.457056106547654,
        "bmie": 1.4610042664278722
    },
    "fat": {
        "n": 1.4,
        "g": 0.94,
        "muspx": 26.44689261125505,
        "bmie": 0.569944381189558
    },
    "muscle": {
        "n": 1.4,
        "g": 0.94,
        "muspx": 10.503730702433792,
        "bmie": 2.715091311531744
    },
    "IJV": {
        "n": 1.4,
        "g": 0.94,
        "muspx": 11.254601349149684,
        "bmie": 1.0
    },
    "CCA": {
        "n": 1.4,
        "g": 0.94,
        "muspx": 14.761341996101603,
        "bmie": 1.0
    },
    "geometry": {
        "skin_thickness": 0.5235158621929455,
        "fat_thickness": 1.4790676932859137,
        "ijv_radius": 7.2277759027761626,
        "ijv_depth": 11.824294726773724,
        "cca_radius": 3.6700466377068786,
        "cca_depth": 21.491569329431858,
        "ijv_cca_distance": 5.528504224248192
    },
    "boundary": {
        "x_size": 150,
        "y_size": 150,
        "z_size": 200
    },
    "idx": "KpTCrB4Edm"
}