{
    "skin": {
        "n": 1.4,
        "g": 0.94,
        "muspx": 32.99531969196809,
        "bmie": 1.8977734197096776
    },
    "fat": {
        "n": 1.4,
        "g": 0.94,
        "muspx": 34.37814605370126,
        "bmie": 0.39023535480153954
    },
    "muscle": {
        "n": 1.4,
        "g": 0.94,
        "muspx": 10.53076670886142,
        "bmie": 2.147749646530619
    },
    "IJV": {
        "n": 1.4,
        "g": 0.94,
        "muspx": 14.700525570234646,
        "bmie": 1.0
    },
    "CCA": {
        "n": 1.4,
        "g": 0.94,
        "muspx": 17.243206813906284,
        "bmie": 1.0
    },
    "geometry": {
        "skin_thickness": 0.9733781703654908,
        "fat_thickness": 0.6669481696947265,
        "ijv_radius": 3.0099134264288034,
        "ijv_depth": 11.568660916331988,
        "cca_radius": 3.9907191173426737,
        "cca_depth": 17.103420656775427,
        "ijv_cca_distance": 6.383348394057372
    },
    "boundary": {
        "x_size": 150,
        "y_size": 150,
        "z_size": 200
    },
    "idx": "ks0Kz8IZp5"
}