{
    "skin": {
        "n": 1.4,
        "g": 0.94,
        "muspx": 45.37981305832142,
        "bmie": 2.3516385242223974
    },
    "fat": {
        "n": 1.4,
        "g": 0.94,
        "muspx": 14.41073998263861,
        "bmie": 0.7938210497727226
    },
    "muscle": {
        "n": 1.4,
        "g": 0.94,
        "muspx": 9.879978324508597,
        "bmie": 1.3105495587299187
    },
    "IJV": {
        "n": 1.4,
        "g": 0.94,
        "muspx": 17.958114604959952,
        "bmie": 1.0
    },
    "CCA": {
        "n": 1.4,
        "g": 0.94,
        "muspx": 10.152449608081099,
        "bmie": 1.0
    },
    "geometry": {
        "skin_thickness": 1.2336759838801374,
        "fat_thickness": 1.2159705033056425,
        "ijv_radius": 3.7032040908414974,
        "ijv_depth": 5.0676971755218645,
        "cca_radius": 3.914535783702952,
        "cca_depth": 17.14426841089358,
        "ijv_cca_distance": 8.595878063499441
    },
    "boundary": {
        "x_size": 70,
        "y_size": 150,
        "z_size": 200
    },
    "idx": "kxAq1QNg0C"
}