{
    "skin": {
        "n": 1.4,
        "g": 0.94,
        "muspx": 38.45198224206677,
        "bmie": 1.0855048804086684
    },
    "fat": {
        "n": 1.4,
        "g": 0.94,
        "muspx": 16.225945697780435,
        "bmie": 0.6739680514941797
    },
    "muscle": {
        "n": 1.4,
        "g": 0.94,
        "muspx": 12.011843128578928,
        "bmie": 2.3324172873143842
    },
    "IJV": {
        "n": 1.4,
        "g": 0.94,
        "muspx": 18.524992442596453,
        "bmie": 1.0
    },
    "CCA": {
        "n": 1.4,
        "g": 0.94,
        "muspx": 13.830174543398776,
        "bmie": 1.0
    },
    "geometry": {
        "skin_thickness": 1.3780241363312196,
        "fat_thickness": 1.3596694067899353,
        "ijv_radius": 6.777131721776074,
        "ijv_depth": 12.741729388049679,
        "cca_radius": 3.4455328475941114,
        "cca_depth": 25.185436477675005,
        "ijv_cca_distance": 5.175925826814123
    },
    "boundary": {
        "x_size": 150,
        "y_size": 150,
        "z_size": 200
    },
    "idx": "KYz4LJxEek"
}