{
    "skin": {
        "n": 1.4,
        "g": 0.94,
        "muspx": 45.79218792688715,
        "bmie": 1.82279928600805
    },
    "fat": {
        "n": 1.4,
        "g": 0.94,
        "muspx": 24.34766888370659,
        "bmie": 0.41835292908044375
    },
    "muscle": {
        "n": 1.4,
        "g": 0.94,
        "muspx": 10.833902403777373,
        "bmie": 1.9598090538263602
    },
    "IJV": {
        "n": 1.4,
        "g": 0.94,
        "muspx": 10.643200971773746,
        "bmie": 1.0
    },
    "CCA": {
        "n": 1.4,
        "g": 0.94,
        "muspx": 14.528421636217793,
        "bmie": 1.0
    },
    "geometry": {
        "skin_thickness": 1.3850842240116967,
        "fat_thickness": 0.9745423979912303,
        "ijv_radius": 5.826674219009005,
        "ijv_depth": 10.029472967863093,
        "cca_radius": 3.6464394887820184,
        "cca_depth": 7.180249613413335,
        "ijv_cca_distance": 5.34055433754164
    },
    "boundary": {
        "x_size": 70,
        "y_size": 150,
        "z_size": 200
    },
    "idx": "L0JNC4gyFP"
}