{
    "skin": {
        "n": 1.4,
        "g": 0.94,
        "muspx": 29.979274083809774,
        "bmie": 2.224525141747199
    },
    "fat": {
        "n": 1.4,
        "g": 0.94,
        "muspx": 30.162494048675015,
        "bmie": 0.5461187455230674
    },
    "muscle": {
        "n": 1.4,
        "g": 0.94,
        "muspx": 11.205308769602906,
        "bmie": 1.8074419205020231
    },
    "IJV": {
        "n": 1.4,
        "g": 0.94,
        "muspx": 14.482353729827235,
        "bmie": 1.0
    },
    "CCA": {
        "n": 1.4,
        "g": 0.94,
        "muspx": 13.31021475460934,
        "bmie": 1.0
    },
    "geometry": {
        "skin_thickness": 1.3209851591598407,
        "fat_thickness": 0.7596937835023463,
        "ijv_radius": 7.585958874838356,
        "ijv_depth": 10.20525687175295,
        "cca_radius": 3.1552095226416816,
        "cca_depth": 20.802178135167146,
        "ijv_cca_distance": 7.677401036946693
    },
    "boundary": {
        "x_size": 150,
        "y_size": 150,
        "z_size": 200
    },
    "idx": "lc37puyI4d"
}