{
    "skin": {
        "n": 1.4,
        "g": 0.94,
        "muspx": 45.09216490644137,
        "bmie": 1.0956202262150727
    },
    "fat": {
        "n": 1.4,
        "g": 0.94,
        "muspx": 17.902110838270332,
        "bmie": 0.5817871382388633
    },
    "muscle": {
        "n": 1.4,
        "g": 0.94,
        "muspx": 11.788588368106232,
        "bmie": 2.761707585425462
    },
    "IJV": {
        "n": 1.4,
        "g": 0.94,
        "muspx": 15.978170361474973,
        "bmie": 1.0
    },
    "CCA": {
        "n": 1.4,
        "g": 0.94,
        "muspx": 13.784614660768202,
        "bmie": 1.0
    },
    "geometry": {
        "skin_thickness": 1.0803732340219667,
        "fat_thickness": 0.6274262599231805,
        "ijv_radius": 3.2855854738576706,
        "ijv_depth": 12.563672400425741,
        "cca_radius": 3.8943075206224633,
        "cca_depth": 5.979005227112478,
        "ijv_cca_distance": 7.1752436298446245
    },
    "boundary": {
        "x_size": 150,
        "y_size": 150,
        "z_size": 200
    },
    "idx": "LIQH9V8JD4"
}