{
    "skin": {
        "n": 1.4,
        "g": 0.94,
        "muspx": 43.57612581949761,
        "bmie": 1.3479873951092292
    },
    "fat": {
        "n": 1.4,
        "g": 0.94,
        "muspx": 25.587325468880152,
        "bmie": 0.9387442406840196
    },
    "muscle": {
        "n": 1.4,
        "g": 0.94,
        "muspx": 11.80071719459238,
        "bmie": 2.6697188173424515
    },
    "IJV": {
        "n": 1.4,
        "g": 0.94,
        "muspx": 18.368104429809947,
        "bmie": 1.0
    },
    "CCA": {
        "n": 1.4,
        "g": 0.94,
        "muspx": 15.774368438656174,
        "bmie": 1.0
    },
    "geometry": {
        "skin_thickness": 1.2049489957461637,
        "fat_thickness": 0.6260329358594966,
        "ijv_radius": 8.357200989075597,
        "ijv_depth": 13.810472095251079,
        "cca_radius": 2.6279997434853386,
        "cca_depth": 24.60141795764447,
        "ijv_cca_distance": 9.550041327629748
    },
    "boundary": {
        "x_size": 150,
        "y_size": 150,
        "z_size": 200
    },
    "idx": "liUxC6DMaK"
}