{
    "skin": {
        "n": 1.4,
        "g": 0.94,
        "muspx": 36.34359241076972,
        "bmie": 2.3407945620189277
    },
    "fat": {
        "n": 1.4,
        "g": 0.94,
        "muspx": 31.703989975930014,
        "bmie": 0.8691087442522986
    },
    "muscle": {
        "n": 1.4,
        "g": 0.94,
        "muspx": 11.183111976652537,
        "bmie": 1.9506315493076296
    },
    "IJV": {
        "n": 1.4,
        "g": 0.94,
        "muspx": 19.085301100122948,
        "bmie": 1.0
    },
    "CCA": {
        "n": 1.4,
        "g": 0.94,
        "muspx": 10.155798784996149,
        "bmie": 1.0
    },
    "geometry": {
        "skin_thickness": 0.8566904501915849,
        "fat_thickness": 1.4072924363433439,
        "ijv_radius": 4.347247864789802,
        "ijv_depth": 7.080118307103937,
        "cca_radius": 3.1158511585058632,
        "cca_depth": 15.700122592706832,
        "ijv_cca_distance": 7.372488468941739
    },
    "boundary": {
        "x_size": 150,
        "y_size": 150,
        "z_size": 200
    },
    "idx": "LkJz0D6Cat"
}