{
    "skin": {
        "n": 1.4,
        "g": 0.94,
        "muspx": 45.649126552762894,
        "bmie": 1.6130303496049463
    },
    "fat": {
        "n": 1.4,
        "g": 0.94,
        "muspx": 33.843965179172265,
        "bmie": 0.48892288952421664
    },
    "muscle": {
        "n": 1.4,
        "g": 0.94,
        "muspx": 10.12389571937711,
        "bmie": 2.6201269865702366
    },
    "IJV": {
        "n": 1.4,
        "g": 0.94,
        "muspx": 10.4531417138829,
        "bmie": 1.0
    },
    "CCA": {
        "n": 1.4,
        "g": 0.94,
        "muspx": 13.808603721331465,
        "bmie": 1.0
    },
    "geometry": {
        "skin_thickness": 1.0438368955591304,
        "fat_thickness": 0.5134446176495978,
        "ijv_radius": 6.284584654664113,
        "ijv_depth": 3.7957251744418494,
        "cca_radius": 2.7483012890456533,
        "cca_depth": 25.98959726380802,
        "ijv_cca_distance": 9.203978166396269
    },
    "boundary": {
        "x_size": 70,
        "y_size": 150,
        "z_size": 200
    },
    "idx": "lTvEGIz6cN"
}