{
    "skin": {
        "n": 1.4,
        "g": 0.94,
        "muspx": 37.708008056334975,
        "bmie": 1.8990852954733057
    },
    "fat": {
        "n": 1.4,
        "g": 0.94,
        "muspx": 17.047245822900404,
        "bmie": 0.7077742745190119
    },
    "muscle": {
        "n": 1.4,
        "g": 0.94,
        "muspx": 10.961310962825527,
        "bmie": 1.771366606279679
    },
    "IJV": {
        "n": 1.4,
        "g": 0.94,
        "muspx": 19.264992944271683,
        "bmie": 1.0
    },
    "CCA": {
        "n": 1.4,
        "g": 0.94,
        "muspx": 17.56980378485536,
        "bmie": 1.0
    },
    "geometry": {
        "skin_thickness": 0.9828221490524298,
        "fat_thickness": 0.8443730420828507,
        "ijv_radius": 6.950067604380351,
        "ijv_depth": 14.759672132809072,
        "cca_radius": 2.8104230118410163,
        "cca_depth": 5.064003178566566,
        "ijv_cca_distance": 7.420325795886724
    },
    "boundary": {
        "x_size": 150,
        "y_size": 150,
        "z_size": 200
    },
    "idx": "LzIbdh3rl7"
}