{
    "skin": {
        "n": 1.4,
        "g": 0.94,
        "muspx": 37.45026873887457,
        "bmie": 2.424242724950598
    },
    "fat": {
        "n": 1.4,
        "g": 0.94,
        "muspx": 28.133486492982172,
        "bmie": 0.741473347692427
    },
    "muscle": {
        "n": 1.4,
        "g": 0.94,
        "muspx": 12.813401281985762,
        "bmie": 1.0461040776917307
    },
    "IJV": {
        "n": 1.4,
        "g": 0.94,
        "muspx": 15.834334772046141,
        "bmie": 1.0
    },
    "CCA": {
        "n": 1.4,
        "g": 0.94,
        "muspx": 13.0756482576626,
        "bmie": 1.0
    },
    "geometry": {
        "skin_thickness": 0.7718045553775932,
        "fat_thickness": 1.4084886115425117,
        "ijv_radius": 4.062960356573217,
        "ijv_depth": 6.224088618761684,
        "cca_radius": 2.9741016371115943,
        "cca_depth": 10.079008679576056,
        "ijv_cca_distance": 9.913883498798342
    },
    "boundary": {
        "x_size": 70,
        "y_size": 150,
        "z_size": 200
    },
    "idx": "m8IhB9wjgR"
}