{
    "skin": {
        "n": 1.4,
        "g": 0.94,
        "muspx": 36.38130628404981,
        "bmie": 0.8069559407962585
    },
    "fat": {
        "n": 1.4,
        "g": 0.94,
        "muspx": 31.371883620752,
        "bmie": 0.5572375513484407
    },
    "muscle": {
        "n": 1.4,
        "g": 0.94,
        "muspx": 12.490341929697259,
        "bmie": 2.3895415595303295
    },
    "IJV": {
        "n": 1.4,
        "g": 0.94,
        "muspx": 10.017310678066154,
        "bmie": 1.0
    },
    "CCA": {
        "n": 1.4,
        "g": 0.94,
        "muspx": 17.741293444992536,
        "bmie": 1.0
    },
    "geometry": {
        "skin_thickness": 1.4003334079936625,
        "fat_thickness": 1.1646908658524797,
        "ijv_radius": 3.60950762829604,
        "ijv_depth": 15.266355575577727,
        "cca_radius": 2.9266174721087435,
        "cca_depth": 6.681234523972414,
        "ijv_cca_distance": 8.03022891666451
    },
    "boundary": {
        "x_size": 150,
        "y_size": 150,
        "z_size": 200
    },
    "idx": "ma64jsvAnN"
}