{
    "skin": {
        "n": 1.4,
        "g": 0.94,
        "muspx": 46.47112762561599,
        "bmie": 1.2519878348472564
    },
    "fat": {
        "n": 1.4,
        "g": 0.94,
        "muspx": 17.801224875648153,
        "bmie": 0.48719256943754985
    },
    "muscle": {
        "n": 1.4,
        "g": 0.94,
        "muspx": 12.513753779422084,
        "bmie": 1.0920983233124848
    },
    "IJV": {
        "n": 1.4,
        "g": 0.94,
        "muspx": 13.801044796758168,
        "bmie": 1.0
    },
    "CCA": {
        "n": 1.4,
        "g": 0.94,
        "muspx": 11.417231001417857,
        "bmie": 1.0
    },
    "geometry": {
        "skin_thickness": 1.088792074848913,
        "fat_thickness": 1.1118341721526381,
        "ijv_radius": 9.510434877197632,
        "ijv_depth": 13.13048249252579,
        "cca_radius": 3.0356153764732534,
        "cca_depth": 23.679983912865023,
        "ijv_cca_distance": 6.332953433688269
    },
    "boundary": {
        "x_size": 70,
        "y_size": 150,
        "z_size": 200
    },
    "idx": "mApgDEdhXY"
}