{
    "skin": {
        "n": 1.4,
        "g": 0.94,
        "muspx": 31.870443443648625,
        "bmie": 1.1442642380884067
    },
    "fat": {
        "n": 1.4,
        "g": 0.94,
        "muspx": 34.775152440563346,
        "bmie": 0.46704260410876414
    },
    "muscle": {
        "n": 1.4,
        "g": 0.94,
        "muspx": 10.120008768995488,
        "bmie": 1.3873768626295904
    },
    "IJV": {
        "n": 1.4,
        "g": 0.94,
        "muspx": 14.578343961310548,
        "bmie": 1.0
    },
    "CCA": {
        "n": 1.4,
        "g": 0.94,
        "muspx": 11.311146950506247,
        "bmie": 1.0
    },
    "geometry": {
        "skin_thickness": 0.7101274842287175,
        "fat_thickness": 1.4928277466411959,
        "ijv_radius": 6.1348179562743725,
        "ijv_depth": 12.656917540018913,
        "cca_radius": 4.3925821125341855,
        "cca_depth": 22.223795882471258,
        "ijv_cca_distance": 9.949839960852746
    },
    "boundary": {
        "x_size": 150,
        "y_size": 150,
        "z_size": 200
    },
    "idx": "msMKt5rCDf"
}