{
    "skin": {
        "n": 1.4,
        "g": 0.94,
        "muspx": 47.27506070012974,
        "bmie": 2.023300673445473
    },
    "fat": {
        "n": 1.4,
        "g": 0.94,
        "muspx": 14.335252750342164,
        "bmie": 0.42341389742361424
    },
    "muscle": {
        "n": 1.4,
        "g": 0.94,
        "muspx": 10.355621391027212,
        "bmie": 1.8857372662684682
    },
    "IJV": {
        "n": 1.4,
        "g": 0.94,
        "muspx": 17.604248010709348,
        "bmie": 1.0
    },
    "CCA": {
        "n": 1.4,
        "g": 0.94,
        "muspx": 11.631682432405752,
        "bmie": 1.0
    },
    "geometry": {
        "skin_thickness": 1.4700799619817357,
        "fat_thickness": 0.6120664534300047,
        "ijv_radius": 4.016410462055546,
        "ijv_depth": 13.475740479978416,
        "cca_radius": 4.04822834802273,
        "cca_depth": 25.228054617627237,
        "ijv_cca_distance": 5.220266563915773
    },
    "boundary": {
        "x_size": 150,
        "y_size": 150,
        "z_size": 200
    },
    "idx": "N0RDakIXiE"
}