{
    "skin": {
        "n": 1.4,
        "g": 0.94,
        "muspx": 37.743500602101975,
        "bmie": 1.399027755650609
    },
    "fat": {
        "n": 1.4,
        "g": 0.94,
        "muspx": 35.48932019281345,
        "bmie": 0.596126457502885
    },
    "muscle": {
        "n": 1.4,
        "g": 0.94,
        "muspx": 11.880829266194372,
        "bmie": 1.2488463956648652
    },
    "IJV": {
        "n": 1.4,
        "g": 0.94,
        "muspx": 10.719101235227912,
        "bmie": 1.0
    },
    "CCA": {
        "n": 1.4,
        "g": 0.94,
        "muspx": 17.094729424712366,
        "bmie": 1.0
    },
    "geometry": {
        "skin_thickness": 0.6997088256576868,
        "fat_thickness": 0.7814623492165758,
        "ijv_radius": 4.250217363987385,
        "ijv_depth": 9.488753784606363,
        "cca_radius": 3.595393330947325,
        "cca_depth": 21.754014958131485,
        "ijv_cca_distance": 5.896281321715755
    },
    "boundary": {
        "x_size": 70,
        "y_size": 150,
        "z_size": 200
    },
    "idx": "NcNBt4FOIy"
}