{
    "skin": {
        "n": 1.4,
        "g": 0.94,
        "muspx": 38.59516981261956,
        "bmie": 1.4522154710843105
    },
    "fat": {
        "n": 1.4,
        "g": 0.94,
        "muspx": 13.964947454480754,
        "bmie": 0.8355386649301944
    },
    "muscle": {
        "n": 1.4,
        "g": 0.94,
        "muspx": 11.15776044356497,
        "bmie": 1.78374730627882
    },
    "IJV": {
        "n": 1.4,
        "g": 0.94,
        "muspx": 12.693533193865047,
        "bmie": 1.0
    },
    "CCA": {
        "n": 1.4,
        "g": 0.94,
        "muspx": 19.75353689348804,
        "bmie": 1.0
    },
    "geometry": {
        "skin_thickness": 0.7385879336021851,
        "fat_thickness": 0.8006352394042225,
        "ijv_radius": 7.648470064387775,
        "ijv_depth": 10.261234731987571,
        "cca_radius": 4.11169299257095,
        "cca_depth": 22.588034414790503,
        "ijv_cca_distance": 9.503720353802349
    },
    "boundary": {
        "x_size": 150,
        "y_size": 150,
        "z_size": 200
    },
    "idx": "nKfytCh8Zq"
}