{
    "skin": {
        "n": 1.4,
        "g": 0.94,
        "muspx": 48.89363209724917,
        "bmie": 1.038377248499184
    },
    "fat": {
        "n": 1.4,
        "g": 0.94,
        "muspx": 19.157974759631443,
        "bmie": 0.7916066984024394
    },
    "muscle": {
        "n": 1.4,
        "g": 0.94,
        "muspx": 12.58973138050565,
        "bmie": 2.635548930021278
    },
    "IJV": {
        "n": 1.4,
        "g": 0.94,
        "muspx": 10.252066922248332,
        "bmie": 1.0
    },
    "CCA": {
        "n": 1.4,
        "g": 0.94,
        "muspx": 16.197854007139092,
        "bmie": 1.0
    },
    "geometry": {
        "skin_thickness": 0.9441597493635286,
        "fat_thickness": 0.618956787449993,
        "ijv_radius": 4.8975958780498665,
        "ijv_depth": 10.413461253219197,
        "cca_radius": 3.103798724395957,
        "cca_depth": 24.076954633119847,
        "ijv_cca_distance": 6.139045961710444
    },
    "boundary": {
        "x_size": 150,
        "y_size": 150,
        "z_size": 200
    },
    "idx": "nzqivWunZa"
}