{
    "skin": {
        "n": 1.4,
        "g": 0.94,
        "muspx": 43.16330831351364,
        "bmie": 1.9150031189644023
    },
    "fat": {
        "n": 1.4,
        "g": 0.94,
        "muspx": 20.301888778993845,
        "bmie": 0.8617001722542211
    },
    "muscle": {
        "n": 1.4,
        "g": 0.94,
        "muspx": 12.725390663804497,
        "bmie": 1.8469839383768325
    },
    "IJV": {
        "n": 1.4,
        "g": 0.94,
        "muspx": 18.720235400797513,
        "bmie": 1.0
    },
    "CCA": {
        "n": 1.4,
        "g": 0.94,
        "muspx": 13.49758521918114,
        "bmie": 1.0
    },
    "geometry": {
        "skin_thickness": 1.1989673871049145,
        "fat_thickness": 0.7034249690818158,
        "ijv_radius": 4.657949232355435,
        "ijv_depth": 7.338029573159503,
        "cca_radius": 3.2491121429451773,
        "cca_depth": 11.83573941983271,
        "ijv_cca_distance": 8.319867414834015
    },
    "boundary": {
        "x_size": 150,
        "y_size": 150,
        "z_size": 200
    },
    "idx": "oSPsK9i7Zm"
}