{
    "skin": {
        "n": 1.4,
        "g": 0.94,
        "muspx": 31.65421791939688,
        "bmie": 2.2832469352791978
    },
    "fat": {
        "n": 1.4,
        "g": 0.94,
        "muspx": 23.453454954399874,
        "bmie": 0.7829623595804294
    },
    "muscle": {
        "n": 1.4,
        "g": 0.94,
        "muspx": 9.963285592041197,
        "bmie": 1.6028245289854506
    },
    "IJV": {
        "n": 1.4,
        "g": 0.94,
        "muspx": 10.398977850651892,
        "bmie": 1.0
    },
    "CCA": {
        "n": 1.4,
        "g": 0.94,
        "muspx": 11.687634904328771,
        "bmie": 1.0
    },
    "geometry": {
        "skin_thickness": 1.3844868887800363,
        "fat_thickness": 0.5774037264257731,
        "ijv_radius": 2.6949512533044926,
        "ijv_depth": 8.414885081891809,
        "cca_radius": 3.3610107652097314,
        "cca_depth": 21.959247851120047,
        "ijv_cca_distance": 9.512058387713441
    },
    "boundary": {
        "x_size": 150,
        "y_size": 150,
        "z_size": 200
    },
    "idx": "oX9aIK0ZbG"
}