{
    "skin": {
        "n": 1.4,
        "g": 0.94,
        "muspx": 41.02787290888163,
        "bmie": 1.7628557592378744
    },
    "fat": {
        "n": 1.4,
        "g": 0.94,
        "muspx": 16.714469242899064,
        "bmie": 0.8085216541906839
    },
    "muscle": {
        "n": 1.4,
        "g": 0.94,
        "muspx": 10.782412086337805,
        "bmie": 1.224375213211791
    },
    "IJV": {
        "n": 1.4,
        "g": 0.94,
        "muspx": 11.506763856671453,
        "bmie": 1.0
    },
    "CCA": {
        "n": 1.4,
        "g": 0.94,
        "muspx": 19.639613527613523,
        "bmie": 1.0
    },
    "geometry": {
        "skin_thickness": 0.9813451080208245,
        "fat_thickness": 0.8871716210387309,
        "ijv_radius": 6.095536114939981,
        "ijv_depth": 15.317189240809205,
        "cca_radius": 4.111499814563899,
        "cca_depth": 20.252297966814503,
        "ijv_cca_distance": 6.415086877491782
    },
    "boundary": {
        "x_size": 70,
        "y_size": 150,
        "z_size": 200
    },
    "idx": "p09rMJtO6H"
}