{
    "skin": {
        "n": 1.4,
        "g": 0.94,
        "muspx": 41.078627675907676,
        "bmie": 2.1579568460536653
    },
    "fat": {
        "n": 1.4,
        "g": 0.94,
        "muspx": 20.781917138990124,
        "bmie": 0.7294222450181722
    },
    "muscle": {
        "n": 1.4,
        "g": 0.94,
        "muspx": 11.155175387201076,
        "bmie": 1.5069924862451276
    },
    "IJV": {
        "n": 1.4,
        "g": 0.94,
        "muspx": 15.018018771395624,
        "bmie": 1.0
    },
    "CCA": {
        "n": 1.4,
        "g": 0.94,
        "muspx": 17.578336550619,
        "bmie": 1.0
    },
    "geometry": {
        "skin_thickness": 0.9071092064546393,
        "fat_thickness": 0.9425478441342146,
        "ijv_radius": 5.287823248377309,
        "ijv_depth": 11.812343370667058,
        "cca_radius": 3.1502780858324213,
        "cca_depth": 20.893455709589915,
        "ijv_cca_distance": 8.683290669295278
    },
    "boundary": {
        "x_size": 150,
        "y_size": 150,
        "z_size": 200
    },
    "idx": "p5YP0mxOAt"
}