{
    "skin": {
        "n": 1.4,
        "g": 0.94,
        "muspx": 32.72556489357784,
        "bmie": 1.285737483392937
    },
    "fat": {
        "n": 1.4,
        "g": 0.94,
        "muspx": 26.269683227912836,
        "bmie": 0.521172257280563
    },
    "muscle": {
        "n": 1.4,
        "g": 0.94,
        "muspx": 10.62550927858178,
        "bmie": 2.799998647791963
    },
    "IJV": {
        "n": 1.4,
        "g": 0.94,
        "muspx": 10.162543913899196,
        "bmie": 1.0
    },
    "CCA": {
        "n": 1.4,
        "g": 0.94,
        "muspx": 14.313404025429158,
        "bmie": 1.0
    },
    "geometry": {
        "skin_thickness": 1.2201540345077384,
        "fat_thickness": 1.4882542512219514,
        "ijv_radius": 5.4939209688668145,
        "ijv_depth": 11.05347918649579,
        "cca_radius": 4.165585998854423,
        "cca_depth": 15.405825114585497,
        "ijv_cca_distance": 8.90998216319734
    },
    "boundary": {
        "x_size": 150,
        "y_size": 150,
        "z_size": 200
    },
    "idx": "P6C40EAtej"
}