{
    "skin": {
        "n": 1.4,
        "g": 0.94,
        "muspx": 33.88234248125677,
        "bmie": 1.020758327516942
    },
    "fat": {
        "n": 1.4,
        "g": 0.94,
        "muspx": 34.58280282194342,
        "bmie": 0.7836794576446765
    },
    "muscle": {
        "n": 1.4,
        "g": 0.94,
        "muspx": 9.828743315686852,
        "bmie": 1.219532904758576
    },
    "IJV": {
        "n": 1.4,
        "g": 0.94,
        "muspx": 13.917016040295742,
        "bmie": 1.0
    },
    "CCA": {
        "n": 1.4,
        "g": 0.94,
        "muspx": 11.85478814562474,
        "bmie": 1.0
    },
    "geometry": {
        "skin_thickness": 0.6312694904610214,
        "fat_thickness": 1.3326840785583163,
        "ijv_radius": 7.855086559507941,
        "ijv_depth": 6.229571899276526,
        "cca_radius": 2.7882535971951894,
        "cca_depth": 15.66654791326433,
        "ijv_cca_distance": 6.245878407908087
    },
    "boundary": {
        "x_size": 70,
        "y_size": 150,
        "z_size": 200
    },
    "idx": "pe1RfLUYSh"
}