{
    "skin": {
        "n": 1.4,
        "g": 0.94,
        "muspx": 30.115053256017354,
        "bmie": 2.2006399349783354
    },
    "fat": {
        "n": 1.4,
        "g": 0.94,
        "muspx": 18.336938439990018,
        "bmie": 0.7370903786111774
    },
    "muscle": {
        "n": 1.4,
        "g": 0.94,
        "muspx": 11.609534813813408,
        "bmie": 2.7288466380880267
    },
    "IJV": {
        "n": 1.4,
        "g": 0.94,
        "muspx": 19.906224726513436,
        "bmie": 1.0
    },
    "CCA": {
        "n": 1.4,
        "g": 0.94,
        "muspx": 17.688486780305432,
        "bmie": 1.0
    },
    "geometry": {
        "skin_thickness": 1.4307305419688503,
        "fat_thickness": 0.776836577069742,
        "ijv_radius": 2.8625017643970443,
        "ijv_depth": 7.660249708596348,
        "cca_radius": 4.303806999434344,
        "cca_depth": 6.723249289520548,
        "ijv_cca_distance": 5.08276690733388
    },
    "boundary": {
        "x_size": 70,
        "y_size": 150,
        "z_size": 200
    },
    "idx": "pzERthBWoM"
}