{
    "skin": {
        "n": 1.4,
        "g": 0.94,
        "muspx": 30.66972541029744,
        "bmie": 0.8594814867288397
    },
    "fat": {
        "n": 1.4,
        "g": 0.94,
        "muspx": 26.22709640689243,
        "bmie": 0.7670856539682207
    },
    "muscle": {
        "n": 1.4,
        "g": 0.94,
        "muspx": 11.905325850633542,
        "bmie": 1.4758566454652962
    },
    "IJV": {
        "n": 1.4,
        "g": 0.94,
        "muspx": 13.099965089251222,
        "bmie": 1.0
    },
    "CCA": {
        "n": 1.4,
        "g": 0.94,
        "muspx": 18.04131023695143,
        "bmie": 1.0
    },
    "geometry": {
        "skin_thickness": 0.990614757681045,
        "fat_thickness": 1.4302450833157763,
        "ijv_radius": 4.753469357789791,
        "ijv_depth": 8.570353535218214,
        "cca_radius": 3.286259369934907,
        "cca_depth": 7.809429428450043,
        "ijv_cca_distance": 8.035068085753469
    },
    "boundary": {
        "x_size": 70,
        "y_size": 150,
        "z_size": 200
    },
    "idx": "q4B0yQZYwd"
}