{
    "skin": {
        "n": 1.4,
        "g": 0.94,
        "muspx": 48.871272929383615,
        "bmie": 2.339759544217227
    },
    "fat": {
        "n": 1.4,
        "g": 0.94,
        "muspx": 33.83926281876931,
        "bmie": 0.5212034160635841
    },
    "muscle": {
        "n": 1.4,
        "g": 0.94,
        "muspx": 10.111995459755821,
        "bmie": 1.623482385239838
    },
    "IJV": {
        "n": 1.4,
        "g": 0.94,
        "muspx": 15.611049535763225,
        "bmie": 1.0
    },
    "CCA": {
        "n": 1.4,
        "g": 0.94,
        "muspx": 13.487402827349694,
        "bmie": 1.0
    },
    "geometry": {
        "skin_thickness": 1.407699026384015,
        "fat_thickness": 0.7068253628184832,
        "ijv_radius": 5.109398835394126,
        "ijv_depth": 6.286489183805177,
        "cca_radius": 2.647824822518637,
        "cca_depth": 24.412503356917753,
        "ijv_cca_distance": 8.516872452524865
    },
    "boundary": {
        "x_size": 70,
        "y_size": 150,
        "z_size": 200
    },
    "idx": "q7XxsK36hH"
}