{
    "skin": {
        "n": 1.4,
        "g": 0.94,
        "muspx": 47.75441016378204,
        "bmie": 1.1931908563083828
    },
    "fat": {
        "n": 1.4,
        "g": 0.94,
        "muspx": 33.44239312531148,
        "bmie": 0.6173530559318254
    },
    "muscle": {
        "n": 1.4,
        "g": 0.94,
        "muspx": 12.499896018203449,
        "bmie": 0.9835135203819418
    },
    "IJV": {
        "n": 1.4,
        "g": 0.94,
        "muspx": 11.424361386731025,
        "bmie": 1.0
    },
    "CCA": {
        "n": 1.4,
        "g": 0.94,
        "muspx": 12.906707461650877,
        "bmie": 1.0
    },
    "geometry": {
        "skin_thickness": 0.9389997845479416,
        "fat_thickness": 0.9439850768401118,
        "ijv_radius": 6.801251098027052,
        "ijv_depth": 15.52639583289616,
        "cca_radius": 2.619479079320058,
        "cca_depth": 11.161041102000958,
        "ijv_cca_distance": 9.623916797023202
    },
    "boundary": {
        "x_size": 150,
        "y_size": 150,
        "z_size": 200
    },
    "idx": "qEq5TAi9Mh"
}