{
    "skin": {
        "n": 1.4,
        "g": 0.94,
        "muspx": 45.825672658673156,
        "bmie": 1.0682093008212994
    },
    "fat": {
        "n": 1.4,
        "g": 0.94,
        "muspx": 20.71133063121904,
        "bmie": 0.9658748027950085
    },
    "muscle": {
        "n": 1.4,
        "g": 0.94,
        "muspx": 12.519671795396341,
        "bmie": 2.2032688827852183
    },
    "IJV": {
        "n": 1.4,
        "g": 0.94,
        "muspx": 13.128990256355895,
        "bmie": 1.0
    },
    "CCA": {
        "n": 1.4,
        "g": 0.94,
        "muspx": 11.792549633219778,
        "bmie": 1.0
    },
    "geometry": {
        "skin_thickness": 1.1703928419541139,
        "fat_thickness": 1.0752101356444628,
        "ijv_radius": 6.360865410174226,
        "ijv_depth": 12.237561381291517,
        "cca_radius": 3.5007301279301046,
        "cca_depth": 18.21943995798984,
        "ijv_cca_distance": 9.601602442950334
    },
    "boundary": {
        "x_size": 150,
        "y_size": 150,
        "z_size": 200
    },
    "idx": "qLxzrmPKwb"
}