{
    "skin": {
        "n": 1.4,
        "g": 0.94,
        "muspx": 32.43296819225769,
        "bmie": 2.1934572165481443
    },
    "fat": {
        "n": 1.4,
        "g": 0.94,
        "muspx": 26.08528985516152,
        "bmie": 0.8262650808722871
    },
    "muscle": {
        "n": 1.4,
        "g": 0.94,
        "muspx": 10.690624519569342,
        "bmie": 2.0092196093250845
    },
    "IJV": {
        "n": 1.4,
        "g": 0.94,
        "muspx": 11.330144958901204,
        "bmie": 1.0
    },
    "CCA": {
        "n": 1.4,
        "g": 0.94,
        "muspx": 11.408982956922642,
        "bmie": 1.0
    },
    "geometry": {
        "skin_thickness": 1.3167915631958476,
        "fat_thickness": 0.981001471264532,
        "ijv_radius": 9.973063218191847,
        "ijv_depth": 8.135143165872332,
        "cca_radius": 2.728408897184825,
        "cca_depth": 5.596670520355917,
        "ijv_cca_distance": 6.988642378241143
    },
    "boundary": {
        "x_size": 70,
        "y_size": 150,
        "z_size": 200
    },
    "idx": "qojAQGTmXW"
}