{
    "skin": {
        "n": 1.4,
        "g": 0.94,
        "muspx": 38.45345479375494,
        "bmie": 2.231927462144498
    },
    "fat": {
        "n": 1.4,
        "g": 0.94,
        "muspx": 31.102573957629705,
        "bmie": 0.45579113608504424
    },
    "muscle": {
        "n": 1.4,
        "g": 0.94,
        "muspx": 12.371479020467543,
        "bmie": 1.5202048005218627
    },
    "IJV": {
        "n": 1.4,
        "g": 0.94,
        "muspx": 17.06910643557368,
        "bmie": 1.0
    },
    "CCA": {
        "n": 1.4,
        "g": 0.94,
        "muspx": 11.003993132445826,
        "bmie": 1.0
    },
    "geometry": {
        "skin_thickness": 1.3577570253153235,
        "fat_thickness": 0.663502972672841,
        "ijv_radius": 4.992271205952614,
        "ijv_depth": 10.980087616140285,
        "cca_radius": 3.0958803160557467,
        "cca_depth": 15.27407512362273,
        "ijv_cca_distance": 9.037945536031001
    },
    "boundary": {
        "x_size": 150,
        "y_size": 150,
        "z_size": 200
    },
    "idx": "qrEnWpexjh"
}