{
    "skin": {
        "n": 1.4,
        "g": 0.94,
        "muspx": 32.43584703059096,
        "bmie": 0.8573087868425081
    },
    "fat": {
        "n": 1.4,
        "g": 0.94,
        "muspx": 20.393725084110315,
        "bmie": 0.8398723136551225
    },
    "muscle": {
        "n": 1.4,
        "g": 0.94,
        "muspx": 12.751467057008417,
        "bmie": 2.2592531540545506
    },
    "IJV": {
        "n": 1.4,
        "g": 0.94,
        "muspx": 19.40060389230017,
        "bmie": 1.0
    },
    "CCA": {
        "n": 1.4,
        "g": 0.94,
        "muspx": 13.248185167518947,
        "bmie": 1.0
    },
    "geometry": {
        "skin_thickness": 1.2413937684767846,
        "fat_thickness": 0.663706070877244,
        "ijv_radius": 2.5932595659525237,
        "ijv_depth": 10.508563647094938,
        "cca_radius": 3.2718666742218625,
        "cca_depth": 13.526086810757644,
        "ijv_cca_distance": 8.055909101819836
    },
    "boundary": {
        "x_size": 150,
        "y_size": 150,
        "z_size": 200
    },
    "idx": "QXAJD7nG6y"
}