{
    "skin": {
        "n": 1.4,
        "g": 0.94,
        "muspx": 44.076249759416584,
        "bmie": 1.7442296153001373
    },
    "fat": {
        "n": 1.4,
        "g": 0.94,
        "muspx": 29.945933892539493,
        "bmie": 0.6420956310706756
    },
    "muscle": {
        "n": 1.4,
        "g": 0.94,
        "muspx": 12.639671915367783,
        "bmie": 1.7788612184373291
    },
    "IJV": {
        "n": 1.4,
        "g": 0.94,
        "muspx": 10.037325720795696,
        "bmie": 1.0
    },
    "CCA": {
        "n": 1.4,
        "g": 0.94,
        "muspx": 13.362653362786471,
        "bmie": 1.0
    },
    "geometry": {
        "skin_thickness": 0.873175341601823,
        "fat_thickness": 0.5489209013823998,
        "ijv_radius": 3.243397206382186,
        "ijv_depth": 5.27234830615833,
        "cca_radius": 3.768849205167826,
        "cca_depth": 14.341164012275309,
        "ijv_cca_distance": 7.884105222237659
    },
    "boundary": {
        "x_size": 150,
        "y_size": 150,
        "z_size": 200
    },
    "idx": "r7zyR8sLMA"
}