{
    "skin": {
        "n": 1.4,
        "g": 0.94,
        "muspx": 32.805728001993934,
        "bmie": 1.0365650530034278
    },
    "fat": {
        "n": 1.4,
        "g": 0.94,
        "muspx": 15.55260475167824,
        "bmie": 0.6965984714647935
    },
    "muscle": {
        "n": 1.4,
        "g": 0.94,
        "muspx": 10.158729245956229,
        "bmie": 1.6917091006632143
    },
    "IJV": {
        "n": 1.4,
        "g": 0.94,
        "muspx": 19.498007388944842,
        "bmie": 1.0
    },
    "CCA": {
        "n": 1.4,
        "g": 0.94,
        "muspx": 12.607115001976242,
        "bmie": 1.0
    },
    "geometry": {
        "skin_thickness": 0.6579913002258989,
        "fat_thickness": 0.661560608573906,
        "ijv_radius": 4.181821738520452,
        "ijv_depth": 11.665350316990198,
        "cca_radius": 4.44410724746229,
        "cca_depth": 5.433477927589831,
        "ijv_cca_distance": 9.628831323749958
    },
    "boundary": {
        "x_size": 150,
        "y_size": 150,
        "z_size": 200
    },
    "idx": "reJgb3c6ZI"
}