{
    "skin": {
        "n": 1.4,
        "g": 0.94,
        "muspx": 48.73761452888817,
        "bmie": 1.3190011197875138
    },
    "fat": {
        "n": 1.4,
        "g": 0.94,
        "muspx": 15.267592286335015,
        "bmie": 0.6210051181884029
    },
    "muscle": {
        "n": 1.4,
        "g": 0.94,
        "muspx": 11.786398124333804,
        "bmie": 1.9933353810604575
    },
    "IJV": {
        "n": 1.4,
        "g": 0.94,
        "muspx": 17.77354725950684,
        "bmie": 1.0
    },
    "CCA": {
        "n": 1.4,
        "g": 0.94,
        "muspx": 16.62046870581485,
        "bmie": 1.0
    },
    "geometry": {
        "skin_thickness": 1.280856635598578,
        "fat_thickness": 0.9784909997526585,
        "ijv_radius": 8.086443054199655,
        "ijv_depth": 10.356757411069882,
        "cca_radius": 3.6356726027419186,
        "cca_depth": 7.1386010069892345,
        "ijv_cca_distance": 8.116621542954165
    },
    "boundary": {
        "x_size": 70,
        "y_size": 150,
        "z_size": 200
    },
    "idx": "rKB6RCp5nr"
}