{
    "skin": {
        "n": 1.4,
        "g": 0.94,
        "muspx": 47.72423378643175,
        "bmie": 1.5729188652739312
    },
    "fat": {
        "n": 1.4,
        "g": 0.94,
        "muspx": 32.17481055909309,
        "bmie": 0.5265925199029938
    },
    "muscle": {
        "n": 1.4,
        "g": 0.94,
        "muspx": 9.904369317519883,
        "bmie": 1.4249322402565405
    },
    "IJV": {
        "n": 1.4,
        "g": 0.94,
        "muspx": 11.172775373818663,
        "bmie": 1.0
    },
    "CCA": {
        "n": 1.4,
        "g": 0.94,
        "muspx": 11.419667411125486,
        "bmie": 1.0
    },
    "geometry": {
        "skin_thickness": 0.8847925195917233,
        "fat_thickness": 1.0310981884773949,
        "ijv_radius": 4.380021404145567,
        "ijv_depth": 7.098242426748838,
        "cca_radius": 3.3149044907314944,
        "cca_depth": 21.86179702913472,
        "ijv_cca_distance": 6.743139759058351
    },
    "boundary": {
        "x_size": 150,
        "y_size": 150,
        "z_size": 200
    },
    "idx": "RKLURbEqFt"
}