{
    "skin": {
        "n": 1.4,
        "g": 0.94,
        "muspx": 36.18047961475924,
        "bmie": 1.530639337719626
    },
    "fat": {
        "n": 1.4,
        "g": 0.94,
        "muspx": 28.18894196489483,
        "bmie": 0.8523530889411208
    },
    "muscle": {
        "n": 1.4,
        "g": 0.94,
        "muspx": 11.317606817036529,
        "bmie": 1.6310282559848994
    },
    "IJV": {
        "n": 1.4,
        "g": 0.94,
        "muspx": 17.21129638607082,
        "bmie": 1.0
    },
    "CCA": {
        "n": 1.4,
        "g": 0.94,
        "muspx": 14.099130868606991,
        "bmie": 1.0
    },
    "geometry": {
        "skin_thickness": 0.971856388697289,
        "fat_thickness": 1.4464796758743719,
        "ijv_radius": 9.53772963570676,
        "ijv_depth": 11.170207388354516,
        "cca_radius": 4.229871050645224,
        "cca_depth": 22.116633514481666,
        "ijv_cca_distance": 5.08184192940076
    },
    "boundary": {
        "x_size": 70,
        "y_size": 150,
        "z_size": 200
    },
    "idx": "rUWaqI72Mv"
}