{
    "skin": {
        "n": 1.4,
        "g": 0.94,
        "muspx": 30.553404394288897,
        "bmie": 0.898294935478974
    },
    "fat": {
        "n": 1.4,
        "g": 0.94,
        "muspx": 20.69648995339017,
        "bmie": 0.6041460484691611
    },
    "muscle": {
        "n": 1.4,
        "g": 0.94,
        "muspx": 11.48464377351512,
        "bmie": 1.221799248432136
    },
    "IJV": {
        "n": 1.4,
        "g": 0.94,
        "muspx": 16.101146871420923,
        "bmie": 1.0
    },
    "CCA": {
        "n": 1.4,
        "g": 0.94,
        "muspx": 15.92005126110337,
        "bmie": 1.0
    },
    "geometry": {
        "skin_thickness": 1.1914607053025423,
        "fat_thickness": 1.4605800914010667,
        "ijv_radius": 9.2938180134683,
        "ijv_depth": 14.245901419639043,
        "cca_radius": 3.380049835201776,
        "cca_depth": 25.994926014571462,
        "ijv_cca_distance": 7.095846754429282
    },
    "boundary": {
        "x_size": 150,
        "y_size": 150,
        "z_size": 200
    },
    "idx": "sEbwy0FH6n"
}