{
    "skin": {
        "n": 1.4,
        "g": 0.94,
        "muspx": 40.72542841115707,
        "bmie": 1.6942193921199018
    },
    "fat": {
        "n": 1.4,
        "g": 0.94,
        "muspx": 28.346203336082482,
        "bmie": 0.5855814511992299
    },
    "muscle": {
        "n": 1.4,
        "g": 0.94,
        "muspx": 9.837871260321878,
        "bmie": 1.2931479598968636
    },
    "IJV": {
        "n": 1.4,
        "g": 0.94,
        "muspx": 18.61800749313907,
        "bmie": 1.0
    },
    "CCA": {
        "n": 1.4,
        "g": 0.94,
        "muspx": 12.262673516806872,
        "bmie": 1.0
    },
    "geometry": {
        "skin_thickness": 0.7838936418081612,
        "fat_thickness": 0.6978500136370668,
        "ijv_radius": 10.452840566160797,
        "ijv_depth": 13.895716547813862,
        "cca_radius": 2.5850933917053087,
        "cca_depth": 24.823519949173566,
        "ijv_cca_distance": 8.251175271701982
    },
    "boundary": {
        "x_size": 150,
        "y_size": 150,
        "z_size": 200
    },
    "idx": "sgoliFdf14"
}