{
    "skin": {
        "n": 1.4,
        "g": 0.94,
        "muspx": 39.01786412617611,
        "bmie": 2.147305127809212
    },
    "fat": {
        "n": 1.4,
        "g": 0.94,
        "muspx": 24.572784717619914,
        "bmie": 0.8727215301592031
    },
    "muscle": {
        "n": 1.4,
        "g": 0.94,
        "muspx": 10.89335952588453,
        "bmie": 1.6112781188932634
    },
    "IJV": {
        "n": 1.4,
        "g": 0.94,
        "muspx": 10.019108722638396,
        "bmie": 1.0
    },
    "CCA": {
        "n": 1.4,
        "g": 0.94,
        "muspx": 19.691994858407313,
        "bmie": 1.0
    },
    "geometry": {
        "skin_thickness": 1.1188687633473442,
        "fat_thickness": 0.5502067456053775,
        "ijv_radius": 3.3570127785971664,
        "ijv_depth": 13.786080925957961,
        "cca_radius": 2.826559895810988,
        "cca_depth": 23.24068062117753,
        "ijv_cca_distance": 7.769355813843228
    },
    "boundary": {
        "x_size": 150,
        "y_size": 150,
        "z_size": 200
    },
    "idx": "smSnAPvw9T"
}