{
    "skin": {
        "n": 1.4,
        "g": 0.94,
        "muspx": 39.78303074792738,
        "bmie": 1.8596586908912398
    },
    "fat": {
        "n": 1.4,
        "g": 0.94,
        "muspx": 31.923699616521358,
        "bmie": 0.8410585793471724
    },
    "muscle": {
        "n": 1.4,
        "g": 0.94,
        "muspx": 12.23567699696375,
        "bmie": 2.685987599908582
    },
    "IJV": {
        "n": 1.4,
        "g": 0.94,
        "muspx": 12.110465882795854,
        "bmie": 1.0
    },
    "CCA": {
        "n": 1.4,
        "g": 0.94,
        "muspx": 19.552038497527292,
        "bmie": 1.0
    },
    "geometry": {
        "skin_thickness": 0.5568206279551431,
        "fat_thickness": 1.1753068004753486,
        "ijv_radius": 7.91099979466255,
        "ijv_depth": 4.69376591846385,
        "cca_radius": 4.390499344075983,
        "cca_depth": 23.68366129720117,
        "ijv_cca_distance": 5.9880010953556235
    },
    "boundary": {
        "x_size": 70,
        "y_size": 150,
        "z_size": 200
    },
    "idx": "ssaY6HJOM5"
}