{
    "skin": {
        "n": 1.4,
        "g": 0.94,
        "muspx": 36.86559290726864,
        "bmie": 1.5142962523547
    },
    "fat": {
        "n": 1.4,
        "g": 0.94,
        "muspx": 33.428790499526414,
        "bmie": 0.9098562107309099
    },
    "muscle": {
        "n": 1.4,
        "g": 0.94,
        "muspx": 10.509091460163623,
        "bmie": 1.9138645070227742
    },
    "IJV": {
        "n": 1.4,
        "g": 0.94,
        "muspx": 17.00325501632964,
        "bmie": 1.0
    },
    "CCA": {
        "n": 1.4,
        "g": 0.94,
        "muspx": 18.45682262588329,
        "bmie": 1.0
    },
    "geometry": {
        "skin_thickness": 1.01013853185342,
        "fat_thickness": 0.6141172326426501,
        "ijv_radius": 8.30237927956427,
        "ijv_depth": 14.613967423973643,
        "cca_radius": 3.722656463350277,
        "cca_depth": 23.64919576855446,
        "ijv_cca_distance": 9.090641103164579
    },
    "boundary": {
        "x_size": 150,
        "y_size": 150,
        "z_size": 200
    },
    "idx": "St5nTlMidc"
}