{
    "skin": {
        "n": 1.4,
        "g": 0.94,
        "muspx": 36.43510708224772,
        "bmie": 2.120930351826298
    },
    "fat": {
        "n": 1.4,
        "g": 0.94,
        "muspx": 21.787802024022636,
        "bmie": 0.5160266994442135
    },
    "muscle": {
        "n": 1.4,
        "g": 0.94,
        "muspx": 12.903383073872696,
        "bmie": 2.3426370786538313
    },
    "IJV": {
        "n": 1.4,
        "g": 0.94,
        "muspx": 17.984389309868867,
        "bmie": 1.0
    },
    "CCA": {
        "n": 1.4,
        "g": 0.94,
        "muspx": 18.271232964310535,
        "bmie": 1.0
    },
    "geometry": {
        "skin_thickness": 1.1163389094237492,
        "fat_thickness": 0.6385289834670548,
        "ijv_radius": 2.9423508376183483,
        "ijv_depth": 9.521970680415674,
        "cca_radius": 3.505714719614055,
        "cca_depth": 12.150577285864475,
        "ijv_cca_distance": 6.769805667678722
    },
    "boundary": {
        "x_size": 150,
        "y_size": 150,
        "z_size": 200
    },
    "idx": "svQl2x4azX"
}