{
    "skin": {
        "n": 1.4,
        "g": 0.94,
        "muspx": 48.57125810078594,
        "bmie": 0.9833620335275668
    },
    "fat": {
        "n": 1.4,
        "g": 0.94,
        "muspx": 15.218033948248372,
        "bmie": 0.7915594086447747
    },
    "muscle": {
        "n": 1.4,
        "g": 0.94,
        "muspx": 11.159756082953038,
        "bmie": 2.2315391908187228
    },
    "IJV": {
        "n": 1.4,
        "g": 0.94,
        "muspx": 12.810869358179467,
        "bmie": 1.0
    },
    "CCA": {
        "n": 1.4,
        "g": 0.94,
        "muspx": 17.493836257960567,
        "bmie": 1.0
    },
    "geometry": {
        "skin_thickness": 0.6369010058611817,
        "fat_thickness": 1.052591190065323,
        "ijv_radius": 6.246691743317488,
        "ijv_depth": 4.336328130192893,
        "cca_radius": 3.105471841647341,
        "cca_depth": 6.187085074412757,
        "ijv_cca_distance": 6.284459173107223
    },
    "boundary": {
        "x_size": 70,
        "y_size": 150,
        "z_size": 200
    },
    "idx": "t5Lz6VfSvc"
}