{
    "skin": {
        "n": 1.4,
        "g": 0.94,
        "muspx": 34.883411361444985,
        "bmie": 1.800466441869895
    },
    "fat": {
        "n": 1.4,
        "g": 0.94,
        "muspx": 35.26827531672669,
        "bmie": 0.4118859235934801
    },
    "muscle": {
        "n": 1.4,
        "g": 0.94,
        "muspx": 10.980771910643856,
        "bmie": 1.2759774607077174
    },
    "IJV": {
        "n": 1.4,
        "g": 0.94,
        "muspx": 14.804295545077855,
        "bmie": 1.0
    },
    "CCA": {
        "n": 1.4,
        "g": 0.94,
        "muspx": 15.49343328661795,
        "bmie": 1.0
    },
    "geometry": {
        "skin_thickness": 0.8042817607910377,
        "fat_thickness": 0.7975406898879494,
        "ijv_radius": 4.513434129385421,
        "ijv_depth": 13.706630629267698,
        "cca_radius": 3.245417131270136,
        "cca_depth": 8.845386431770176,
        "ijv_cca_distance": 7.225631730949523
    },
    "boundary": {
        "x_size": 150,
        "y_size": 150,
        "z_size": 200
    },
    "idx": "TCAxy8uavR"
}