{
    "skin": {
        "n": 1.4,
        "g": 0.94,
        "muspx": 32.425306264039236,
        "bmie": 2.114978629672983
    },
    "fat": {
        "n": 1.4,
        "g": 0.94,
        "muspx": 20.515513941711905,
        "bmie": 0.6610225378730736
    },
    "muscle": {
        "n": 1.4,
        "g": 0.94,
        "muspx": 9.807498016250944,
        "bmie": 1.0516778469319061
    },
    "IJV": {
        "n": 1.4,
        "g": 0.94,
        "muspx": 14.291789855665296,
        "bmie": 1.0
    },
    "CCA": {
        "n": 1.4,
        "g": 0.94,
        "muspx": 18.88156422598876,
        "bmie": 1.0
    },
    "geometry": {
        "skin_thickness": 0.7894475645856989,
        "fat_thickness": 0.8391536475878704,
        "ijv_radius": 4.29568524336611,
        "ijv_depth": 14.081965494692515,
        "cca_radius": 4.080956832802263,
        "cca_depth": 23.223785628072644,
        "ijv_cca_distance": 5.656046646904716
    },
    "boundary": {
        "x_size": 150,
        "y_size": 150,
        "z_size": 200
    },
    "idx": "tdMityw0zq"
}