{
    "skin": {
        "n": 1.4,
        "g": 0.94,
        "muspx": 33.822149372065006,
        "bmie": 0.9097301993313323
    },
    "fat": {
        "n": 1.4,
        "g": 0.94,
        "muspx": 28.886709289546594,
        "bmie": 0.9224902606414073
    },
    "muscle": {
        "n": 1.4,
        "g": 0.94,
        "muspx": 12.780096571799644,
        "bmie": 1.3318535336791348
    },
    "IJV": {
        "n": 1.4,
        "g": 0.94,
        "muspx": 11.031647293390458,
        "bmie": 1.0
    },
    "CCA": {
        "n": 1.4,
        "g": 0.94,
        "muspx": 12.067814997178349,
        "bmie": 1.0
    },
    "geometry": {
        "skin_thickness": 1.3193925936146276,
        "fat_thickness": 1.1102049157665894,
        "ijv_radius": 10.154737953986118,
        "ijv_depth": 15.27079357866292,
        "cca_radius": 2.541221350397587,
        "cca_depth": 25.711301381819162,
        "ijv_cca_distance": 7.916577779051179
    },
    "boundary": {
        "x_size": 150,
        "y_size": 150,
        "z_size": 200
    },
    "idx": "tepYN6WkiB"
}