{
    "skin": {
        "n": 1.4,
        "g": 0.94,
        "muspx": 39.500208733574695,
        "bmie": 1.6147929619694255
    },
    "fat": {
        "n": 1.4,
        "g": 0.94,
        "muspx": 15.9036866140921,
        "bmie": 0.4833707635927094
    },
    "muscle": {
        "n": 1.4,
        "g": 0.94,
        "muspx": 11.241305997399945,
        "bmie": 1.1925332167024227
    },
    "IJV": {
        "n": 1.4,
        "g": 0.94,
        "muspx": 11.999599409487555,
        "bmie": 1.0
    },
    "CCA": {
        "n": 1.4,
        "g": 0.94,
        "muspx": 14.543632349127881,
        "bmie": 1.0
    },
    "geometry": {
        "skin_thickness": 1.069190036867182,
        "fat_thickness": 0.9204677226691109,
        "ijv_radius": 9.007703300094567,
        "ijv_depth": 14.414097130789093,
        "cca_radius": 2.9063775703588512,
        "cca_depth": 23.73681133690693,
        "ijv_cca_distance": 8.123606174340793
    },
    "boundary": {
        "x_size": 150,
        "y_size": 150,
        "z_size": 200
    },
    "idx": "TlFS7G2p6f"
}