{
    "skin": {
        "n": 1.4,
        "g": 0.94,
        "muspx": 30.635827825068052,
        "bmie": 2.3193701273487655
    },
    "fat": {
        "n": 1.4,
        "g": 0.94,
        "muspx": 35.632775577966385,
        "bmie": 0.7217440822862035
    },
    "muscle": {
        "n": 1.4,
        "g": 0.94,
        "muspx": 11.493982158600693,
        "bmie": 2.0550425250613515
    },
    "IJV": {
        "n": 1.4,
        "g": 0.94,
        "muspx": 19.92113081607236,
        "bmie": 1.0
    },
    "CCA": {
        "n": 1.4,
        "g": 0.94,
        "muspx": 13.111561899706652,
        "bmie": 1.0
    },
    "geometry": {
        "skin_thickness": 0.9910073983630286,
        "fat_thickness": 1.1473188453473089,
        "ijv_radius": 5.963713806906391,
        "ijv_depth": 13.545970833844065,
        "cca_radius": 2.8326770780309003,
        "cca_depth": 25.021156403638955,
        "ijv_cca_distance": 6.431631543975307
    },
    "boundary": {
        "x_size": 70,
        "y_size": 150,
        "z_size": 200
    },
    "idx": "tPRHoLDEFg"
}