{
    "skin": {
        "n": 1.4,
        "g": 0.94,
        "muspx": 40.35907911110321,
        "bmie": 0.843976020792891
    },
    "fat": {
        "n": 1.4,
        "g": 0.94,
        "muspx": 19.453594242387126,
        "bmie": 0.6713357863020392
    },
    "muscle": {
        "n": 1.4,
        "g": 0.94,
        "muspx": 12.085624710751453,
        "bmie": 1.2726017806760237
    },
    "IJV": {
        "n": 1.4,
        "g": 0.94,
        "muspx": 15.007538068726042,
        "bmie": 1.0
    },
    "CCA": {
        "n": 1.4,
        "g": 0.94,
        "muspx": 18.24610745779094,
        "bmie": 1.0
    },
    "geometry": {
        "skin_thickness": 0.6434187040715896,
        "fat_thickness": 1.2743607386709495,
        "ijv_radius": 6.6373861209399445,
        "ijv_depth": 11.243498442014474,
        "cca_radius": 2.6246859310457693,
        "cca_depth": 9.979132529338894,
        "ijv_cca_distance": 9.697418767060208
    },
    "boundary": {
        "x_size": 150,
        "y_size": 150,
        "z_size": 200
    },
    "idx": "tR6tS3yFCA"
}