{
    "skin": {
        "n": 1.4,
        "g": 0.94,
        "muspx": 41.48722625463216,
        "bmie": 2.1646212930655055
    },
    "fat": {
        "n": 1.4,
        "g": 0.94,
        "muspx": 25.051895642527715,
        "bmie": 0.9029332782804294
    },
    "muscle": {
        "n": 1.4,
        "g": 0.94,
        "muspx": 12.610026430893841,
        "bmie": 1.4850232486878676
    },
    "IJV": {
        "n": 1.4,
        "g": 0.94,
        "muspx": 11.86696257737575,
        "bmie": 1.0
    },
    "CCA": {
        "n": 1.4,
        "g": 0.94,
        "muspx": 18.15616009967584,
        "bmie": 1.0
    },
    "geometry": {
        "skin_thickness": 1.0602374297075858,
        "fat_thickness": 1.1766725122488375,
        "ijv_radius": 2.559396640201266,
        "ijv_depth": 11.65478265370475,
        "cca_radius": 4.190008347578365,
        "cca_depth": 7.429011997968922,
        "ijv_cca_distance": 7.46705504583136
    },
    "boundary": {
        "x_size": 150,
        "y_size": 150,
        "z_size": 200
    },
    "idx": "u0C3zcUqgR"
}