{
    "skin": {
        "n": 1.4,
        "g": 0.94,
        "muspx": 31.2089097626253,
        "bmie": 0.7327165934504776
    },
    "fat": {
        "n": 1.4,
        "g": 0.94,
        "muspx": 30.363707430182963,
        "bmie": 0.9423333516100015
    },
    "muscle": {
        "n": 1.4,
        "g": 0.94,
        "muspx": 10.197423212558515,
        "bmie": 2.713763421350498
    },
    "IJV": {
        "n": 1.4,
        "g": 0.94,
        "muspx": 17.688206237172377,
        "bmie": 1.0
    },
    "CCA": {
        "n": 1.4,
        "g": 0.94,
        "muspx": 15.397477661718174,
        "bmie": 1.0
    },
    "geometry": {
        "skin_thickness": 0.5190537841410945,
        "fat_thickness": 0.6198478723721237,
        "ijv_radius": 4.579180006199966,
        "ijv_depth": 10.834604071801214,
        "cca_radius": 3.5068246524029583,
        "cca_depth": 18.899428569120666,
        "ijv_cca_distance": 5.372828449836527
    },
    "boundary": {
        "x_size": 70,
        "y_size": 150,
        "z_size": 200
    },
    "idx": "u23J054rIi"
}