{
    "skin": {
        "n": 1.4,
        "g": 0.94,
        "muspx": 31.208777972035428,
        "bmie": 2.104922088419331
    },
    "fat": {
        "n": 1.4,
        "g": 0.94,
        "muspx": 33.21560300381084,
        "bmie": 0.724120083018384
    },
    "muscle": {
        "n": 1.4,
        "g": 0.94,
        "muspx": 11.335749476956758,
        "bmie": 1.8508767043540197
    },
    "IJV": {
        "n": 1.4,
        "g": 0.94,
        "muspx": 16.654649836804296,
        "bmie": 1.0
    },
    "CCA": {
        "n": 1.4,
        "g": 0.94,
        "muspx": 10.043633717364184,
        "bmie": 1.0
    },
    "geometry": {
        "skin_thickness": 1.3187436388613198,
        "fat_thickness": 1.1133221303971106,
        "ijv_radius": 4.940292360938813,
        "ijv_depth": 11.481889225851823,
        "cca_radius": 3.1139514422336343,
        "cca_depth": 19.06815170525522,
        "ijv_cca_distance": 5.118638810083107
    },
    "boundary": {
        "x_size": 70,
        "y_size": 150,
        "z_size": 200
    },
    "idx": "uIcRqMWzeK"
}