{
    "skin": {
        "n": 1.4,
        "g": 0.94,
        "muspx": 37.43644820971056,
        "bmie": 1.175971529461521
    },
    "fat": {
        "n": 1.4,
        "g": 0.94,
        "muspx": 29.10047715540673,
        "bmie": 0.3897839271429126
    },
    "muscle": {
        "n": 1.4,
        "g": 0.94,
        "muspx": 12.085635337601204,
        "bmie": 2.4546026172861852
    },
    "IJV": {
        "n": 1.4,
        "g": 0.94,
        "muspx": 13.122527586681286,
        "bmie": 1.0
    },
    "CCA": {
        "n": 1.4,
        "g": 0.94,
        "muspx": 16.848867112431385,
        "bmie": 1.0
    },
    "geometry": {
        "skin_thickness": 0.6932474404924865,
        "fat_thickness": 1.353110347368633,
        "ijv_radius": 4.212429254334837,
        "ijv_depth": 13.642196688578426,
        "cca_radius": 3.9862807751060068,
        "cca_depth": 6.487468236780419,
        "ijv_cca_distance": 5.675722671598092
    },
    "boundary": {
        "x_size": 70,
        "y_size": 150,
        "z_size": 200
    },
    "idx": "UOzYiHXg6J"
}