{
    "skin": {
        "n": 1.4,
        "g": 0.94,
        "muspx": 46.59256204376362,
        "bmie": 1.9897731845527096
    },
    "fat": {
        "n": 1.4,
        "g": 0.94,
        "muspx": 34.25648720984785,
        "bmie": 0.9441169433168067
    },
    "muscle": {
        "n": 1.4,
        "g": 0.94,
        "muspx": 10.840250020121283,
        "bmie": 1.8674269337340537
    },
    "IJV": {
        "n": 1.4,
        "g": 0.94,
        "muspx": 12.630094169335205,
        "bmie": 1.0
    },
    "CCA": {
        "n": 1.4,
        "g": 0.94,
        "muspx": 17.38439664101888,
        "bmie": 1.0
    },
    "geometry": {
        "skin_thickness": 0.7076852944729457,
        "fat_thickness": 0.5006512135498989,
        "ijv_radius": 8.369642500813985,
        "ijv_depth": 9.008735454674895,
        "cca_radius": 3.2528830309015238,
        "cca_depth": 10.417022436313276,
        "ijv_cca_distance": 9.950290041428325
    },
    "boundary": {
        "x_size": 70,
        "y_size": 150,
        "z_size": 200
    },
    "idx": "vkaF5tY17R"
}