{
    "skin": {
        "n": 1.4,
        "g": 0.94,
        "muspx": 35.61936876990941,
        "bmie": 2.4442369671104123
    },
    "fat": {
        "n": 1.4,
        "g": 0.94,
        "muspx": 30.645475566084922,
        "bmie": 0.4436123286056226
    },
    "muscle": {
        "n": 1.4,
        "g": 0.94,
        "muspx": 11.6437688182787,
        "bmie": 2.5261758793951024
    },
    "IJV": {
        "n": 1.4,
        "g": 0.94,
        "muspx": 14.83750230112998,
        "bmie": 1.0
    },
    "CCA": {
        "n": 1.4,
        "g": 0.94,
        "muspx": 11.609993817723293,
        "bmie": 1.0
    },
    "geometry": {
        "skin_thickness": 0.5494989269074462,
        "fat_thickness": 1.1187534689843077,
        "ijv_radius": 5.82175827968588,
        "ijv_depth": 15.375371435253948,
        "cca_radius": 2.6439449567364366,
        "cca_depth": 25.273025262149833,
        "ijv_cca_distance": 9.104135590048628
    },
    "boundary": {
        "x_size": 150,
        "y_size": 150,
        "z_size": 200
    },
    "idx": "VM5ElISURb"
}