{
    "skin": {
        "n": 1.4,
        "g": 0.94,
        "muspx": 41.938996669034836,
        "bmie": 0.8431310781477098
    },
    "fat": {
        "n": 1.4,
        "g": 0.94,
        "muspx": 30.868376473690844,
        "bmie": 0.8250879816960945
    },
    "muscle": {
        "n": 1.4,
        "g": 0.94,
        "muspx": 11.141186989576342,
        "bmie": 2.662070141794901
    },
    "IJV": {
        "n": 1.4,
        "g": 0.94,
        "muspx": 18.127334045676676,
        "bmie": 1.0
    },
    "CCA": {
        "n": 1.4,
        "g": 0.94,
        "muspx": 19.33586868094833,
        "bmie": 1.0
    },
    "geometry": {
        "skin_thickness": 0.6413380814103529,
        "fat_thickness": 0.845154960530976,
        "ijv_radius": 2.5184442865969254,
        "ijv_depth": 13.469942255954516,
        "cca_radius": 2.7911822745886363,
        "cca_depth": 22.553024735770247,
        "ijv_cca_distance": 9.554251827088986
    },
    "boundary": {
        "x_size": 70,
        "y_size": 150,
        "z_size": 200
    },
    "idx": "VQNoXt7TP1"
}