{
    "skin": {
        "n": 1.4,
        "g": 0.94,
        "muspx": 37.44932266616468,
        "bmie": 1.7351859987455653
    },
    "fat": {
        "n": 1.4,
        "g": 0.94,
        "muspx": 15.500892186512685,
        "bmie": 0.8468345936286804
    },
    "muscle": {
        "n": 1.4,
        "g": 0.94,
        "muspx": 12.837034675467537,
        "bmie": 2.0088122279473692
    },
    "IJV": {
        "n": 1.4,
        "g": 0.94,
        "muspx": 18.910584671488092,
        "bmie": 1.0
    },
    "CCA": {
        "n": 1.4,
        "g": 0.94,
        "muspx": 18.94730506859635,
        "bmie": 1.0
    },
    "geometry": {
        "skin_thickness": 0.5295633705054128,
        "fat_thickness": 0.7046602504350592,
        "ijv_radius": 6.89828366014622,
        "ijv_depth": 3.392082037808524,
        "cca_radius": 3.9935964709596043,
        "cca_depth": 8.240424396186977,
        "ijv_cca_distance": 8.047624072185942
    },
    "boundary": {
        "x_size": 70,
        "y_size": 150,
        "z_size": 200
    },
    "idx": "vrcUw8klvG"
}