{
    "skin": {
        "n": 1.4,
        "g": 0.94,
        "muspx": 41.499050137665435,
        "bmie": 1.7734488372090134
    },
    "fat": {
        "n": 1.4,
        "g": 0.94,
        "muspx": 19.399186404520123,
        "bmie": 0.8190602715284911
    },
    "muscle": {
        "n": 1.4,
        "g": 0.94,
        "muspx": 11.771670791888514,
        "bmie": 2.0456709549409173
    },
    "IJV": {
        "n": 1.4,
        "g": 0.94,
        "muspx": 14.823475867233858,
        "bmie": 1.0
    },
    "CCA": {
        "n": 1.4,
        "g": 0.94,
        "muspx": 18.31801934850363,
        "bmie": 1.0
    },
    "geometry": {
        "skin_thickness": 1.327126003035739,
        "fat_thickness": 0.6358177463964504,
        "ijv_radius": 9.305156993419729,
        "ijv_depth": 15.65686329442103,
        "cca_radius": 2.9122458909530415,
        "cca_depth": 6.086922868818398,
        "ijv_cca_distance": 8.722093009729113
    },
    "boundary": {
        "x_size": 150,
        "y_size": 150,
        "z_size": 200
    },
    "idx": "w2TVhYFJ7I"
}