{
    "skin": {
        "n": 1.4,
        "g": 0.94,
        "muspx": 46.88844017404483,
        "bmie": 0.9167011842902041
    },
    "fat": {
        "n": 1.4,
        "g": 0.94,
        "muspx": 16.790062687065564,
        "bmie": 0.9443884672096013
    },
    "muscle": {
        "n": 1.4,
        "g": 0.94,
        "muspx": 12.181945390544227,
        "bmie": 2.774280058807254
    },
    "IJV": {
        "n": 1.4,
        "g": 0.94,
        "muspx": 11.399719609600043,
        "bmie": 1.0
    },
    "CCA": {
        "n": 1.4,
        "g": 0.94,
        "muspx": 15.959414484437907,
        "bmie": 1.0
    },
    "geometry": {
        "skin_thickness": 0.6171646177539517,
        "fat_thickness": 1.013074009563676,
        "ijv_radius": 6.177534669372719,
        "ijv_depth": 8.565530906295542,
        "cca_radius": 3.0131625496581567,
        "cca_depth": 21.96987105413801,
        "ijv_cca_distance": 7.885603254979387
    },
    "boundary": {
        "x_size": 150,
        "y_size": 150,
        "z_size": 200
    },
    "idx": "W8iojwA4ks"
}