{
    "skin": {
        "n": 1.4,
        "g": 0.94,
        "muspx": 38.488105732410254,
        "bmie": 2.2154051488633857
    },
    "fat": {
        "n": 1.4,
        "g": 0.94,
        "muspx": 34.20593055846375,
        "bmie": 0.9400128894150553
    },
    "muscle": {
        "n": 1.4,
        "g": 0.94,
        "muspx": 12.913860753565505,
        "bmie": 1.8000080437525132
    },
    "IJV": {
        "n": 1.4,
        "g": 0.94,
        "muspx": 13.410576769589625,
        "bmie": 1.0
    },
    "CCA": {
        "n": 1.4,
        "g": 0.94,
        "muspx": 15.531592694437869,
        "bmie": 1.0
    },
    "geometry": {
        "skin_thickness": 0.9121965133772445,
        "fat_thickness": 1.0199134579928861,
        "ijv_radius": 10.250849618991982,
        "ijv_depth": 14.336977119001563,
        "cca_radius": 4.439300238367552,
        "cca_depth": 18.61163319548189,
        "ijv_cca_distance": 8.690363436068642
    },
    "boundary": {
        "x_size": 70,
        "y_size": 150,
        "z_size": 200
    },
    "idx": "WfKXeLlkiW"
}