{
    "skin": {
        "n": 1.4,
        "g": 0.94,
        "muspx": 45.26754909146685,
        "bmie": 1.7171543552880366
    },
    "fat": {
        "n": 1.4,
        "g": 0.94,
        "muspx": 22.952771603263944,
        "bmie": 0.8078667549247924
    },
    "muscle": {
        "n": 1.4,
        "g": 0.94,
        "muspx": 9.834078889942496,
        "bmie": 2.7801199773247505
    },
    "IJV": {
        "n": 1.4,
        "g": 0.94,
        "muspx": 18.20625127114781,
        "bmie": 1.0
    },
    "CCA": {
        "n": 1.4,
        "g": 0.94,
        "muspx": 12.00455155590394,
        "bmie": 1.0
    },
    "geometry": {
        "skin_thickness": 1.0728303970810278,
        "fat_thickness": 0.5379171890836824,
        "ijv_radius": 9.378106690972063,
        "ijv_depth": 14.756668790569925,
        "cca_radius": 3.5028678986992556,
        "cca_depth": 25.63720258762359,
        "ijv_cca_distance": 7.943829146671838
    },
    "boundary": {
        "x_size": 150,
        "y_size": 150,
        "z_size": 200
    },
    "idx": "Wi5rBnoj7Q"
}