{
    "skin": {
        "n": 1.4,
        "g": 0.94,
        "muspx": 38.83538073793537,
        "bmie": 2.145357578084175
    },
    "fat": {
        "n": 1.4,
        "g": 0.94,
        "muspx": 31.33859010491301,
        "bmie": 0.8126986875060415
    },
    "muscle": {
        "n": 1.4,
        "g": 0.94,
        "muspx": 12.22360017827492,
        "bmie": 0.938559467425051
    },
    "IJV": {
        "n": 1.4,
        "g": 0.94,
        "muspx": 18.033907037184154,
        "bmie": 1.0
    },
    "CCA": {
        "n": 1.4,
        "g": 0.94,
        "muspx": 11.682091010033869,
        "bmie": 1.0
    },
    "geometry": {
        "skin_thickness": 1.3697113307421,
        "fat_thickness": 0.8145799581110993,
        "ijv_radius": 4.487869112729832,
        "ijv_depth": 10.97025870817906,
        "cca_radius": 2.942199794312585,
        "cca_depth": 8.67259508174073,
        "ijv_cca_distance": 9.124548249744993
    },
    "boundary": {
        "x_size": 150,
        "y_size": 150,
        "z_size": 200
    },
    "idx": "Wy39iAZz4N"
}