{
    "skin": {
        "n": 1.4,
        "g": 0.94,
        "muspx": 40.98519618977197,
        "bmie": 0.7120454400409227
    },
    "fat": {
        "n": 1.4,
        "g": 0.94,
        "muspx": 20.14825094546416,
        "bmie": 0.7708314900586826
    },
    "muscle": {
        "n": 1.4,
        "g": 0.94,
        "muspx": 10.408860693720532,
        "bmie": 1.1041425463714039
    },
    "IJV": {
        "n": 1.4,
        "g": 0.94,
        "muspx": 13.771848419671574,
        "bmie": 1.0
    },
    "CCA": {
        "n": 1.4,
        "g": 0.94,
        "muspx": 19.390745534319663,
        "bmie": 1.0
    },
    "geometry": {
        "skin_thickness": 0.842845306777916,
        "fat_thickness": 0.9108855891855706,
        "ijv_radius": 10.227063550952652,
        "ijv_depth": 4.987470883969737,
        "cca_radius": 3.70823135176016,
        "cca_depth": 24.062314151490632,
        "ijv_cca_distance": 7.0321146747974055
    },
    "boundary": {
        "x_size": 70,
        "y_size": 150,
        "z_size": 200
    },
    "idx": "xwc8Np7SDi"
}