{
    "skin": {
        "n": 1.4,
        "g": 0.94,
        "muspx": 31.44101756790449,
        "bmie": 2.3930128207152066
    },
    "fat": {
        "n": 1.4,
        "g": 0.94,
        "muspx": 30.413128245156503,
        "bmie": 0.5407196431560319
    },
    "muscle": {
        "n": 1.4,
        "g": 0.94,
        "muspx": 10.834714233549152,
        "bmie": 1.017629440236872
    },
    "IJV": {
        "n": 1.4,
        "g": 0.94,
        "muspx": 12.095580046191955,
        "bmie": 1.0
    },
    "CCA": {
        "n": 1.4,
        "g": 0.94,
        "muspx": 11.21432186143203,
        "bmie": 1.0
    },
    "geometry": {
        "skin_thickness": 0.5085223018127033,
        "fat_thickness": 1.1876506867879577,
        "ijv_radius": 4.680741859794785,
        "ijv_depth": 13.566285724324702,
        "cca_radius": 2.9265218511772715,
        "cca_depth": 22.73490021465586,
        "ijv_cca_distance": 5.966778616270763
    },
    "boundary": {
        "x_size": 150,
        "y_size": 150,
        "z_size": 200
    },
    "idx": "Xx0aJTIFog"
}