{
    "skin": {
        "n": 1.4,
        "g": 0.94,
        "muspx": 30.22039993171351,
        "bmie": 1.090841897457228
    },
    "fat": {
        "n": 1.4,
        "g": 0.94,
        "muspx": 34.39004901186003,
        "bmie": 0.45770408698971166
    },
    "muscle": {
        "n": 1.4,
        "g": 0.94,
        "muspx": 11.449138831118638,
        "bmie": 1.1757368180570598
    },
    "IJV": {
        "n": 1.4,
        "g": 0.94,
        "muspx": 17.187800313103573,
        "bmie": 1.0
    },
    "CCA": {
        "n": 1.4,
        "g": 0.94,
        "muspx": 17.734942596207887,
        "bmie": 1.0
    },
    "geometry": {
        "skin_thickness": 0.6235363477097805,
        "fat_thickness": 1.3013679183125628,
        "ijv_radius": 6.926306109374277,
        "ijv_depth": 9.425027931101475,
        "cca_radius": 3.7571923646684064,
        "cca_depth": 23.471780802432843,
        "ijv_cca_distance": 8.07246739661376
    },
    "boundary": {
        "x_size": 150,
        "y_size": 150,
        "z_size": 200
    },
    "idx": "XzjC4e16np"
}