{
    "skin": {
        "n": 1.4,
        "g": 0.94,
        "muspx": 35.541061577790316,
        "bmie": 1.7802939106894344
    },
    "fat": {
        "n": 1.4,
        "g": 0.94,
        "muspx": 20.759916103480474,
        "bmie": 0.6580571641644357
    },
    "muscle": {
        "n": 1.4,
        "g": 0.94,
        "muspx": 10.77680113124548,
        "bmie": 1.5719675157514246
    },
    "IJV": {
        "n": 1.4,
        "g": 0.94,
        "muspx": 13.29148411416261,
        "bmie": 1.0
    },
    "CCA": {
        "n": 1.4,
        "g": 0.94,
        "muspx": 13.498739254175188,
        "bmie": 1.0
    },
    "geometry": {
        "skin_thickness": 1.1240667830427031,
        "fat_thickness": 0.9102168945108877,
        "ijv_radius": 5.729569984644492,
        "ijv_depth": 8.613566603942267,
        "cca_radius": 3.2800201646618974,
        "cca_depth": 23.814511988457767,
        "ijv_cca_distance": 8.627788470441565
    },
    "boundary": {
        "x_size": 150,
        "y_size": 150,
        "z_size": 200
    },
    "idx": "Y0oZvseNw5"
}