{
    "skin": {
        "n": 1.4,
        "g": 0.94,
        "muspx": 34.31498204579167,
        "bmie": 2.089719803511255
    },
    "fat": {
        "n": 1.4,
        "g": 0.94,
        "muspx": 15.960438146636518,
        "bmie": 0.6127921171321304
    },
    "muscle": {
        "n": 1.4,
        "g": 0.94,
        "muspx": 11.476962671796011,
        "bmie": 1.0356482491701464
    },
    "IJV": {
        "n": 1.4,
        "g": 0.94,
        "muspx": 17.294684018848468,
        "bmie": 1.0
    },
    "CCA": {
        "n": 1.4,
        "g": 0.94,
        "muspx": 13.476039034750329,
        "bmie": 1.0
    },
    "geometry": {
        "skin_thickness": 1.3411894198797185,
        "fat_thickness": 0.7254514988226111,
        "ijv_radius": 9.677486239426376,
        "ijv_depth": 14.7305494068151,
        "cca_radius": 2.8345589548957904,
        "cca_depth": 22.85993428504311,
        "ijv_cca_distance": 9.511405116489335
    },
    "boundary": {
        "x_size": 150,
        "y_size": 150,
        "z_size": 200
    },
    "idx": "YaPj7iR5hJ"
}