{
    "skin": {
        "n": 1.4,
        "g": 0.94,
        "muspx": 40.42411339638803,
        "bmie": 1.0302736983017686
    },
    "fat": {
        "n": 1.4,
        "g": 0.94,
        "muspx": 20.580766815248403,
        "bmie": 0.9659041999180447
    },
    "muscle": {
        "n": 1.4,
        "g": 0.94,
        "muspx": 12.511567110378984,
        "bmie": 2.748460440209529
    },
    "IJV": {
        "n": 1.4,
        "g": 0.94,
        "muspx": 16.05978347337785,
        "bmie": 1.0
    },
    "CCA": {
        "n": 1.4,
        "g": 0.94,
        "muspx": 14.649786300358773,
        "bmie": 1.0
    },
    "geometry": {
        "skin_thickness": 0.5860722741086768,
        "fat_thickness": 0.6684590994869951,
        "ijv_radius": 7.622070940872068,
        "ijv_depth": 4.20481626772145,
        "cca_radius": 2.9255496557049634,
        "cca_depth": 15.301982352678058,
        "ijv_cca_distance": 7.337984878837865
    },
    "boundary": {
        "x_size": 70,
        "y_size": 150,
        "z_size": 200
    },
    "idx": "yK8Sd5HcMr"
}