{
    "skin": {
        "n": 1.4,
        "g": 0.94,
        "muspx": 43.91522221390506,
        "bmie": 1.6608753800025327
    },
    "fat": {
        "n": 1.4,
        "g": 0.94,
        "muspx": 33.50561126576798,
        "bmie": 0.7158520401591886
    },
    "muscle": {
        "n": 1.4,
        "g": 0.94,
        "muspx": 11.191888358980078,
        "bmie": 1.545143330013489
    },
    "IJV": {
        "n": 1.4,
        "g": 0.94,
        "muspx": 17.9701383619668,
        "bmie": 1.0
    },
    "CCA": {
        "n": 1.4,
        "g": 0.94,
        "muspx": 19.54830521794745,
        "bmie": 1.0
    },
    "geometry": {
        "skin_thickness": 1.332548125325741,
        "fat_thickness": 0.6356488873685922,
        "ijv_radius": 9.891424323452043,
        "ijv_depth": 15.31087067052535,
        "cca_radius": 2.6056109121256337,
        "cca_depth": 23.603140208559772,
        "ijv_cca_distance": 9.375547563569217
    },
    "boundary": {
        "x_size": 150,
        "y_size": 150,
        "z_size": 200
    },
    "idx": "YNBgrcQmk7"
}