{
    "skin": {
        "n": 1.4,
        "g": 0.94,
        "muspx": 30.888783463739614,
        "bmie": 2.162646927187936
    },
    "fat": {
        "n": 1.4,
        "g": 0.94,
        "muspx": 16.714107145126476,
        "bmie": 0.7943320330382744
    },
    "muscle": {
        "n": 1.4,
        "g": 0.94,
        "muspx": 11.967824534446223,
        "bmie": 2.105059521648249
    },
    "IJV": {
        "n": 1.4,
        "g": 0.94,
        "muspx": 17.983858237084497,
        "bmie": 1.0
    },
    "CCA": {
        "n": 1.4,
        "g": 0.94,
        "muspx": 11.852091200715682,
        "bmie": 1.0
    },
    "geometry": {
        "skin_thickness": 1.336326974781442,
        "fat_thickness": 1.3944945479600732,
        "ijv_radius": 4.2586024193741645,
        "ijv_depth": 7.062345498308641,
        "cca_radius": 4.10256428155693,
        "cca_depth": 8.622577291860305,
        "ijv_cca_distance": 9.109421835393825
    },
    "boundary": {
        "x_size": 150,
        "y_size": 150,
        "z_size": 200
    },
    "idx": "ynJ5k4IFzQ"
}