{
    "skin": {
        "n": 1.4,
        "g": 0.94,
        "muspx": 46.03350553157768,
        "bmie": 1.9037605663290669
    },
    "fat": {
        "n": 1.4,
        "g": 0.94,
        "muspx": 17.685734550839538,
        "bmie": 0.7874251697907007
    },
    "muscle": {
        "n": 1.4,
        "g": 0.94,
        "muspx": 9.80059873021692,
        "bmie": 1.7915266940640473
    },
    "IJV": {
        "n": 1.4,
        "g": 0.94,
        "muspx": 13.587597569781506,
        "bmie": 1.0
    },
    "CCA": {
        "n": 1.4,
        "g": 0.94,
        "muspx": 18.77218307626852,
        "bmie": 1.0
    },
    "geometry": {
        "skin_thickness": 0.7620999419238583,
        "fat_thickness": 1.4222113649687338,
        "ijv_radius": 4.443779910733657,
        "ijv_depth": 13.245563800745442,
        "cca_radius": 3.9877241066404534,
        "cca_depth": 25.297819076551917,
        "ijv_cca_distance": 8.743558018400673
    },
    "boundary": {
        "x_size": 150,
        "y_size": 150,
        "z_size": 200
    },
    "idx": "YoKIqMkiZT"
}