{
    "skin": {
        "n": 1.4,
        "g": 0.94,
        "muspx": 30.68380081797168,
        "bmie": 2.32412538600795
    },
    "fat": {
        "n": 1.4,
        "g": 0.94,
        "muspx": 26.348423428698226,
        "bmie": 0.6764888055862608
    },
    "muscle": {
        "n": 1.4,
        "g": 0.94,
        "muspx": 10.310792803314623,
        "bmie": 1.917853205017213
    },
    "IJV": {
        "n": 1.4,
        "g": 0.94,
        "muspx": 13.233588255352114,
        "bmie": 1.0
    },
    "CCA": {
        "n": 1.4,
        "g": 0.94,
        "muspx": 14.001614336969933,
        "bmie": 1.0
    },
    "geometry": {
        "skin_thickness": 0.8402686059266009,
        "fat_thickness": 1.3717817741335505,
        "ijv_radius": 8.394939874851403,
        "ijv_depth": 3.265251290641559,
        "cca_radius": 4.11803404578624,
        "cca_depth": 10.694837807981067,
        "ijv_cca_distance": 7.760921975758146
    },
    "boundary": {
        "x_size": 70,
        "y_size": 150,
        "z_size": 200
    },
    "idx": "YUDCiNO0cA"
}