{
    "skin": {
        "n": 1.4,
        "g": 0.94,
        "muspx": 30.015948159928477,
        "bmie": 1.116536599341638
    },
    "fat": {
        "n": 1.4,
        "g": 0.94,
        "muspx": 33.13681744015578,
        "bmie": 0.6659349027192776
    },
    "muscle": {
        "n": 1.4,
        "g": 0.94,
        "muspx": 10.611089092351127,
        "bmie": 1.367896102331051
    },
    "IJV": {
        "n": 1.4,
        "g": 0.94,
        "muspx": 16.98626226240881,
        "bmie": 1.0
    },
    "CCA": {
        "n": 1.4,
        "g": 0.94,
        "muspx": 11.558973076737258,
        "bmie": 1.0
    },
    "geometry": {
        "skin_thickness": 0.8732428438794633,
        "fat_thickness": 0.741822169207528,
        "ijv_radius": 3.582154880180388,
        "ijv_depth": 6.774745411708098,
        "cca_radius": 3.3601836724185272,
        "cca_depth": 21.353694163582027,
        "ijv_cca_distance": 5.962202946942505
    },
    "boundary": {
        "x_size": 150,
        "y_size": 150,
        "z_size": 200
    },
    "idx": "yvnTKzyxts"
}