{
    "skin": {
        "n": 1.4,
        "g": 0.94,
        "muspx": 32.93779007505989,
        "bmie": 1.6456416760420822
    },
    "fat": {
        "n": 1.4,
        "g": 0.94,
        "muspx": 32.57089345177056,
        "bmie": 0.5648630717942948
    },
    "muscle": {
        "n": 1.4,
        "g": 0.94,
        "muspx": 12.53420841848478,
        "bmie": 2.2210734057600203
    },
    "IJV": {
        "n": 1.4,
        "g": 0.94,
        "muspx": 10.869847716558453,
        "bmie": 1.0
    },
    "CCA": {
        "n": 1.4,
        "g": 0.94,
        "muspx": 19.517031248587934,
        "bmie": 1.0
    },
    "geometry": {
        "skin_thickness": 0.9882173785874052,
        "fat_thickness": 0.5897317418503802,
        "ijv_radius": 8.49615177339231,
        "ijv_depth": 3.1099674723396005,
        "cca_radius": 3.0262535795194276,
        "cca_depth": 12.82446019974193,
        "ijv_cca_distance": 7.93397888437223
    },
    "boundary": {
        "x_size": 70,
        "y_size": 150,
        "z_size": 200
    },
    "idx": "yXqAmgzwbI"
}