{
    "skin": {
        "n": 1.4,
        "g": 0.94,
        "muspx": 43.648288655919245,
        "bmie": 1.0893004400373552
    },
    "fat": {
        "n": 1.4,
        "g": 0.94,
        "muspx": 29.834984631677305,
        "bmie": 0.517465966886428
    },
    "muscle": {
        "n": 1.4,
        "g": 0.94,
        "muspx": 10.797769508642919,
        "bmie": 1.7700345224113383
    },
    "IJV": {
        "n": 1.4,
        "g": 0.94,
        "muspx": 16.02036234434677,
        "bmie": 1.0
    },
    "CCA": {
        "n": 1.4,
        "g": 0.94,
        "muspx": 11.162940567622039,
        "bmie": 1.0
    },
    "geometry": {
        "skin_thickness": 1.0593653355868717,
        "fat_thickness": 1.2276323323728957,
        "ijv_radius": 4.612489655502738,
        "ijv_depth": 13.491485527038838,
        "cca_radius": 4.194025955723516,
        "cca_depth": 25.075503838639232,
        "ijv_cca_distance": 6.52861928997409
    },
    "boundary": {
        "x_size": 150,
        "y_size": 150,
        "z_size": 200
    },
    "idx": "ZA8xLl1EzF"
}