{
    "skin": {
        "n": 1.4,
        "g": 0.94,
        "muspx": 34.517948217704514,
        "bmie": 1.5620243915581637
    },
    "fat": {
        "n": 1.4,
        "g": 0.94,
        "muspx": 31.049430768058105,
        "bmie": 0.7536171863780136
    },
    "muscle": {
        "n": 1.4,
        "g": 0.94,
        "muspx": 12.344983834577006,
        "bmie": 1.0173880310142505
    },
    "IJV": {
        "n": 1.4,
        "g": 0.94,
        "muspx": 16.087129780689747,
        "bmie": 1.0
    },
    "CCA": {
        "n": 1.4,
        "g": 0.94,
        "muspx": 13.82987503434276,
        "bmie": 1.0
    },
    "geometry": {
        "skin_thickness": 0.5011400096388291,
        "fat_thickness": 0.5687406581646416,
        "ijv_radius": 8.917783188860977,
        "ijv_depth": 10.544167805319866,
        "cca_radius": 3.658929293044042,
        "cca_depth": 25.054101314280203,
        "ijv_cca_distance": 8.05334419293627
    },
    "boundary": {
        "x_size": 150,
        "y_size": 150,
        "z_size": 200
    },
    "idx": "ZEue20fSIR"
}