{
    "skin": {
        "n": 1.4,
        "g": 0.94,
        "muspx": 38.63764799136847,
        "bmie": 0.9645018890971805
    },
    "fat": {
        "n": 1.4,
        "g": 0.94,
        "muspx": 20.861285428251737,
        "bmie": 0.7087680612129252
    },
    "muscle": {
        "n": 1.4,
        "g": 0.94,
        "muspx": 12.050954559058502,
        "bmie": 2.671103318880825
    },
    "IJV": {
        "n": 1.4,
        "g": 0.94,
        "muspx": 10.196274641336506,
        "bmie": 1.0
    },
    "CCA": {
        "n": 1.4,
        "g": 0.94,
        "muspx": 19.964603326971776,
        "bmie": 1.0
    },
    "geometry": {
        "skin_thickness": 0.7857577174863675,
        "fat_thickness": 0.8567593322359095,
        "ijv_radius": 8.121391044529647,
        "ijv_depth": 14.28248213550572,
        "cca_radius": 2.640260941631161,
        "cca_depth": 24.111839666863883,
        "ijv_cca_distance": 7.177493427788157
    },
    "boundary": {
        "x_size": 150,
        "y_size": 150,
        "z_size": 200
    },
    "idx": "ZinSxag9dV"
}