{
    "skin": {
        "n": 1.4,
        "g": 0.94,
        "muspx": 46.62865840974978,
        "bmie": 1.04974681994959
    },
    "fat": {
        "n": 1.4,
        "g": 0.94,
        "muspx": 20.188727685986578,
        "bmie": 0.8809099370368192
    },
    "muscle": {
        "n": 1.4,
        "g": 0.94,
        "muspx": 11.391219879468037,
        "bmie": 1.4752615184423548
    },
    "IJV": {
        "n": 1.4,
        "g": 0.94,
        "muspx": 15.03280056792397,
        "bmie": 1.0
    },
    "CCA": {
        "n": 1.4,
        "g": 0.94,
        "muspx": 10.167569091382225,
        "bmie": 1.0
    },
    "geometry": {
        "skin_thickness": 0.7193696613384014,
        "fat_thickness": 1.0111066750777256,
        "ijv_radius": 5.9009200886622555,
        "ijv_depth": 15.490059350997667,
        "cca_radius": 3.6083178867058674,
        "cca_depth": 8.083239128266698,
        "ijv_cca_distance": 8.139799271828192
    },
    "boundary": {
        "x_size": 150,
        "y_size": 150,
        "z_size": 200
    },
    "idx": "ZPxYbNB3MX"
}