{
    "skin": {
        "n": 1.4,
        "g": 0.94,
        "muspx": 43.39153543359286,
        "bmie": 0.9229671231128479
    },
    "fat": {
        "n": 1.4,
        "g": 0.94,
        "muspx": 19.570272952698758,
        "bmie": 0.392552846947682
    },
    "muscle": {
        "n": 1.4,
        "g": 0.94,
        "muspx": 11.210276541023557,
        "bmie": 1.4833654557849667
    },
    "IJV": {
        "n": 1.4,
        "g": 0.94,
        "muspx": 18.980879862808067,
        "bmie": 1.0
    },
    "CCA": {
        "n": 1.4,
        "g": 0.94,
        "muspx": 15.791367114553683,
        "bmie": 1.0
    },
    "geometry": {
        "skin_thickness": 0.8516926013893547,
        "fat_thickness": 1.2200786227931202,
        "ijv_radius": 4.190419288529666,
        "ijv_depth": 12.936183040574889,
        "cca_radius": 2.5907411273870964,
        "cca_depth": 24.130563718873066,
        "ijv_cca_distance": 7.658500938502229
    },
    "boundary": {
        "x_size": 150,
        "y_size": 150,
        "z_size": 200
    },
    "idx": "ZqyIrEGDaS"
}