{
    "skin": {
        "blood_volume_fraction": 0.018275995320326394,
        "ScvO2": 1.0,
        "water_volume": 0.16180577229740256,
        "fat_volume": 0.47696066744674087,
        "melanin_volume": 0.3429575649355302,
        "collagen_volume": 0,
        "n": 1.4,
        "g": 0.71,
        "muspx": 99.56364846320457,
        "bmie": 2.794889026700507
    },
    "fat": {
        "blood_volume_fraction": 0.12608792633651877,
        "ScvO2": 0.005565411785033761,
        "water_volume": 0,
        "fat_volume": 0.8739120736634813,
        "melanin_volume": 0,
        "collagen_volume": 0,
        "n": 1.4,
        "g": 0.9,
        "muspx": 7.640084845165445,
        "bmie": 2.026586464978363
    },
    "muscle": {
        "blood_volume_fraction": 0.3281265518667057,
        "ScvO2": 0.40755823094877197,
        "water_volume": 0.09016479757414822,
        "fat_volume": 0,
        "melanin_volume": 0,
        "collagen_volume": 0.5817086505591461,
        "n": 1.4,
        "g": 0.9,
        "muspx": 13.702501523800674,
        "bmie": 1.1745625453045134
    },
    "IJV": {
        "blood_volume_fraction": 1.0,
        "ScvO2": 0.6165656200290777,
        "water_volume": 0,
        "fat_volume": 0,
        "melanin_volume": 0,
        "collagen_volume": 0,
        "n": 1.4,
        "g": 0.9,
        "muspx": 0.0,
        "bmie": 0.10032689200851692
    },
    "CCA": {
        "blood_volume_fraction": 1.0,
        "ScvO2": 1.0,
        "water_volume": 0,
        "fat_volume": 0,
        "melanin_volume": 0,
        "collagen_volume": 0,
        "n": 1.4,
        "g": 0.94,
        "muspx": 1.7395892700337992,
        "bmie": 0.5949649276007217
    },
    "geometry": [
        2,
        2.25,
        5.21,
        13,
        6,
        16,
        3
    ],
    "spec_rmsp": 7.57845708940364,
    "absorb_rmsp": 78.9360125846719
}