{
    "skin": {
        "blood_volume_fraction": 0.0,
        "ScvO2": 1.0,
        "water_volume": 0.2842614246227679,
        "fat_volume": 0.0,
        "melanin_volume": 0.83678310376045,
        "collagen_volume": 0,
        "n": 1.4,
        "g": 0.71,
        "muspx": 44.90816228350082,
        "bmie": 1.3821277164921077
    },
    "fat": {
        "blood_volume_fraction": 0.06585049743722647,
        "ScvO2": 0.0,
        "water_volume": 0,
        "fat_volume": 0.9341495025627735,
        "melanin_volume": 0,
        "collagen_volume": 0,
        "n": 1.4,
        "g": 0.9,
        "muspx": 15.828476491272239,
        "bmie": 0.7226522609418768
    },
    "muscle": {
        "blood_volume_fraction": 0.16085406843422012,
        "ScvO2": 0.0,
        "water_volume": 0.09231943252612496,
        "fat_volume": 0,
        "melanin_volume": 0,
        "collagen_volume": 0.746826499039655,
        "n": 1.4,
        "g": 0.9,
        "muspx": 13.427516296141311,
        "bmie": 3.7893843974176615
    },
    "IJV": {
        "blood_volume_fraction": 1.0,
        "ScvO2": 0.5158551121240545,
        "water_volume": 0,
        "fat_volume": 0,
        "melanin_volume": 0,
        "collagen_volume": 0,
        "n": 1.4,
        "g": 0.9,
        "muspx": 0.0,
        "bmie": 0.9445097479137896
    },
    "CCA": {
        "blood_volume_fraction": 1.0,
        "ScvO2": 0.7529965534491203,
        "water_volume": 0,
        "fat_volume": 0,
        "melanin_volume": 0,
        "collagen_volume": 0,
        "n": 1.4,
        "g": 0.94,
        "muspx": 0.7223059368133282,
        "bmie": 1.5571195614546367
    },
    "geometry": [
        2,
        2.25,
        5.21,
        13,
        6,
        16,
        3
    ],
    "spec_rmsp": 19.39781104829229,
    "absorb_rmsp": 74.40197544878541
}