{
    "skin": {
        "blood_volume_fraction": 0.031264568378655114,
        "ScvO2": 0.6526665673011756,
        "water_volume": 0.24610514684608015,
        "fat_volume": 0.09897764307993136,
        "melanin_volume": 0.6236526416953335,
        "collagen_volume": 0,
        "n": 1.4,
        "g": 0.71,
        "muspx": 59.392295823378696,
        "bmie": 2.6336754032355207
    },
    "fat": {
        "blood_volume_fraction": 0.040974941791935886,
        "ScvO2": 0.001095759493325424,
        "water_volume": 0,
        "fat_volume": 0.9590250582080642,
        "melanin_volume": 0,
        "collagen_volume": 0,
        "n": 1.4,
        "g": 0.9,
        "muspx": 9.769157784401738,
        "bmie": 1.4643917557392059
    },
    "muscle": {
        "blood_volume_fraction": 0.10936904453670225,
        "ScvO2": 0.4927210623535595,
        "water_volume": 0.09052210143516874,
        "fat_volume": 0,
        "melanin_volume": 0,
        "collagen_volume": 0.800108854028129,
        "n": 1.4,
        "g": 0.9,
        "muspx": 14.18938772745647,
        "bmie": 2.5486891895883685
    },
    "IJV": {
        "blood_volume_fraction": 1.0,
        "ScvO2": 0.5853908302128328,
        "water_volume": 0,
        "fat_volume": 0,
        "melanin_volume": 0,
        "collagen_volume": 0,
        "n": 1.4,
        "g": 0.9,
        "muspx": 1.0228743431282925,
        "bmie": 1.1561623366734652
    },
    "CCA": {
        "blood_volume_fraction": 1.0,
        "ScvO2": 0.9409671440725889,
        "water_volume": 0,
        "fat_volume": 0,
        "melanin_volume": 0,
        "collagen_volume": 0,
        "n": 1.4,
        "g": 0.94,
        "muspx": 0.5481544935582454,
        "bmie": 0.9639349590702764
    },
    "geometry": [
        2,
        2.25,
        5.21,
        13,
        6,
        16,
        3
    ],
    "spec_rmsp": 10.067403947758915,
    "absorb_rmsp": 84.92497862482107
}