{
    "skin": {
        "blood_volume_fraction": 0.0005406498706691999,
        "ScvO2": 0.8576685072138324,
        "water_volume": 0.17964944209400477,
        "fat_volume": 0.24929398692113683,
        "melanin_volume": 0.5705159211141891,
        "collagen_volume": 0,
        "n": 1.4,
        "g": 0.71,
        "muspx": 87.37382026259559,
        "bmie": 2.545735885047022
    },
    "fat": {
        "blood_volume_fraction": 0.03752055102227886,
        "ScvO2": 0.001900638967283388,
        "water_volume": 0,
        "fat_volume": 0.9624794489777212,
        "melanin_volume": 0,
        "collagen_volume": 0,
        "n": 1.4,
        "g": 0.9,
        "muspx": 7.855809744957904,
        "bmie": 1.7949285592733677
    },
    "muscle": {
        "blood_volume_fraction": 0.13750287300493333,
        "ScvO2": 0.1343986936892157,
        "water_volume": 0.08966951692018528,
        "fat_volume": 0,
        "melanin_volume": 0,
        "collagen_volume": 0.7728276100748813,
        "n": 1.4,
        "g": 0.9,
        "muspx": 13.073694979408016,
        "bmie": 1.4160972826864087
    },
    "IJV": {
        "blood_volume_fraction": 1.0,
        "ScvO2": 0.6451470648343157,
        "water_volume": 0,
        "fat_volume": 0,
        "melanin_volume": 0,
        "collagen_volume": 0,
        "n": 1.4,
        "g": 0.9,
        "muspx": 0.6889253834892255,
        "bmie": 0.16644621442874702
    },
    "CCA": {
        "blood_volume_fraction": 1.0,
        "ScvO2": 0.9857283475263245,
        "water_volume": 0,
        "fat_volume": 0,
        "melanin_volume": 0,
        "collagen_volume": 0,
        "n": 1.4,
        "g": 0.94,
        "muspx": 2.1064652655817646,
        "bmie": 0.9344571921161742
    },
    "geometry": [
        2,
        2.25,
        5.21,
        13,
        6,
        16,
        3
    ],
    "spec_rmsp": 8.602677934024987,
    "absorb_rmsp": 78.11655993274326
}