{
    "skin": {
        "blood_volume_fraction": 0.009625112134585168,
        "ScvO2": 0.851119113675648,
        "water_volume": 0.15264440633540083,
        "fat_volume": 0.5254514634362919,
        "melanin_volume": 0.31227901809372216,
        "collagen_volume": 0,
        "n": 1.4,
        "g": 0.71,
        "muspx": 99.04836471002561,
        "bmie": 2.7254635817624453
    },
    "fat": {
        "blood_volume_fraction": 0.15582342055633772,
        "ScvO2": 0.008395655426113206,
        "water_volume": 0,
        "fat_volume": 0.8441765794436623,
        "melanin_volume": 0,
        "collagen_volume": 0,
        "n": 1.4,
        "g": 0.9,
        "muspx": 8.719689128961884,
        "bmie": 2.5180475865225493
    },
    "muscle": {
        "blood_volume_fraction": 0.22172758218973027,
        "ScvO2": 0.37817218262820107,
        "water_volume": 0.09068579866759387,
        "fat_volume": 0,
        "melanin_volume": 0,
        "collagen_volume": 0.6875866191426759,
        "n": 1.4,
        "g": 0.9,
        "muspx": 13.585062422666889,
        "bmie": 1.08732230542477
    },
    "IJV": {
        "blood_volume_fraction": 1.0,
        "ScvO2": 0.6192719435326431,
        "water_volume": 0,
        "fat_volume": 0,
        "melanin_volume": 0,
        "collagen_volume": 0,
        "n": 1.4,
        "g": 0.9,
        "muspx": 0.026192545359470354,
        "bmie": 0.0555051215385877
    },
    "CCA": {
        "blood_volume_fraction": 1.0,
        "ScvO2": 0.9996558328846628,
        "water_volume": 0,
        "fat_volume": 0,
        "melanin_volume": 0,
        "collagen_volume": 0,
        "n": 1.4,
        "g": 0.94,
        "muspx": 1.5653032529546258,
        "bmie": 0.19741822409497406
    },
    "geometry": [
        2,
        2.25,
        5.21,
        13,
        6,
        16,
        3
    ],
    "spec_rmsp": 7.166866384046783,
    "absorb_rmsp": 79.128915339217
}