{
    "skin": {
        "blood_volume_fraction": 0.015990259224445996,
        "ScvO2": 0.9604851885650331,
        "water_volume": 0.16131003096225255,
        "fat_volume": 0.4687076435919576,
        "melanin_volume": 0.35399206622134394,
        "collagen_volume": 0,
        "n": 1.4,
        "g": 0.71,
        "muspx": 98.14724627914934,
        "bmie": 2.7454518582734435
    },
    "fat": {
        "blood_volume_fraction": 0.12752039926250508,
        "ScvO2": 0.0056158828072999135,
        "water_volume": 0,
        "fat_volume": 0.8724796007374949,
        "melanin_volume": 0,
        "collagen_volume": 0,
        "n": 1.4,
        "g": 0.9,
        "muspx": 7.9407867702829975,
        "bmie": 2.1241528612954523
    },
    "muscle": {
        "blood_volume_fraction": 0.29270406595340576,
        "ScvO2": 0.4202525103655422,
        "water_volume": 0.09019842033260263,
        "fat_volume": 0,
        "melanin_volume": 0,
        "collagen_volume": 0.6170975137139916,
        "n": 1.4,
        "g": 0.9,
        "muspx": 13.516435768468948,
        "bmie": 1.1533044435452633
    },
    "IJV": {
        "blood_volume_fraction": 1.0,
        "ScvO2": 0.6152865927277298,
        "water_volume": 0,
        "fat_volume": 0,
        "melanin_volume": 0,
        "collagen_volume": 0,
        "n": 1.4,
        "g": 0.9,
        "muspx": 0.01612214943957305,
        "bmie": 0.13724493006964497
    },
    "CCA": {
        "blood_volume_fraction": 1.0,
        "ScvO2": 0.9999021912015671,
        "water_volume": 0,
        "fat_volume": 0,
        "melanin_volume": 0,
        "collagen_volume": 0,
        "n": 1.4,
        "g": 0.94,
        "muspx": 1.7650690749183953,
        "bmie": 0.5690315745658564
    },
    "geometry": [
        2,
        2.25,
        5.21,
        13,
        6,
        16,
        3
    ],
    "spec_rmsp": 7.572924764825004,
    "absorb_rmsp": 78.88389028909647
}