{
    "skin": {
        "blood_volume_fraction": 0.01057681183400062,
        "ScvO2": 0.9026815544416784,
        "water_volume": 0.15312244798171026,
        "fat_volume": 0.5034683285719405,
        "melanin_volume": 0.33283241161234867,
        "collagen_volume": 0,
        "n": 1.4,
        "g": 0.71,
        "muspx": 99.2604788259651,
        "bmie": 2.721387976182112
    },
    "fat": {
        "blood_volume_fraction": 0.15448478865562193,
        "ScvO2": 0.00878434665888899,
        "water_volume": 0,
        "fat_volume": 0.845515211344378,
        "melanin_volume": 0,
        "collagen_volume": 0,
        "n": 1.4,
        "g": 0.9,
        "muspx": 8.747492410144652,
        "bmie": 2.5413265436290953
    },
    "muscle": {
        "blood_volume_fraction": 0.2224023589778972,
        "ScvO2": 0.35544629203845135,
        "water_volume": 0.09048534801367517,
        "fat_volume": 0,
        "melanin_volume": 0,
        "collagen_volume": 0.6871122930084276,
        "n": 1.4,
        "g": 0.9,
        "muspx": 13.487130728511119,
        "bmie": 1.0942840217105632
    },
    "IJV": {
        "blood_volume_fraction": 1.0,
        "ScvO2": 0.617933943691204,
        "water_volume": 0,
        "fat_volume": 0,
        "melanin_volume": 0,
        "collagen_volume": 0,
        "n": 1.4,
        "g": 0.9,
        "muspx": 0.0025675281982625855,
        "bmie": 0.04749758485611813
    },
    "CCA": {
        "blood_volume_fraction": 1.0,
        "ScvO2": 0.9996648620558777,
        "water_volume": 0,
        "fat_volume": 0,
        "melanin_volume": 0,
        "collagen_volume": 0,
        "n": 1.4,
        "g": 0.94,
        "muspx": 1.5429720370195719,
        "bmie": 0.26638914319854246
    },
    "geometry": [
        2,
        2.25,
        5.21,
        13,
        6,
        16,
        3
    ],
    "spec_rmsp": 7.155963894709549,
    "absorb_rmsp": 79.0537671696571
}