{
    "skin": {
        "blood_volume_fraction": 0.010763497303886467,
        "ScvO2": 0.8733614843869009,
        "water_volume": 0.15464768461907114,
        "fat_volume": 0.5464023381035701,
        "melanin_volume": 0.2881864799734723,
        "collagen_volume": 0,
        "n": 1.4,
        "g": 0.71,
        "muspx": 99.61006045881334,
        "bmie": 2.8329978372639966
    },
    "fat": {
        "blood_volume_fraction": 0.15119326522696203,
        "ScvO2": 0.009071145958818213,
        "water_volume": 0,
        "fat_volume": 0.8488067347730379,
        "melanin_volume": 0,
        "collagen_volume": 0,
        "n": 1.4,
        "g": 0.9,
        "muspx": 6.5826911703120095,
        "bmie": 1.879953013626071
    },
    "muscle": {
        "blood_volume_fraction": 0.2802303022408216,
        "ScvO2": 0.49546956876468545,
        "water_volume": 0.09112508701586834,
        "fat_volume": 0,
        "melanin_volume": 0,
        "collagen_volume": 0.62864461074331,
        "n": 1.4,
        "g": 0.9,
        "muspx": 13.611440647162555,
        "bmie": 1.1222115326388233
    },
    "IJV": {
        "blood_volume_fraction": 1.0,
        "ScvO2": 0.6272279553259374,
        "water_volume": 0,
        "fat_volume": 0,
        "melanin_volume": 0,
        "collagen_volume": 0,
        "n": 1.4,
        "g": 0.9,
        "muspx": 0.022253650195088234,
        "bmie": 0.12211941326234296
    },
    "CCA": {
        "blood_volume_fraction": 1.0,
        "ScvO2": 1.0,
        "water_volume": 0,
        "fat_volume": 0,
        "melanin_volume": 0,
        "collagen_volume": 0,
        "n": 1.4,
        "g": 0.94,
        "muspx": 1.580213929011879,
        "bmie": 0.21915246131608668
    },
    "geometry": [
        2,
        2.25,
        5.21,
        13,
        6,
        16,
        3
    ],
    "spec_rmsp": 7.279807960970761,
    "absorb_rmsp": 79.99507377440779
}