{
    "skin": {
        "blood_volume_fraction": 0.013504705305079287,
        "ScvO2": 0.9122512292470648,
        "water_volume": 0.15575177545881044,
        "fat_volume": 0.5389547587074267,
        "melanin_volume": 0.2917887605286836,
        "collagen_volume": 0,
        "n": 1.4,
        "g": 0.71,
        "muspx": 99.9798189193576,
        "bmie": 2.8444692412545045
    },
    "fat": {
        "blood_volume_fraction": 0.1421122232675721,
        "ScvO2": 0.007900801775433605,
        "water_volume": 0,
        "fat_volume": 0.857887776732428,
        "melanin_volume": 0,
        "collagen_volume": 0,
        "n": 1.4,
        "g": 0.9,
        "muspx": 7.072199126615441,
        "bmie": 1.9942122552112393
    },
    "muscle": {
        "blood_volume_fraction": 0.310775686388915,
        "ScvO2": 0.4318341551177523,
        "water_volume": 0.09090698253556177,
        "fat_volume": 0,
        "melanin_volume": 0,
        "collagen_volume": 0.5983173310755233,
        "n": 1.4,
        "g": 0.9,
        "muspx": 13.71259092174833,
        "bmie": 1.1188596141153826
    },
    "IJV": {
        "blood_volume_fraction": 1.0,
        "ScvO2": 0.6186246530799026,
        "water_volume": 0,
        "fat_volume": 0,
        "melanin_volume": 0,
        "collagen_volume": 0,
        "n": 1.4,
        "g": 0.9,
        "muspx": 0.014465581122829765,
        "bmie": 0.11627227595755713
    },
    "CCA": {
        "blood_volume_fraction": 1.0,
        "ScvO2": 1.0,
        "water_volume": 0,
        "fat_volume": 0,
        "melanin_volume": 0,
        "collagen_volume": 0,
        "n": 1.4,
        "g": 0.94,
        "muspx": 1.6639813168160507,
        "bmie": 0.3767953481071576
    },
    "geometry": [
        2,
        2.25,
        5.21,
        13,
        6,
        16,
        3
    ],
    "spec_rmsp": 7.360965195017301,
    "absorb_rmsp": 80.06145895345743
}