{
    "skin": {
        "blood_volume_fraction": 0.022629867204832215,
        "ScvO2": 0.9367485640748929,
        "water_volume": 0.17279739016482862,
        "fat_volume": 0.3766000962331092,
        "melanin_volume": 0.42797264639722987,
        "collagen_volume": 0,
        "n": 1.4,
        "g": 0.71,
        "muspx": 100.0,
        "bmie": 2.6846923893040726
    },
    "fat": {
        "blood_volume_fraction": 0.09033442240116789,
        "ScvO2": 0.0025117627800303813,
        "water_volume": 0,
        "fat_volume": 0.909665577598832,
        "melanin_volume": 0,
        "collagen_volume": 0,
        "n": 1.4,
        "g": 0.9,
        "muspx": 8.060474189119802,
        "bmie": 1.9994740358949934
    },
    "muscle": {
        "blood_volume_fraction": 0.27188559036730847,
        "ScvO2": 0.06742763062199969,
        "water_volume": 0.08897048988242724,
        "fat_volume": 0,
        "melanin_volume": 0,
        "collagen_volume": 0.6391439197502644,
        "n": 1.4,
        "g": 0.9,
        "muspx": 13.740143528834347,
        "bmie": 1.294673144516779
    },
    "IJV": {
        "blood_volume_fraction": 1.0,
        "ScvO2": 0.6136057186510093,
        "water_volume": 0,
        "fat_volume": 0,
        "melanin_volume": 0,
        "collagen_volume": 0,
        "n": 1.4,
        "g": 0.9,
        "muspx": 0.0,
        "bmie": 0.12950324937156543
    },
    "CCA": {
        "blood_volume_fraction": 1.0,
        "ScvO2": 1.0,
        "water_volume": 0,
        "fat_volume": 0,
        "melanin_volume": 0,
        "collagen_volume": 0,
        "n": 1.4,
        "g": 0.94,
        "muspx": 2.060404495253297,
        "bmie": 0.8146729566208119
    },
    "geometry": [
        2,
        2.25,
        5.21,
        13,
        6,
        16,
        3
    ],
    "spec_rmsp": 7.851147258342551,
    "absorb_rmsp": 77.85837256262727
}