{
    "skin": {
        "blood_volume_fraction": 0.00976002388356537,
        "ScvO2": 0.9428294095588698,
        "water_volume": 0.34225902496602495,
        "fat_volume": 0.0835839485113831,
        "melanin_volume": 0.5643970026390266,
        "collagen_volume": 0,
        "n": 1.4,
        "g": 0.71,
        "muspx": 26.576293158869856,
        "bmie": 1.6422770351831268
    },
    "fat": {
        "blood_volume_fraction": 0.0881910695220341,
        "ScvO2": 0.0,
        "water_volume": 0,
        "fat_volume": 0.911808930477966,
        "melanin_volume": 0,
        "collagen_volume": 0,
        "n": 1.4,
        "g": 0.9,
        "muspx": 15.413580874256702,
        "bmie": 0.5664618327268875
    },
    "muscle": {
        "blood_volume_fraction": 0.10771022706807498,
        "ScvO2": 0.37909146308117114,
        "water_volume": 0.09455721599593526,
        "fat_volume": 0,
        "melanin_volume": 0,
        "collagen_volume": 0.7977325569359897,
        "n": 1.4,
        "g": 0.9,
        "muspx": 10.32048334452503,
        "bmie": 2.4114495151466615
    },
    "IJV": {
        "blood_volume_fraction": 1.0,
        "ScvO2": 0.0,
        "water_volume": 0,
        "fat_volume": 0,
        "melanin_volume": 0,
        "collagen_volume": 0,
        "n": 1.4,
        "g": 0.9,
        "muspx": 0.5578953067430599,
        "bmie": 1.0
    },
    "CCA": {
        "blood_volume_fraction": 1.0,
        "ScvO2": 0.8698596309775739,
        "water_volume": 0,
        "fat_volume": 0,
        "melanin_volume": 0,
        "collagen_volume": 0,
        "n": 1.4,
        "g": 0.94,
        "muspx": 1.015724143981915,
        "bmie": 1.0
    },
    "geometry": [
        2,
        2.25,
        5.21,
        13,
        6,
        16,
        3
    ],
    "spec_rmsp": 19.923226260728267,
    "absorb_rmsp": 90.22935022022625
}