{
    "skin": {
        "blood_volume_fraction": 0.0,
        "ScvO2": 0.5634574699200214,
        "water_volume": 0.2211314755885329,
        "fat_volume": 0.07533253854509107,
        "melanin_volume": 0.703535985866376,
        "collagen_volume": 0,
        "n": 1.4,
        "g": 0.71,
        "muspx": 100.0,
        "bmie": 2.976018237691483
    },
    "fat": {
        "blood_volume_fraction": 0.0,
        "ScvO2": 8.473959322319183e-05,
        "water_volume": 0,
        "fat_volume": 1.0,
        "melanin_volume": 0,
        "collagen_volume": 0,
        "n": 1.4,
        "g": 0.9,
        "muspx": 8.274251521878053,
        "bmie": 1.473729563770883
    },
    "muscle": {
        "blood_volume_fraction": 0.028671231295630956,
        "ScvO2": 0.006034848748215138,
        "water_volume": 0.09091845881970417,
        "fat_volume": 0,
        "melanin_volume": 0,
        "collagen_volume": 0.880410309884665,
        "n": 1.4,
        "g": 0.9,
        "muspx": 11.35679443689524,
        "bmie": 1.4830615754457717
    },
    "IJV": {
        "blood_volume_fraction": 1.0,
        "ScvO2": 0.5928635338990449,
        "water_volume": 0,
        "fat_volume": 0,
        "melanin_volume": 0,
        "collagen_volume": 0,
        "n": 1.4,
        "g": 0.9,
        "muspx": 9.14992399813946,
        "bmie": 3.9896535753079325
    },
    "CCA": {
        "blood_volume_fraction": 1.0,
        "ScvO2": 0.0,
        "water_volume": 0,
        "fat_volume": 0,
        "melanin_volume": 0,
        "collagen_volume": 0,
        "n": 1.4,
        "g": 0.94,
        "muspx": 0.7399823714072875,
        "bmie": 0.9833428907605944
    },
    "geometry": [
        2,
        2.25,
        5.21,
        13,
        6,
        16,
        3
    ],
    "spec_rmsp": 8.458568404084097,
    "absorb_rmsp": 75.54997988144373
}