{
    "skin": {
        "blood_volume_fraction": 0.0020424968225487383,
        "ScvO2": 0.7191724840910827,
        "water_volume": 0.2527569215121128,
        "fat_volume": 0.44979050454076613,
        "melanin_volume": 0.2954100771245724,
        "collagen_volume": 0,
        "n": 1.4,
        "g": 0.71,
        "muspx": 96.20995345581925,
        "bmie": 3.010231935026554
    },
    "fat": {
        "blood_volume_fraction": 0.023273466722980224,
        "ScvO2": 1.557585544818993e-07,
        "water_volume": 0,
        "fat_volume": 0.9767265332770197,
        "melanin_volume": 0,
        "collagen_volume": 0,
        "n": 1.4,
        "g": 0.9,
        "muspx": 8.854109489756015,
        "bmie": 1.2419058163813146
    },
    "muscle": {
        "blood_volume_fraction": 0.002978539275020347,
        "ScvO2": 0.5904937332143128,
        "water_volume": 0.09151488748962931,
        "fat_volume": 0,
        "melanin_volume": 0,
        "collagen_volume": 0.9055065732353503,
        "n": 1.4,
        "g": 0.9,
        "muspx": 11.77884178434466,
        "bmie": 2.0272030569719757
    },
    "IJV": {
        "blood_volume_fraction": 1.0,
        "ScvO2": 0.5929514152318895,
        "water_volume": 0,
        "fat_volume": 0,
        "melanin_volume": 0,
        "collagen_volume": 0,
        "n": 1.4,
        "g": 0.9,
        "muspx": 0.5147987986543803,
        "bmie": 1.064238447057296
    },
    "CCA": {
        "blood_volume_fraction": 1.0,
        "ScvO2": 0.9268130293961587,
        "water_volume": 0,
        "fat_volume": 0,
        "melanin_volume": 0,
        "collagen_volume": 0,
        "n": 1.4,
        "g": 0.94,
        "muspx": 0.425432302461206,
        "bmie": 0.9530371965295877
    },
    "geometry": [
        2,
        2.25,
        5.21,
        13,
        6,
        16,
        3
    ],
    "spec_rmsp": 8.985951741368684,
    "absorb_rmsp": 76.86478471611996
}