{
    "skin": {
        "blood_volume_fraction": 0.03509071350350809,
        "ScvO2": 0.7772661483532768,
        "water_volume": 0.25594838479744325,
        "fat_volume": 0.4051502872486987,
        "melanin_volume": 0.30381061445034996,
        "collagen_volume": 0,
        "n": 1.4,
        "g": 0.71,
        "muspx": 83.57323882154631,
        "bmie": 2.686246972079612
    },
    "fat": {
        "blood_volume_fraction": 0.024307313652570547,
        "ScvO2": 0.0,
        "water_volume": 0,
        "fat_volume": 0.9756926863474293,
        "melanin_volume": 0,
        "collagen_volume": 0,
        "n": 1.4,
        "g": 0.9,
        "muspx": 9.483167241563722,
        "bmie": 1.3314472252507357
    },
    "muscle": {
        "blood_volume_fraction": 0.02237182777162351,
        "ScvO2": 0.703120749633326,
        "water_volume": 0.09199415867944753,
        "fat_volume": 0,
        "melanin_volume": 0,
        "collagen_volume": 0.885634013548929,
        "n": 1.4,
        "g": 0.9,
        "muspx": 12.010842125158861,
        "bmie": 2.1814986083620465
    },
    "IJV": {
        "blood_volume_fraction": 1.0,
        "ScvO2": 0.5988607010780524,
        "water_volume": 0,
        "fat_volume": 0,
        "melanin_volume": 0,
        "collagen_volume": 0,
        "n": 1.4,
        "g": 0.9,
        "muspx": 0.30289804338154236,
        "bmie": 1.0021004651382845
    },
    "CCA": {
        "blood_volume_fraction": 1.0,
        "ScvO2": 0.8410690954069375,
        "water_volume": 0,
        "fat_volume": 0,
        "melanin_volume": 0,
        "collagen_volume": 0,
        "n": 1.4,
        "g": 0.94,
        "muspx": 0.5131099998413403,
        "bmie": 0.987997358012102
    },
    "geometry": [
        2,
        2.25,
        5.21,
        13,
        6,
        16,
        3
    ],
    "spec_rmsp": 9.243429771397754,
    "absorb_rmsp": 75.64021537968861
}