{
    "skin": {
        "blood_volume_fraction": 0.0015822293792123045,
        "ScvO2": 0.7318070859591855,
        "water_volume": 0.2516364529245799,
        "fat_volume": 0.4309421256184134,
        "melanin_volume": 0.3158391920777943,
        "collagen_volume": 0,
        "n": 1.4,
        "g": 0.71,
        "muspx": 94.67669067515206,
        "bmie": 2.983481685091798
    },
    "fat": {
        "blood_volume_fraction": 0.019888604664576075,
        "ScvO2": 4.417113500370459e-06,
        "water_volume": 0,
        "fat_volume": 0.9801113953354239,
        "melanin_volume": 0,
        "collagen_volume": 0,
        "n": 1.4,
        "g": 0.9,
        "muspx": 8.800967057511805,
        "bmie": 1.2438341057951785
    },
    "muscle": {
        "blood_volume_fraction": 0.0060252031692996635,
        "ScvO2": 0.52759049218211,
        "water_volume": 0.09157391570188815,
        "fat_volume": 0,
        "melanin_volume": 0,
        "collagen_volume": 0.9024008811288122,
        "n": 1.4,
        "g": 0.9,
        "muspx": 11.792301396363309,
        "bmie": 2.023432566459463
    },
    "IJV": {
        "blood_volume_fraction": 1.0,
        "ScvO2": 0.6004502168184913,
        "water_volume": 0,
        "fat_volume": 0,
        "melanin_volume": 0,
        "collagen_volume": 0,
        "n": 1.4,
        "g": 0.9,
        "muspx": 0.523613270601325,
        "bmie": 1.0457427100854662
    },
    "CCA": {
        "blood_volume_fraction": 1.0,
        "ScvO2": 0.9069573985202591,
        "water_volume": 0,
        "fat_volume": 0,
        "melanin_volume": 0,
        "collagen_volume": 0,
        "n": 1.4,
        "g": 0.94,
        "muspx": 0.41067171617928,
        "bmie": 0.9677636758120368
    },
    "geometry": [
        2,
        2.25,
        5.21,
        13,
        6,
        16,
        3
    ],
    "spec_rmsp": 9.016503255307445,
    "absorb_rmsp": 76.71491966018002
}