{
    "skin": {
        "blood_volume_fraction": 0.0017289773609335715,
        "ScvO2": 0.7163448356659449,
        "water_volume": 0.2519571632673801,
        "fat_volume": 0.41881387047590624,
        "melanin_volume": 0.3274999888957801,
        "collagen_volume": 0,
        "n": 1.4,
        "g": 0.71,
        "muspx": 99.92877872683489,
        "bmie": 3.0244289223228975
    },
    "fat": {
        "blood_volume_fraction": 0.053340105740707786,
        "ScvO2": 3.9707718377919245e-06,
        "water_volume": 0,
        "fat_volume": 0.9466598942592923,
        "melanin_volume": 0,
        "collagen_volume": 0,
        "n": 1.4,
        "g": 0.9,
        "muspx": 8.88278283333431,
        "bmie": 1.2572982938261152
    },
    "muscle": {
        "blood_volume_fraction": 0.0026129209898502035,
        "ScvO2": 0.0420910616528274,
        "water_volume": 0.0912984371007503,
        "fat_volume": 0,
        "melanin_volume": 0,
        "collagen_volume": 0.9060886419093995,
        "n": 1.4,
        "g": 0.9,
        "muspx": 11.37140255425084,
        "bmie": 1.8882605373990526
    },
    "IJV": {
        "blood_volume_fraction": 1.0,
        "ScvO2": 0.5821049234742057,
        "water_volume": 0,
        "fat_volume": 0,
        "melanin_volume": 0,
        "collagen_volume": 0,
        "n": 1.4,
        "g": 0.9,
        "muspx": 0.6798437509295896,
        "bmie": 1.4533055950794533
    },
    "CCA": {
        "blood_volume_fraction": 1.0,
        "ScvO2": 0.7380630931247317,
        "water_volume": 0,
        "fat_volume": 0,
        "melanin_volume": 0,
        "collagen_volume": 0,
        "n": 1.4,
        "g": 0.94,
        "muspx": 0.6703701483804312,
        "bmie": 0.947103877791504
    },
    "geometry": [
        2,
        2.25,
        5.21,
        13,
        6,
        16,
        3
    ],
    "spec_rmsp": 8.865685414722687,
    "absorb_rmsp": 76.63988254207302
}