{
    "skin": {
        "blood_volume_fraction": 0.05103799716072376,
        "ScvO2": 0.8183979781631012,
        "water_volume": 0.25558734858517457,
        "fat_volume": 0.43630944869416144,
        "melanin_volume": 0.2570652055599401,
        "collagen_volume": 0,
        "n": 1.4,
        "g": 0.71,
        "muspx": 74.91743668962602,
        "bmie": 2.4295966426438644
    },
    "fat": {
        "blood_volume_fraction": 0.030573297393167838,
        "ScvO2": 0.00047826622538305773,
        "water_volume": 0,
        "fat_volume": 0.9694267026068321,
        "melanin_volume": 0,
        "collagen_volume": 0,
        "n": 1.4,
        "g": 0.9,
        "muspx": 10.182294962423008,
        "bmie": 1.4895869476893289
    },
    "muscle": {
        "blood_volume_fraction": 0.0256952861930789,
        "ScvO2": 0.5405472879187647,
        "water_volume": 0.09223489571939887,
        "fat_volume": 0,
        "melanin_volume": 0,
        "collagen_volume": 0.8820698180875223,
        "n": 1.4,
        "g": 0.9,
        "muspx": 11.864791012134296,
        "bmie": 2.2206571561261255
    },
    "IJV": {
        "blood_volume_fraction": 1.0,
        "ScvO2": 0.588195905968234,
        "water_volume": 0,
        "fat_volume": 0,
        "melanin_volume": 0,
        "collagen_volume": 0,
        "n": 1.4,
        "g": 0.9,
        "muspx": 0.1690268124317343,
        "bmie": 0.9557972648202782
    },
    "CCA": {
        "blood_volume_fraction": 1.0,
        "ScvO2": 0.8117363791390134,
        "water_volume": 0,
        "fat_volume": 0,
        "melanin_volume": 0,
        "collagen_volume": 0,
        "n": 1.4,
        "g": 0.94,
        "muspx": 0.5626754521271315,
        "bmie": 0.9827885298890813
    },
    "geometry": [
        2,
        2.25,
        5.21,
        13,
        6,
        16,
        3
    ],
    "spec_rmsp": 9.40282066921159,
    "absorb_rmsp": 75.96740867099186
}