{
    "skin": {
        "blood_volume_fraction": 0.0004562077738960028,
        "ScvO2": 0.714851661261616,
        "water_volume": 0.2504372899074581,
        "fat_volume": 0.37347759680011794,
        "melanin_volume": 0.375628905518528,
        "collagen_volume": 0,
        "n": 1.4,
        "g": 0.71,
        "muspx": 100.0,
        "bmie": 3.0236824355845977
    },
    "fat": {
        "blood_volume_fraction": 0.04055315686487028,
        "ScvO2": 1.519949595040536e-05,
        "water_volume": 0,
        "fat_volume": 0.9594468431351297,
        "melanin_volume": 0,
        "collagen_volume": 0,
        "n": 1.4,
        "g": 0.9,
        "muspx": 8.871068785131062,
        "bmie": 1.268259239138411
    },
    "muscle": {
        "blood_volume_fraction": 0.0028361428701713593,
        "ScvO2": 0.0,
        "water_volume": 0.09123110504157897,
        "fat_volume": 0,
        "melanin_volume": 0,
        "collagen_volume": 0.9059327520882497,
        "n": 1.4,
        "g": 0.9,
        "muspx": 11.329026329293349,
        "bmie": 1.8639498147279976
    },
    "IJV": {
        "blood_volume_fraction": 1.0,
        "ScvO2": 0.5815088027335382,
        "water_volume": 0,
        "fat_volume": 0,
        "melanin_volume": 0,
        "collagen_volume": 0,
        "n": 1.4,
        "g": 0.9,
        "muspx": 0.9237933070738498,
        "bmie": 1.6582264861000588
    },
    "CCA": {
        "blood_volume_fraction": 1.0,
        "ScvO2": 0.7195346340142,
        "water_volume": 0,
        "fat_volume": 0,
        "melanin_volume": 0,
        "collagen_volume": 0,
        "n": 1.4,
        "g": 0.94,
        "muspx": 0.6683979941367615,
        "bmie": 0.9455792058236697
    },
    "geometry": [
        2,
        2.25,
        5.21,
        13,
        6,
        16,
        3
    ],
    "spec_rmsp": 8.835447131979247,
    "absorb_rmsp": 76.77162838566072
}