{
    "skin": {
        "blood_volume_fraction": 0.0014567698441900786,
        "ScvO2": 0.7295807631351903,
        "water_volume": 0.25085048637801055,
        "fat_volume": 0.37828627836001333,
        "melanin_volume": 0.3694064654177861,
        "collagen_volume": 0,
        "n": 1.4,
        "g": 0.71,
        "muspx": 100.0,
        "bmie": 3.020528692147268
    },
    "fat": {
        "blood_volume_fraction": 0.039747759354804436,
        "ScvO2": 8.724436174858367e-06,
        "water_volume": 0,
        "fat_volume": 0.9602522406451955,
        "melanin_volume": 0,
        "collagen_volume": 0,
        "n": 1.4,
        "g": 0.9,
        "muspx": 8.85259215761528,
        "bmie": 1.226848671230431
    },
    "muscle": {
        "blood_volume_fraction": 0.001275979868213011,
        "ScvO2": 0.0,
        "water_volume": 0.09115818189963519,
        "fat_volume": 0,
        "melanin_volume": 0,
        "collagen_volume": 0.9075658382321518,
        "n": 1.4,
        "g": 0.9,
        "muspx": 11.363273410446336,
        "bmie": 1.9032258303553793
    },
    "IJV": {
        "blood_volume_fraction": 1.0,
        "ScvO2": 0.578876712122107,
        "water_volume": 0,
        "fat_volume": 0,
        "melanin_volume": 0,
        "collagen_volume": 0,
        "n": 1.4,
        "g": 0.9,
        "muspx": 0.7880993698686094,
        "bmie": 1.6602058834681017
    },
    "CCA": {
        "blood_volume_fraction": 1.0,
        "ScvO2": 0.7615328643080759,
        "water_volume": 0,
        "fat_volume": 0,
        "melanin_volume": 0,
        "collagen_volume": 0,
        "n": 1.4,
        "g": 0.94,
        "muspx": 0.5902904334221823,
        "bmie": 0.9445156117260953
    },
    "geometry": [
        2,
        2.25,
        5.21,
        13,
        6,
        16,
        3
    ],
    "spec_rmsp": 8.898953041854766,
    "absorb_rmsp": 76.69346567838049
}