{
    "skin": {
        "blood_volume_fraction": 0.0066265897734011855,
        "ScvO2": 0.743535063720731,
        "water_volume": 0.2521024121136182,
        "fat_volume": 0.41827451701498297,
        "melanin_volume": 0.3229964810979976,
        "collagen_volume": 0,
        "n": 1.4,
        "g": 0.71,
        "muspx": 91.80971628586062,
        "bmie": 2.9045776351519623
    },
    "fat": {
        "blood_volume_fraction": 0.020089227600251152,
        "ScvO2": 2.8854139429916975e-05,
        "water_volume": 0,
        "fat_volume": 0.9799107723997489,
        "melanin_volume": 0,
        "collagen_volume": 0,
        "n": 1.4,
        "g": 0.9,
        "muspx": 8.938787497439817,
        "bmie": 1.2603525264094992
    },
    "muscle": {
        "blood_volume_fraction": 0.012198199494524786,
        "ScvO2": 0.6348808547831221,
        "water_volume": 0.09159894866330814,
        "fat_volume": 0,
        "melanin_volume": 0,
        "collagen_volume": 0.8962028518421671,
        "n": 1.4,
        "g": 0.9,
        "muspx": 11.880370189541532,
        "bmie": 2.0600975375025117
    },
    "IJV": {
        "blood_volume_fraction": 1.0,
        "ScvO2": 0.6024205377015,
        "water_volume": 0,
        "fat_volume": 0,
        "melanin_volume": 0,
        "collagen_volume": 0,
        "n": 1.4,
        "g": 0.9,
        "muspx": 0.4477912717508049,
        "bmie": 1.0556431903513368
    },
    "CCA": {
        "blood_volume_fraction": 1.0,
        "ScvO2": 0.8712997297018453,
        "water_volume": 0,
        "fat_volume": 0,
        "melanin_volume": 0,
        "collagen_volume": 0,
        "n": 1.4,
        "g": 0.94,
        "muspx": 0.4339558021374498,
        "bmie": 0.9812181946747793
    },
    "geometry": [
        2,
        2.25,
        5.21,
        13,
        6,
        16,
        3
    ],
    "spec_rmsp": 9.05782434596853,
    "absorb_rmsp": 76.34593583718367
}