{
    "skin": {
        "blood_volume_fraction": 0.05976288708580766,
        "ScvO2": 0.7287714723264684,
        "water_volume": 0.8526154683535879,
        "fat_volume": 0.0815665985229686,
        "melanin_volume": 0.006055046037635792,
        "collagen_volume": 0,
        "n": 1.4,
        "g": 0.71,
        "muspx": 34.45855509163144,
        "bmie": 0.7829909677497977
    },
    "fat": {
        "blood_volume_fraction": 0.09635930205042917,
        "ScvO2": 0.7029580979443861,
        "water_volume": 0,
        "fat_volume": 0.9036406979495708,
        "melanin_volume": 0,
        "collagen_volume": 0,
        "n": 1.4,
        "g": 0.9,
        "muspx": 29.16701866284283,
        "bmie": 0.9818541434380277
    },
    "muscle": {
        "blood_volume_fraction": 0.08309145746150746,
        "ScvO2": 0.8713069988268225,
        "water_volume": 0.7535857310919327,
        "fat_volume": 0,
        "melanin_volume": 0,
        "collagen_volume": 0.1633228114465598,
        "n": 1.4,
        "g": 0.9,
        "muspx": 12.012711512571762,
        "bmie": 2.246023213397887
    },
    "IJV": {
        "blood_volume_fraction": 1.0,
        "ScvO2": 0.7331980499349918,
        "water_volume": 0,
        "fat_volume": 0,
        "melanin_volume": 0,
        "collagen_volume": 0,
        "n": 1.4,
        "g": 0.9,
        "muspx": 0.8576721423055249,
        "bmie": 1.0
    },
    "CCA": {
        "blood_volume_fraction": 1.0,
        "ScvO2": 0.8886643422700529,
        "water_volume": 0,
        "fat_volume": 0,
        "melanin_volume": 0,
        "collagen_volume": 0,
        "n": 1.4,
        "g": 0.94,
        "muspx": 0.6153270249693309,
        "bmie": 1.0
    },
    "geometry": [
        1.43,
        1.11,
        8.62752870203728,
        14.76,
        3.27,
        22.46,
        12.14
    ],
    "rmsp": 0.04765878378418915
}