{
    "skin": {
        "blood_volume_fraction": 0.05879801657848688,
        "ScvO2": 0.6104121931653481,
        "water_volume": 0.9056809342803079,
        "fat_volume": 0.022183495284949676,
        "melanin_volume": 0.013337553856255454,
        "collagen_volume": 0,
        "n": 1.4,
        "g": 0.71,
        "muspx": 47.427476890003504,
        "bmie": 1.7930940341823414
    },
    "fat": {
        "blood_volume_fraction": 0.01165963871885033,
        "ScvO2": 0.6978754175487786,
        "water_volume": 0,
        "fat_volume": 0.9883403612811497,
        "melanin_volume": 0,
        "collagen_volume": 0,
        "n": 1.4,
        "g": 0.9,
        "muspx": 26.470560068385556,
        "bmie": 0.5824077068252254
    },
    "muscle": {
        "blood_volume_fraction": 0.07260197847905171,
        "ScvO2": 0.8259909226822549,
        "water_volume": 0.4368621973963792,
        "fat_volume": 0,
        "melanin_volume": 0,
        "collagen_volume": 0.4905358241245691,
        "n": 1.4,
        "g": 0.9,
        "muspx": 12.001811782417004,
        "bmie": 1.5305999761311735
    },
    "IJV": {
        "blood_volume_fraction": 1.0,
        "ScvO2": 0.6589724676884988,
        "water_volume": 0,
        "fat_volume": 0,
        "melanin_volume": 0,
        "collagen_volume": 0,
        "n": 1.4,
        "g": 0.9,
        "muspx": 0.17658944727532822,
        "bmie": 1.0
    },
    "CCA": {
        "blood_volume_fraction": 1.0,
        "ScvO2": 0.9598222558462104,
        "water_volume": 0,
        "fat_volume": 0,
        "melanin_volume": 0,
        "collagen_volume": 0,
        "n": 1.4,
        "g": 0.94,
        "muspx": 0.2398114499343202,
        "bmie": 1.0
    },
    "geometry": [
        2.18,
        1.91,
        5.300511275868952,
        15.36,
        2.81,
        24.32,
        0.77
    ],
    "rmsp": 0.07037248220265842
}