{
    "skin": {
        "blood_volume_fraction": 0.0619969788342713,
        "ScvO2": 0.6568764211220346,
        "water_volume": 0.8632850949779474,
        "fat_volume": 0.06334578958551147,
        "melanin_volume": 0.036046473592372126,
        "collagen_volume": 0,
        "n": 1.4,
        "g": 0.71,
        "muspx": 35.146659815612786,
        "bmie": 1.635317085703967
    },
    "fat": {
        "blood_volume_fraction": 0.08261382052544727,
        "ScvO2": 1.5190513089843005,
        "water_volume": 0,
        "fat_volume": 0.8901809042450459,
        "melanin_volume": 0,
        "collagen_volume": 0,
        "n": 1.4,
        "g": 0.9,
        "muspx": 16.098972402796083,
        "bmie": 0.7273283396115888
    },
    "muscle": {
        "blood_volume_fraction": 0.08703756341209189,
        "ScvO2": 0.0,
        "water_volume": 0.6022942956795854,
        "fat_volume": 0,
        "melanin_volume": 0,
        "collagen_volume": 0.3890629629612461,
        "n": 1.4,
        "g": 0.9,
        "muspx": 12.684484327832088,
        "bmie": 0.3236948993830029
    },
    "IJV": {
        "blood_volume_fraction": 1.0,
        "ScvO2": 0.47740912328903196,
        "water_volume": 0,
        "fat_volume": 0,
        "melanin_volume": 0,
        "collagen_volume": 0,
        "n": 1.4,
        "g": 0.9,
        "muspx": 0.5416237343885739,
        "bmie": 1.0
    },
    "CCA": {
        "blood_volume_fraction": 1.0,
        "ScvO2": 0.9882102868788627,
        "water_volume": 0,
        "fat_volume": 0,
        "melanin_volume": 0,
        "collagen_volume": 0,
        "n": 1.4,
        "g": 0.94,
        "muspx": 0.0,
        "bmie": 1.0
    },
    "geometry": [
        1.27,
        1.0,
        7.71,
        14.95,
        3.53,
        23.86,
        7.68
    ],
    "spec_rmsp": 5.67325586149483,
    "absorb_rmsp": 60.79838159437922
}