{
    "skin": {
        "blood_volume_fraction": 0.001576351362186135,
        "ScvO2": 0.9954234218019935,
        "water_volume": 0.20456259365596685,
        "n": 1.4,
        "g": 0.8195133059435233,
        "muspx": 5.8878654679112845,
        "fray": 0.558065206551512,
        "bmie": 0.6668847181780762
    },
    "muscle": {
        "blood_volume_fraction": 19.28139139547393,
        "ScvO2": 0.20068134965557716,
        "water_volume": 0.07925818294712539,
        "n": 1.4,
        "g": 0.94,
        "muspx": 1.6686662208611072,
        "fray": 0.06351410132235247,
        "bmie": 1.3711872444869755
    },
    "IJV": {
        "blood_volume_fraction": 0.1443210629502878,
        "ScvO2": 0.9468223427435684,
        "water_volume": 0.800522212067864,
        "n": 1.4,
        "g": 0.94,
        "muspx": 0.3876196352263548,
        "fray": 0.18116253934930415,
        "bmie": 0.27758310509187256
    },
    "CCA": {
        "blood_volume_fraction": 1.1632875371598206,
        "ScvO2": 0.28173393177464245,
        "water_volume": 0.5500295764763691,
        "n": 1.4,
        "g": 0.94,
        "muspx": 1.628294494662098,
        "fray": 0.3740038306700748,
        "bmie": 0.12560056481036885
    },
    "geometry": {
        "skin_thickness": 0.42841899206084,
        "ijv_radius": 5.754240611839831,
        "ijv_depth": 17.571024675008935,
        "cca_radius": 4.494931885066377,
        "cca_depth": 21.925237918067303,
        "ijv_cca_distance": 13.33239078763127
    }
}