{
    "skin": {
        "blood_volume_fraction": 0.002885176048529497,
        "ScvO2": 0.9654252180811648,
        "water_volume": 0.20139066371019326,
        "n": 1.4,
        "g": 0.8541482819607704,
        "muspx": 4.903978574857744,
        "fray": 0.7285969366872831,
        "bmie": 0.6046889652775821
    },
    "muscle": {
        "blood_volume_fraction": 6.935852501940705,
        "ScvO2": 0.4638634735955768,
        "water_volume": 0.350188704387822,
        "n": 1.4,
        "g": 0.94,
        "muspx": 1.5377980961681572,
        "fray": 0.867150214258915,
        "bmie": 3.383135787965534
    },
    "IJV": {
        "blood_volume_fraction": 7.244810774287207,
        "ScvO2": 0.2008090487588936,
        "water_volume": 0.5933763327747965,
        "n": 1.4,
        "g": 0.94,
        "muspx": 1.6498130836901979,
        "fray": 0.8673635298037762,
        "bmie": 0.40600197625738166
    },
    "CCA": {
        "blood_volume_fraction": 3.9828498731328454,
        "ScvO2": 0.08322434426835046,
        "water_volume": 0.6393211171343871,
        "n": 1.4,
        "g": 0.94,
        "muspx": 1.2593785878716004,
        "fray": 0.17898282218122807,
        "bmie": 0.2055769323807406
    },
    "geometry": {
        "skin_thickness": 0.17657426936976733,
        "ijv_radius": 4.203367573714807,
        "ijv_depth": 8.124309642444079,
        "cca_radius": 2.5160488390351423,
        "cca_depth": 13.74993034970866,
        "ijv_cca_distance": 9.657080776223825
    }
}