{
    "skin": {
        "blood_volume_fraction": 0.0036700597084176716,
        "ScvO2": 0.9831936041494518,
        "water_volume": 0.20015731804820702,
        "n": 1.4,
        "g": 0.9221229392543684,
        "muspx": 4.100275001648845,
        "fray": 0.644029982241769,
        "bmie": 0.7309349806068905
    },
    "muscle": {
        "blood_volume_fraction": 7.768103920745533,
        "ScvO2": 0.1876459281517625,
        "water_volume": 0.10538072465727122,
        "n": 1.4,
        "g": 0.94,
        "muspx": 0.589426388486858,
        "fray": 0.13067010144076519,
        "bmie": 4.634274175254177
    },
    "IJV": {
        "blood_volume_fraction": 1.3068182509701054,
        "ScvO2": 0.9971264585162449,
        "water_volume": 0.6374026244142179,
        "n": 1.4,
        "g": 0.94,
        "muspx": 1.9910087186663716,
        "fray": 0.08414155463189843,
        "bmie": 0.5567782077944371
    },
    "CCA": {
        "blood_volume_fraction": 13.96111657569213,
        "ScvO2": 0.5358601212491492,
        "water_volume": 0.14847422862592552,
        "n": 1.4,
        "g": 0.94,
        "muspx": 0.2554505415568795,
        "fray": 0.09110267820138662,
        "bmie": 0.9511270568073671
    },
    "geometry": {
        "skin_thickness": 0.6895811000575329,
        "ijv_radius": 9.524251368979623,
        "ijv_depth": 18.727602635682892,
        "cca_radius": 2.99027848999412,
        "cca_depth": 21.450984982776788,
        "ijv_cca_distance": 14.54043215374326
    }
}