{
    "skin": {
        "blood_volume_fraction": 0.0017177348940593487,
        "ScvO2": 0.9972662787299582,
        "water_volume": 0.19701472535350528,
        "n": 1.4,
        "g": 0.9656379429758029,
        "muspx": 4.830587264512299,
        "fray": 0.41153626770913043,
        "bmie": 0.9060292994823421
    },
    "muscle": {
        "blood_volume_fraction": 14.42819493235272,
        "ScvO2": 0.9459358676695424,
        "water_volume": 0.8666229779531821,
        "n": 1.4,
        "g": 0.94,
        "muspx": 0.8183200734317564,
        "fray": 0.004556636406216397,
        "bmie": 4.382815150195273
    },
    "IJV": {
        "blood_volume_fraction": 19.79439304034611,
        "ScvO2": 0.669848191607938,
        "water_volume": 0.4493996075511262,
        "n": 1.4,
        "g": 0.94,
        "muspx": 0.08342276490578593,
        "fray": 0.7469925772292242,
        "bmie": 0.34241731969292244
    },
    "CCA": {
        "blood_volume_fraction": 16.951784719050416,
        "ScvO2": 0.8256850990973517,
        "water_volume": 0.8370948278064932,
        "n": 1.4,
        "g": 0.94,
        "muspx": 1.2830876840223029,
        "fray": 0.08436127056474851,
        "bmie": 0.89845737235647
    },
    "geometry": {
        "skin_thickness": 0.6056848734611041,
        "ijv_radius": 9.002916939523582,
        "ijv_depth": 14.910146503064613,
        "cca_radius": 3.0158208523169545,
        "cca_depth": 16.320273425949594,
        "ijv_cca_distance": 13.854076658856751
    }
}