{
    "skin": {
        "blood_volume_fraction": 0.0026446217406729837,
        "ScvO2": 0.9934527917096732,
        "water_volume": 0.19303666594043684,
        "n": 1.4,
        "g": 0.8935131179475256,
        "muspx": 4.292845281183678,
        "fray": 0.6514560784519969,
        "bmie": 1.088688511444858
    },
    "muscle": {
        "blood_volume_fraction": 12.547230494919365,
        "ScvO2": 0.09545835125482027,
        "water_volume": 0.7537126229946525,
        "n": 1.4,
        "g": 0.94,
        "muspx": 0.18673953946923638,
        "fray": 0.8072348454141284,
        "bmie": 3.5307884251262207
    },
    "IJV": {
        "blood_volume_fraction": 10.956724466022985,
        "ScvO2": 0.2522746345338819,
        "water_volume": 0.9666313202254613,
        "n": 1.4,
        "g": 0.94,
        "muspx": 1.5304230700139645,
        "fray": 0.07311640672388442,
        "bmie": 0.6629680895245927
    },
    "CCA": {
        "blood_volume_fraction": 11.75794825516826,
        "ScvO2": 0.447517949227177,
        "water_volume": 0.6579627641775677,
        "n": 1.4,
        "g": 0.94,
        "muspx": 0.3979126238935198,
        "fray": 0.2431239635443817,
        "bmie": 0.3512808387423806
    },
    "geometry": {
        "skin_thickness": 0.9951245967610657,
        "ijv_radius": 7.105836262967687,
        "ijv_depth": 20.018120719479235,
        "cca_radius": 3.5514881570870322,
        "cca_depth": 20.409578799617087,
        "ijv_cca_distance": 11.875432888929902
    }
}