{
    "skin": {
        "blood_volume_fraction": 0.0015679437594379735,
        "ScvO2": 0.9747674312033414,
        "water_volume": 0.1881815131723011,
        "n": 1.4,
        "g": 0.919185703921455,
        "muspx": 5.564129880664084,
        "fray": 0.46278485402874403,
        "bmie": 1.004105081324682
    },
    "muscle": {
        "blood_volume_fraction": 10.80072968153193,
        "ScvO2": 0.28503100936217773,
        "water_volume": 0.6619238092601036,
        "n": 1.4,
        "g": 0.94,
        "muspx": 0.9915053821831905,
        "fray": 0.10985597746343279,
        "bmie": 0.8461537182223922
    },
    "IJV": {
        "blood_volume_fraction": 18.669230631185755,
        "ScvO2": 0.7752074517455526,
        "water_volume": 0.283234869899996,
        "n": 1.4,
        "g": 0.94,
        "muspx": 1.6724326942910046,
        "fray": 0.3500621619899883,
        "bmie": 0.49704702074597074
    },
    "CCA": {
        "blood_volume_fraction": 11.587868699076004,
        "ScvO2": 0.08785851798781741,
        "water_volume": 0.47637699567121705,
        "n": 1.4,
        "g": 0.94,
        "muspx": 0.00941356542904126,
        "fray": 0.41474700941494436,
        "bmie": 0.22528282121844523
    },
    "geometry": {
        "skin_thickness": 0.8573547572272051,
        "ijv_radius": 8.912340203013692,
        "ijv_depth": 14.384799841461628,
        "cca_radius": 3.914929218978097,
        "cca_depth": 22.04623258317207,
        "ijv_cca_distance": 10.579026787692941
    }
}