{
    "skin": {
        "blood_volume_fraction": 0.0023820300097505973,
        "ScvO2": 0.9920999531371131,
        "water_volume": 0.18610970449402453,
        "n": 1.4,
        "g": 0.9017655439934679,
        "muspx": 5.45853570006937,
        "fray": 0.560206352699062,
        "bmie": 0.9658705488392515
    },
    "muscle": {
        "blood_volume_fraction": 17.30500251377931,
        "ScvO2": 0.9630578750316754,
        "water_volume": 0.5787430727229816,
        "n": 1.4,
        "g": 0.94,
        "muspx": 0.7696954080578675,
        "fray": 0.9548824053012792,
        "bmie": 3.8539780431452337
    },
    "IJV": {
        "blood_volume_fraction": 8.515669920002848,
        "ScvO2": 0.5380548271104932,
        "water_volume": 0.9461874913989344,
        "n": 1.4,
        "g": 0.94,
        "muspx": 1.9444605978882683,
        "fray": 0.9576056670296534,
        "bmie": 0.9754615398705615
    },
    "CCA": {
        "blood_volume_fraction": 15.757741542073468,
        "ScvO2": 0.5916252938356759,
        "water_volume": 0.8856695356060827,
        "n": 1.4,
        "g": 0.94,
        "muspx": 1.7650622991304041,
        "fray": 0.9286417361414431,
        "bmie": 0.8207360766707319
    },
    "geometry": {
        "skin_thickness": 0.34028338227248767,
        "ijv_radius": 4.886236300840468,
        "ijv_depth": 15.774303061183723,
        "cca_radius": 4.200198097176516,
        "cca_depth": 16.231368233664565,
        "ijv_cca_distance": 12.454014555291712
    }
}