{
    "skin": {
        "blood_volume_fraction": 0.0031812326953788456,
        "ScvO2": 0.992810644609721,
        "water_volume": 0.17294350596143246,
        "n": 1.4,
        "g": 0.9097057525423526,
        "muspx": 5.466218570616648,
        "fray": 0.48378861928249073,
        "bmie": 0.5458871925313569
    },
    "muscle": {
        "blood_volume_fraction": 1.863847932433751,
        "ScvO2": 0.8127449925649216,
        "water_volume": 0.5636272576178346,
        "n": 1.4,
        "g": 0.94,
        "muspx": 1.3412552055868892,
        "fray": 0.1930642575490904,
        "bmie": 1.9380143966497565
    },
    "IJV": {
        "blood_volume_fraction": 11.951673117337645,
        "ScvO2": 0.9982178567137683,
        "water_volume": 0.5803289906129379,
        "n": 1.4,
        "g": 0.94,
        "muspx": 1.2968069574959642,
        "fray": 0.573175149109392,
        "bmie": 0.726070712222611
    },
    "CCA": {
        "blood_volume_fraction": 16.111486487029442,
        "ScvO2": 0.573393450797865,
        "water_volume": 0.21231776925708146,
        "n": 1.4,
        "g": 0.94,
        "muspx": 0.84935323690649,
        "fray": 0.06693613218101602,
        "bmie": 0.5354457074005343
    },
    "geometry": {
        "skin_thickness": 0.6612125965950105,
        "ijv_radius": 8.27381830818601,
        "ijv_depth": 14.117985423668767,
        "cca_radius": 3.9959280709585947,
        "cca_depth": 25.85471017144409,
        "ijv_cca_distance": 6.753209831907923
    }
}