{
    "skin": {
        "blood_volume_fraction": 0.0015211322876264042,
        "ScvO2": 0.9951165492216961,
        "water_volume": 0.19944167970819493,
        "n": 1.4,
        "g": 0.8422399681846597,
        "muspx": 6.424406991397572,
        "fray": 0.5726883602974564,
        "bmie": 0.4476463189899168
    },
    "muscle": {
        "blood_volume_fraction": 7.124310486598667,
        "ScvO2": 0.04824973805864108,
        "water_volume": 0.6280624477740063,
        "n": 1.4,
        "g": 0.94,
        "muspx": 0.12573797131778308,
        "fray": 0.1403928550512653,
        "bmie": 4.600205181731542
    },
    "IJV": {
        "blood_volume_fraction": 5.7757160068454265,
        "ScvO2": 0.74680010533699,
        "water_volume": 0.5948854171299859,
        "n": 1.4,
        "g": 0.94,
        "muspx": 0.07963836565603977,
        "fray": 0.1402045173719768,
        "bmie": 0.20896498885118708
    },
    "CCA": {
        "blood_volume_fraction": 8.669081396303248,
        "ScvO2": 0.36508182122433974,
        "water_volume": 0.22175024736930693,
        "n": 1.4,
        "g": 0.94,
        "muspx": 0.3160259269244281,
        "fray": 0.7640725319458339,
        "bmie": 0.6755632068258367
    },
    "geometry": {
        "skin_thickness": 0.457454306183414,
        "ijv_radius": 6.410146753910383,
        "ijv_depth": 13.311925281404774,
        "cca_radius": 3.5039275652060993,
        "cca_depth": 16.156450755743762,
        "ijv_cca_distance": 13.750827988954367
    }
}