{
    "CCA": {
        "n": 1.4,
        "blood_volume_fraction": 10.474639318680257,
        "fray": 0.8532316732190622,
        "g": 0.94,
        "ScvO2": 0.14618679974458448,
        "muspx": 0.7558750624817805,
        "bmie": 0.42460092618931755,
        "water_volume": 0.9294299461829684
    },
    "muscle": {
        "n": 1.4,
        "blood_volume_fraction": 1.7705700872058139,
        "fray": 0.6428790105249379,
        "g": 0.94,
        "ScvO2": 0.9167843620204962,
        "muspx": 1.108074616642481,
        "bmie": 4.95356358711959,
        "water_volume": 0.9010817375738995
    },
    "IJV": {
        "n": 1.4,
        "blood_volume_fraction": 1.273274438000036,
        "fray": 0.06026747321429182,
        "g": 0.94,
        "ScvO2": 0.29396927234561654,
        "muspx": 1.6311983933767273,
        "bmie": 0.190207448934413,
        "water_volume": 0.7404249305601672
    },
    "skin": {
        "n": 1.4,
        "blood_volume_fraction": 0.0031520038495949964,
        "fray": 0.7355017990595816,
        "g": 0.9640564218364314,
        "ScvO2": 0.9837098289013599,
        "muspx": 4.308056350808929,
        "bmie": 0.8078412683894943,
        "water_volume": 0.20057212943226033
    },
    "geometry": {
        "cca_radius": 2.8888321391136147,
        "ijv_radius": 6.445128298906986,
        "ijv_cca_distance": 10.195466553579887,
        "skin_thickness": 0.9793651628188137,
        "ijv_depth": 19.480482731879125,
        "cca_depth": 24.485632431276198
    }
}