{
    "skin": {
        "blood_volume_fraction": 0.0023468742263752064,
        "ScvO2": 0.9695197558440408,
        "water_volume": 0.17044844143245488,
        "n": 1.4,
        "g": 0.9394145976930353,
        "muspx": 4.827129936955924,
        "fray": 0.486884711429993,
        "bmie": 0.3688444926793505
    },
    "muscle": {
        "blood_volume_fraction": 10.728374398119696,
        "ScvO2": 0.5392939307042787,
        "water_volume": 0.5953279995529637,
        "n": 1.4,
        "g": 0.94,
        "muspx": 1.768524333327341,
        "fray": 0.3529941635817935,
        "bmie": 1.0185111118935315
    },
    "IJV": {
        "blood_volume_fraction": 11.407047559289818,
        "ScvO2": 0.11807780747644692,
        "water_volume": 0.6372557677802142,
        "n": 1.4,
        "g": 0.94,
        "muspx": 1.4156488726531546,
        "fray": 0.5475836192433697,
        "bmie": 0.8349746584786858
    },
    "CCA": {
        "blood_volume_fraction": 0.08723509767978532,
        "ScvO2": 0.09219877004302823,
        "water_volume": 0.45688428380922874,
        "n": 1.4,
        "g": 0.94,
        "muspx": 0.8701419547351419,
        "fray": 0.007041911583740901,
        "bmie": 0.7610684948486943
    },
    "geometry": {
        "skin_thickness": 0.27064196057314416,
        "ijv_radius": 4.628418595245222,
        "ijv_depth": 12.344307349385826,
        "cca_radius": 3.467754853819038,
        "cca_depth": 23.018713288744888,
        "ijv_cca_distance": 9.324937506511302
    }
}