{
    "skin": {
        "ScvO2": 0.9688327953381992,
        "n": 1.4,
        "water_volume": 0.180727345166169,
        "muspx": 5.811462064959268,
        "blood_volume_fraction": 0.001616731910841147,
        "bmie": 0.4258860714463095,
        "g": 0.9296396951414052,
        "fray": 0.6457092013788142
    },
    "geometry": {
        "cca_depth": 22.281014385593263,
        "ijv_cca_distance": 7.7818930387280965,
        "skin_thickness": 0.9903724617059341,
        "ijv_radius": 4.530462885312155,
        "ijv_depth": 8.599117338285705,
        "cca_radius": 3.656257829518689
    },
    "muscle": {
        "ScvO2": 0.8724416728036261,
        "n": 1.4,
        "water_volume": 0.741387093862617,
        "muspx": 1.4204535910657934,
        "blood_volume_fraction": 9.607416081530475,
        "bmie": 4.606652048753176,
        "g": 0.94,
        "fray": 0.6443710016143309
    },
    "CCA": {
        "ScvO2": 0.9277861087523326,
        "n": 1.4,
        "water_volume": 0.24983101508682248,
        "muspx": 1.426185272483981,
        "blood_volume_fraction": 3.396551833831545,
        "bmie": 0.22380916476648915,
        "g": 0.94,
        "fray": 0.5152427458480355
    },
    "IJV": {
        "ScvO2": 0.15288835046073723,
        "n": 1.4,
        "water_volume": 0.27507364132941337,
        "muspx": 0.08455398794036095,
        "blood_volume_fraction": 14.279376024999236,
        "bmie": 0.6606287431404838,
        "g": 0.94,
        "fray": 0.5190533940104861
    }
}