{
    "skin": {
        "ScvO2": 0.9681613138137998,
        "n": 1.4,
        "water_volume": 0.18408696763697302,
        "muspx": 3.905319080765236,
        "blood_volume_fraction": 0.0028230234832006002,
        "bmie": 0.7207622552843618,
        "g": 0.9793655685841199,
        "fray": 0.715812839180322
    },
    "geometry": {
        "cca_depth": 16.360587197343357,
        "ijv_cca_distance": 7.1934257455297335,
        "skin_thickness": 0.46926114187235934,
        "ijv_radius": 3.1884619783080925,
        "ijv_depth": 8.691223168654508,
        "cca_radius": 3.5041860818175126
    },
    "muscle": {
        "ScvO2": 0.6884247967354806,
        "n": 1.4,
        "water_volume": 0.5011796739472459,
        "muspx": 0.004903621080647458,
        "blood_volume_fraction": 15.64890674953822,
        "bmie": 3.004753906963649,
        "g": 0.94,
        "fray": 0.3151489484393678
    },
    "CCA": {
        "ScvO2": 0.4671391940651475,
        "n": 1.4,
        "water_volume": 0.6918307425625129,
        "muspx": 0.5467902665034812,
        "blood_volume_fraction": 9.825050677234577,
        "bmie": 0.3256347396635336,
        "g": 0.94,
        "fray": 0.76578462999975
    },
    "IJV": {
        "ScvO2": 0.6383337131215379,
        "n": 1.4,
        "water_volume": 0.6341400746647269,
        "muspx": 0.6062790873605406,
        "blood_volume_fraction": 13.916611681032407,
        "bmie": 0.7541528595308031,
        "g": 0.94,
        "fray": 0.10279194604602238
    }
}