{
    "skin": {
        "blood_volume_fraction": 0.0015855730945884255,
        "ScvO2": 0.9976084201540619,
        "water_volume": 0.17188875024830833,
        "n": 1.4,
        "g": 0.9223423513828268,
        "muspx": 5.097526340565121,
        "fray": 0.30114304292487204,
        "bmie": 0.24675718291132767
    },
    "muscle": {
        "blood_volume_fraction": 12.234159830249492,
        "ScvO2": 0.19095665217649616,
        "water_volume": 0.2849370323761107,
        "n": 1.4,
        "g": 0.94,
        "muspx": 1.729024063295079,
        "fray": 0.8187776066160626,
        "bmie": 1.528835379606483
    },
    "IJV": {
        "blood_volume_fraction": 7.948620905559627,
        "ScvO2": 0.4991049988623125,
        "water_volume": 0.8116415773244343,
        "n": 1.4,
        "g": 0.94,
        "muspx": 1.5070765180632149,
        "fray": 0.21564190340451428,
        "bmie": 0.24132333779446424
    },
    "CCA": {
        "blood_volume_fraction": 17.48387546923251,
        "ScvO2": 0.0972603830383435,
        "water_volume": 0.6848020068884836,
        "n": 1.4,
        "g": 0.94,
        "muspx": 1.5686936910938145,
        "fray": 0.5327835708459865,
        "bmie": 0.7306131856914001
    },
    "geometry": {
        "skin_thickness": 0.7357796414808248,
        "ijv_radius": 5.794792520680264,
        "ijv_depth": 16.021745269494467,
        "cca_radius": 4.317790494946735,
        "cca_depth": 18.937225157085447,
        "ijv_cca_distance": 9.911042587112311
    }
}