{
    "skin": {
        "blood_volume_fraction": 0.0017384980000750118,
        "ScvO2": 0.9903639201052157,
        "water_volume": 0.18056856141981262,
        "n": 1.4,
        "g": 0.9468472193367946,
        "muspx": 5.615431741085297,
        "fray": 0.29326117404195007,
        "bmie": 0.5536582939372628
    },
    "muscle": {
        "blood_volume_fraction": 5.928450492463472,
        "ScvO2": 0.4898086703343649,
        "water_volume": 0.26084367328981173,
        "n": 1.4,
        "g": 0.94,
        "muspx": 0.0702745899146342,
        "fray": 0.5450169423956458,
        "bmie": 2.9599868824627924
    },
    "IJV": {
        "blood_volume_fraction": 2.371994332949574,
        "ScvO2": 0.5941677469097769,
        "water_volume": 0.5140597481612008,
        "n": 1.4,
        "g": 0.94,
        "muspx": 0.22151602578829044,
        "fray": 0.9427271401804337,
        "bmie": 0.5842261956075978
    },
    "CCA": {
        "blood_volume_fraction": 2.8956306749453287,
        "ScvO2": 0.8673306141560081,
        "water_volume": 0.7887777630506178,
        "n": 1.4,
        "g": 0.94,
        "muspx": 0.3445134440001385,
        "fray": 0.22396638282518244,
        "bmie": 0.12914811891957068
    },
    "geometry": {
        "skin_thickness": 0.48385247312360136,
        "ijv_radius": 2.9214495811112506,
        "ijv_depth": 7.688777692025102,
        "cca_radius": 3.8676797727301433,
        "cca_depth": 12.045736525227532,
        "ijv_cca_distance": 9.989802152960612
    }
}