{
    "CCA": {
        "n": 1.4,
        "blood_volume_fraction": 18.033066867122795,
        "fray": 0.4456440516026373,
        "g": 0.94,
        "ScvO2": 0.35973329705175805,
        "muspx": 1.5730113109933794,
        "bmie": 0.8961635851161421,
        "water_volume": 0.034602715473802226
    },
    "muscle": {
        "n": 1.4,
        "blood_volume_fraction": 0.8710705717567091,
        "fray": 0.013683903045034751,
        "g": 0.94,
        "ScvO2": 0.7213120289496479,
        "muspx": 0.7651587013376058,
        "bmie": 1.987870235866085,
        "water_volume": 0.597717693556135
    },
    "IJV": {
        "n": 1.4,
        "blood_volume_fraction": 3.916251038882612,
        "fray": 0.8991499276073833,
        "g": 0.94,
        "ScvO2": 0.5528550379491346,
        "muspx": 1.7676297145568827,
        "bmie": 0.34674851304081244,
        "water_volume": 0.7681754309804061
    },
    "skin": {
        "n": 1.4,
        "blood_volume_fraction": 0.002337381824639319,
        "fray": 0.7440916716864676,
        "g": 0.8116164213141969,
        "ScvO2": 0.991084220025512,
        "muspx": 5.772970572070449,
        "bmie": 0.7285387398591696,
        "water_volume": 0.21141329537958017
    },
    "geometry": {
        "cca_radius": 4.293100765245343,
        "ijv_radius": 2.9111011904796396,
        "ijv_cca_distance": 10.650929866484724,
        "skin_thickness": 0.4084970839792841,
        "ijv_depth": 9.464035152077845,
        "cca_depth": 12.893076313586135
    }
}