{
    "skin": {
        "blood_volume_fraction": 0.002048809529149911,
        "ScvO2": 0.9887637842755008,
        "water_volume": 0.16809174556098963,
        "n": 1.4,
        "g": 0.8669279747289325,
        "muspx": 3.914329224008326,
        "fray": 0.5787542368406926,
        "bmie": 0.3253989890576755
    },
    "muscle": {
        "blood_volume_fraction": 1.0827349175572265,
        "ScvO2": 0.11016568333776511,
        "water_volume": 0.8564355663979751,
        "n": 1.4,
        "g": 0.94,
        "muspx": 0.5600813288421524,
        "fray": 0.3612724532430882,
        "bmie": 1.0214615483336376
    },
    "IJV": {
        "blood_volume_fraction": 1.8121549066065445,
        "ScvO2": 0.885399005986405,
        "water_volume": 0.89870898895156,
        "n": 1.4,
        "g": 0.94,
        "muspx": 1.566153711661741,
        "fray": 0.8533569755646194,
        "bmie": 0.18514446667361872
    },
    "CCA": {
        "blood_volume_fraction": 0.9029251660315318,
        "ScvO2": 0.7339227668086991,
        "water_volume": 0.43576204165590393,
        "n": 1.4,
        "g": 0.94,
        "muspx": 0.8478459204178617,
        "fray": 0.7113227464657224,
        "bmie": 0.6147765636219937
    },
    "geometry": {
        "skin_thickness": 0.3686452636143803,
        "ijv_radius": 2.5070360477085227,
        "ijv_depth": 6.469314688191204,
        "cca_radius": 4.11919260408864,
        "cca_depth": 9.843222817657256,
        "ijv_cca_distance": 10.23540087530882
    }
}