{
    "skin": {
        "blood_volume_fraction": 0.003549482978547067,
        "ScvO2": 0.9818097588416455,
        "water_volume": 0.20463190374575915,
        "n": 1.4,
        "g": 0.93932080970034,
        "muspx": 6.184380200525008,
        "fray": 0.3305845477071916,
        "bmie": 1.0673384346454604
    },
    "muscle": {
        "blood_volume_fraction": 3.3365937763919873,
        "ScvO2": 0.15496276082218507,
        "water_volume": 0.757575504895295,
        "n": 1.4,
        "g": 0.94,
        "muspx": 0.6917211745363141,
        "fray": 0.9027541250510956,
        "bmie": 3.75299245244588
    },
    "IJV": {
        "blood_volume_fraction": 9.719730019141675,
        "ScvO2": 0.1600120994890506,
        "water_volume": 0.0659038124064193,
        "n": 1.4,
        "g": 0.94,
        "muspx": 1.382562662725651,
        "fray": 0.00611678348856648,
        "bmie": 0.49379966164071953
    },
    "CCA": {
        "blood_volume_fraction": 7.3748488092687925,
        "ScvO2": 0.38027005127382973,
        "water_volume": 0.173188956584032,
        "n": 1.4,
        "g": 0.94,
        "muspx": 1.6992645880661421,
        "fray": 0.6390721814097959,
        "bmie": 0.7791176925042828
    },
    "geometry": {
        "skin_thickness": 0.3297162375614861,
        "ijv_radius": 5.375698875674654,
        "ijv_depth": 15.997950834149977,
        "cca_radius": 3.156648246334547,
        "cca_depth": 21.304226133878394,
        "ijv_cca_distance": 8.51516763718586
    }
}