{
    "CCA": {
        "n": 1.4,
        "blood_volume_fraction": 14.954020143979818,
        "fray": 0.9477302995660708,
        "g": 0.94,
        "ScvO2": 0.8660538213676452,
        "muspx": 1.3320339906419199,
        "bmie": 0.9913929922023732,
        "water_volume": 0.24768941369340414
    },
    "muscle": {
        "n": 1.4,
        "blood_volume_fraction": 2.891253472785855,
        "fray": 0.5812295815336801,
        "g": 0.94,
        "ScvO2": 0.12418130698272478,
        "muspx": 0.03980268950709065,
        "bmie": 4.669742012689297,
        "water_volume": 0.5994686861262929
    },
    "IJV": {
        "n": 1.4,
        "blood_volume_fraction": 5.510535561007304,
        "fray": 0.23065164888718037,
        "g": 0.94,
        "ScvO2": 0.456394404384038,
        "muspx": 0.670312448282713,
        "bmie": 0.7852913863210761,
        "water_volume": 0.5987970378712945
    },
    "skin": {
        "n": 1.4,
        "blood_volume_fraction": 0.0037711342753191856,
        "fray": 0.3008380659294816,
        "g": 0.8727490870914124,
        "ScvO2": 0.9681955537569154,
        "muspx": 6.488170509875208,
        "bmie": 0.48637862953553346,
        "water_volume": 0.1937671908548097
    },
    "geometry": {
        "cca_radius": 3.0087333739721673,
        "ijv_radius": 4.744664875891518,
        "ijv_cca_distance": 11.849866449576608,
        "skin_thickness": 0.22547213762680762,
        "ijv_depth": 15.634713744421928,
        "cca_depth": 17.596493978542938
    }
}