{
    "skin": {
        "blood_volume_fraction": 0.001440697596189828,
        "ScvO2": 0.9825984672274864,
        "water_volume": 0.19647609289276166,
        "n": 1.4,
        "g": 0.9393487860615464,
        "muspx": 6.15164879847565,
        "fray": 0.748601656389646,
        "bmie": 0.8605972482008662
    },
    "muscle": {
        "blood_volume_fraction": 8.730668649852053,
        "ScvO2": 0.30594169562091433,
        "water_volume": 0.9884335947618454,
        "n": 1.4,
        "g": 0.94,
        "muspx": 1.5305724022395986,
        "fray": 0.7056406344242204,
        "bmie": 3.8996464130469026
    },
    "IJV": {
        "blood_volume_fraction": 0.637905865195787,
        "ScvO2": 0.6907886717403319,
        "water_volume": 0.6581678242463792,
        "n": 1.4,
        "g": 0.94,
        "muspx": 0.5913532369704739,
        "fray": 0.7807778056341932,
        "bmie": 0.26839018109840596
    },
    "CCA": {
        "blood_volume_fraction": 2.691753192552613,
        "ScvO2": 0.42134839395021606,
        "water_volume": 0.5050991280679267,
        "n": 1.4,
        "g": 0.94,
        "muspx": 1.8057981037394661,
        "fray": 0.6366395595181075,
        "bmie": 0.15139955422052087
    },
    "geometry": {
        "skin_thickness": 0.8528366692420856,
        "ijv_radius": 3.348825820093353,
        "ijv_depth": 17.13210758024602,
        "cca_radius": 3.1349945015362453,
        "cca_depth": 24.857753775004113,
        "ijv_cca_distance": 8.612568158578897
    }
}