{
    "skin": {
        "blood_volume_fraction": 0.003688507938588743,
        "ScvO2": 0.9863079096363446,
        "water_volume": 0.20322545874010695,
        "n": 1.4,
        "g": 0.9819645721737615,
        "muspx": 5.2952587396952575,
        "fray": 0.4829452816187746,
        "bmie": 1.0069717220847338
    },
    "muscle": {
        "blood_volume_fraction": 12.164190742552687,
        "ScvO2": 0.5449261874033274,
        "water_volume": 0.923906531134787,
        "n": 1.4,
        "g": 0.94,
        "muspx": 0.5446218101822056,
        "fray": 0.558493263222709,
        "bmie": 3.913759195931716
    },
    "IJV": {
        "blood_volume_fraction": 0.15444282366919415,
        "ScvO2": 0.7905124030054747,
        "water_volume": 0.7404852419907679,
        "n": 1.4,
        "g": 0.94,
        "muspx": 1.8831318456634192,
        "fray": 0.3794888771083218,
        "bmie": 0.36539823219610645
    },
    "CCA": {
        "blood_volume_fraction": 2.3976702886689583,
        "ScvO2": 0.5935752054464519,
        "water_volume": 0.9172313857862361,
        "n": 1.4,
        "g": 0.94,
        "muspx": 1.2788464241346564,
        "fray": 0.5252705403114474,
        "bmie": 0.8740303255774247
    },
    "geometry": {
        "skin_thickness": 0.8495973480424641,
        "ijv_radius": 3.4983744994296497,
        "ijv_depth": 13.988236574322311,
        "cca_radius": 2.5705998980718814,
        "cca_depth": 15.867098182724447,
        "ijv_cca_distance": 8.131962762679713
    }
}