{
    "skin": {
        "ScvO2": 0.9868102630113482,
        "n": 1.4,
        "water_volume": 0.19034490728540066,
        "muspx": 4.091438658400324,
        "blood_volume_fraction": 0.0024452737447369028,
        "bmie": 0.678812312273783,
        "g": 0.8887296760000571,
        "fray": 0.23969804165989766
    },
    "geometry": {
        "cca_depth": 24.864181001854597,
        "ijv_cca_distance": 12.10983021486459,
        "skin_thickness": 0.29709775780572034,
        "ijv_radius": 9.478606886804904,
        "ijv_depth": 18.534894945711525,
        "cca_radius": 3.0499605332436763
    },
    "muscle": {
        "ScvO2": 0.43385566257759456,
        "n": 1.4,
        "water_volume": 0.9469593136604497,
        "muspx": 0.5003627323487332,
        "blood_volume_fraction": 4.15032090993722,
        "bmie": 0.49494975766574245,
        "g": 0.94,
        "fray": 0.7292962276599515
    },
    "CCA": {
        "ScvO2": 0.5556928043275853,
        "n": 1.4,
        "water_volume": 0.17703131243243153,
        "muspx": 1.051130908551845,
        "blood_volume_fraction": 13.974810331297912,
        "bmie": 0.3064473299090631,
        "g": 0.94,
        "fray": 0.31030609740322046
    },
    "IJV": {
        "ScvO2": 0.7486781031574596,
        "n": 1.4,
        "water_volume": 0.48420902803162846,
        "muspx": 1.4831517542835129,
        "blood_volume_fraction": 3.585272635465351,
        "bmie": 0.8912539421569402,
        "g": 0.94,
        "fray": 0.40793178797166296
    }
}