{
    "skin": {
        "blood_volume_fraction": 0.00391981293665611,
        "ScvO2": 0.9830796773280756,
        "water_volume": 0.1873147145611734,
        "n": 1.4,
        "g": 0.9670548112848194,
        "muspx": 5.6536652653173896,
        "fray": 0.3843351922653625,
        "bmie": 0.8084925398719535
    },
    "muscle": {
        "blood_volume_fraction": 3.542004532975176,
        "ScvO2": 0.8016365554155164,
        "water_volume": 0.967765768396028,
        "n": 1.4,
        "g": 0.94,
        "muspx": 1.7454050427799197,
        "fray": 0.870345445978439,
        "bmie": 0.4571499328130568
    },
    "IJV": {
        "blood_volume_fraction": 19.213396338149327,
        "ScvO2": 0.305048416474051,
        "water_volume": 0.3943841087841188,
        "n": 1.4,
        "g": 0.94,
        "muspx": 1.0454449466455706,
        "fray": 0.36777837662553736,
        "bmie": 0.6048657755479754
    },
    "CCA": {
        "blood_volume_fraction": 7.845861132283214,
        "ScvO2": 0.5740610787687992,
        "water_volume": 0.8816605406524662,
        "n": 1.4,
        "g": 0.94,
        "muspx": 1.1437593892849889,
        "fray": 0.2735175177174113,
        "bmie": 0.3062062727752657
    },
    "geometry": {
        "skin_thickness": 0.8087831910916481,
        "ijv_radius": 9.729561817731229,
        "ijv_depth": 23.95207114786679,
        "cca_radius": 3.2275619678017184,
        "cca_depth": 24.37393013438003,
        "ijv_cca_distance": 14.108253096248967
    }
}