{
    "skin": {
        "blood_volume_fraction": 0.001640222359603152,
        "ScvO2": 0.9836088166575931,
        "water_volume": 0.19621440846237873,
        "n": 1.4,
        "g": 0.8959793611050277,
        "muspx": 4.437997084387611,
        "fray": 0.6214894102242735,
        "bmie": 0.30740198124149476
    },
    "muscle": {
        "blood_volume_fraction": 10.935300399685223,
        "ScvO2": 0.22957971011714362,
        "water_volume": 0.08483294688101839,
        "n": 1.4,
        "g": 0.94,
        "muspx": 1.8856101462743282,
        "fray": 0.19928454544627972,
        "bmie": 4.846555998421029
    },
    "IJV": {
        "blood_volume_fraction": 17.20405085311868,
        "ScvO2": 0.9559933103600834,
        "water_volume": 0.7565091731054828,
        "n": 1.4,
        "g": 0.94,
        "muspx": 1.1919483388279697,
        "fray": 0.7642749968243744,
        "bmie": 0.13554029992409977
    },
    "CCA": {
        "blood_volume_fraction": 16.677235837032164,
        "ScvO2": 0.030840600746392388,
        "water_volume": 0.05684470577876788,
        "n": 1.4,
        "g": 0.94,
        "muspx": 1.8489293474684325,
        "fray": 0.7615002498835548,
        "bmie": 0.3375826012575047
    },
    "geometry": {
        "skin_thickness": 0.25884392644340865,
        "ijv_radius": 3.3825659547554174,
        "ijv_depth": 12.970503028828158,
        "cca_radius": 3.0018338966155946,
        "cca_depth": 18.101028767997292,
        "ijv_cca_distance": 6.03385261259394
    }
}