{
    "skin": {
        "blood_volume_fraction": 0.002385274115265524,
        "ScvO2": 0.9789849054234339,
        "water_volume": 0.16937217159927087,
        "n": 1.4,
        "g": 0.9218113829386361,
        "muspx": 6.586300860520543,
        "fray": 0.6080188701721894,
        "bmie": 1.0792878808500257
    },
    "muscle": {
        "blood_volume_fraction": 13.610252914816448,
        "ScvO2": 0.2337894673045936,
        "water_volume": 0.6356953819135064,
        "n": 1.4,
        "g": 0.94,
        "muspx": 0.8977688430374828,
        "fray": 0.4090408439159384,
        "bmie": 2.711429159345548
    },
    "IJV": {
        "blood_volume_fraction": 4.093484930530251,
        "ScvO2": 0.39743934762726196,
        "water_volume": 0.3826991241196237,
        "n": 1.4,
        "g": 0.94,
        "muspx": 1.350104864650154,
        "fray": 0.6392228730184017,
        "bmie": 0.5541877212897469
    },
    "CCA": {
        "blood_volume_fraction": 7.617892118478267,
        "ScvO2": 0.35257239766581305,
        "water_volume": 0.18512844728545041,
        "n": 1.4,
        "g": 0.94,
        "muspx": 1.4888638751714027,
        "fray": 0.032279563493022745,
        "bmie": 0.5767775822801177
    },
    "geometry": {
        "skin_thickness": 0.5190077703782564,
        "ijv_radius": 6.169895569941137,
        "ijv_depth": 16.128256481518477,
        "cca_radius": 3.458895397271569,
        "cca_depth": 18.2455091317767,
        "ijv_cca_distance": 10.898026578149269
    }
}