{
    "skin": {
        "blood_volume_fraction": 0.002681916859775434,
        "ScvO2": 0.9641285530897372,
        "water_volume": 0.19405583319431596,
        "n": 1.4,
        "g": 0.9463681285582026,
        "muspx": 5.928537290111658,
        "fray": 0.5638432625355687,
        "bmie": 1.0059175077993352
    },
    "muscle": {
        "blood_volume_fraction": 5.433597795774572,
        "ScvO2": 0.18035848122539944,
        "water_volume": 0.7601653586890195,
        "n": 1.4,
        "g": 0.94,
        "muspx": 1.632195201650125,
        "fray": 0.0846300235918519,
        "bmie": 3.458400593400572
    },
    "IJV": {
        "blood_volume_fraction": 2.4626759902155126,
        "ScvO2": 0.3851108707661709,
        "water_volume": 0.49252205847416575,
        "n": 1.4,
        "g": 0.94,
        "muspx": 0.11596014827383327,
        "fray": 0.9291314332894686,
        "bmie": 0.14487641830069653
    },
    "CCA": {
        "blood_volume_fraction": 4.644043063552006,
        "ScvO2": 0.8505599642656655,
        "water_volume": 0.32328085044058863,
        "n": 1.4,
        "g": 0.94,
        "muspx": 0.34160973863236,
        "fray": 0.14377485796642397,
        "bmie": 0.5191002220606491
    },
    "geometry": {
        "skin_thickness": 0.11864646953324644,
        "ijv_radius": 7.120713145974752,
        "ijv_depth": 12.538133357999474,
        "cca_radius": 2.617336994765588,
        "cca_depth": 23.162550076922457,
        "ijv_cca_distance": 8.454282996666585
    }
}