{
    "CCA": {
        "n": 1.4,
        "blood_volume_fraction": 14.904772451938491,
        "fray": 0.16590828671487545,
        "g": 0.94,
        "ScvO2": 0.769062140119137,
        "muspx": 1.7722453123005895,
        "bmie": 0.556912062764624,
        "water_volume": 0.015778765498127734
    },
    "muscle": {
        "n": 1.4,
        "blood_volume_fraction": 11.158198431012675,
        "fray": 0.5562580353697837,
        "g": 0.94,
        "ScvO2": 0.5054037324959987,
        "muspx": 0.24021642078883487,
        "bmie": 4.16130042818656,
        "water_volume": 0.14467484658272856
    },
    "IJV": {
        "n": 1.4,
        "blood_volume_fraction": 4.555348467535671,
        "fray": 0.6398449031418626,
        "g": 0.94,
        "ScvO2": 0.5790042117463516,
        "muspx": 0.9015626597269781,
        "bmie": 0.251227126394575,
        "water_volume": 0.8688907949060342
    },
    "skin": {
        "n": 1.4,
        "blood_volume_fraction": 0.0024358907749189363,
        "fray": 0.5655436326445946,
        "g": 0.9979623502915053,
        "ScvO2": 0.9925483272118615,
        "muspx": 5.89826443880812,
        "bmie": 0.9573973458171882,
        "water_volume": 0.2126656532319797
    },
    "geometry": {
        "cca_radius": 2.6863234677246512,
        "ijv_radius": 7.992582942504346,
        "ijv_cca_distance": 12.992660770393611,
        "skin_thickness": 0.19094208223304174,
        "ijv_depth": 9.577306374302887,
        "cca_depth": 11.274541549798359
    }
}