{
    "skin": {
        "blood_volume_fraction": 0.002310284683500028,
        "ScvO2": 0.985053980785047,
        "water_volume": 0.1704031325167564,
        "n": 1.4,
        "g": 0.9401672843617783,
        "muspx": 4.402494031571827,
        "fray": 0.48139370003142734,
        "bmie": 0.35159696703579935
    },
    "muscle": {
        "blood_volume_fraction": 9.656657685643168,
        "ScvO2": 0.7687104745671494,
        "water_volume": 0.9075616018927036,
        "n": 1.4,
        "g": 0.94,
        "muspx": 0.7648478837081241,
        "fray": 0.23895431375105813,
        "bmie": 2.6163638117177523
    },
    "IJV": {
        "blood_volume_fraction": 15.686547679226656,
        "ScvO2": 0.7911888652374249,
        "water_volume": 0.598691578721387,
        "n": 1.4,
        "g": 0.94,
        "muspx": 0.0017747226641122715,
        "fray": 0.26459938437897623,
        "bmie": 0.0634852501089943
    },
    "CCA": {
        "blood_volume_fraction": 5.5603928754783905,
        "ScvO2": 0.40597456048204783,
        "water_volume": 0.4194641242098355,
        "n": 1.4,
        "g": 0.94,
        "muspx": 0.7944992993483493,
        "fray": 0.8084138655483533,
        "bmie": 0.22910104427831668
    },
    "geometry": {
        "skin_thickness": 0.8566711524359132,
        "ijv_radius": 7.015101648971497,
        "ijv_depth": 20.379745323030267,
        "cca_radius": 3.198415938808865,
        "cca_depth": 22.635041014264534,
        "ijv_cca_distance": 11.686890273381406
    }
}