{
    "skin": {
        "blood_volume_fraction": 0.0029495696644579288,
        "ScvO2": 0.9978179366740433,
        "water_volume": 0.18927876343740882,
        "n": 1.4,
        "g": 0.8429350740275319,
        "muspx": 5.969363993426308,
        "fray": 0.4083288911650875,
        "bmie": 1.1303276682930818
    },
    "muscle": {
        "blood_volume_fraction": 6.616893271619626,
        "ScvO2": 0.4862572748844407,
        "water_volume": 0.7859272754153611,
        "n": 1.4,
        "g": 0.94,
        "muspx": 1.7622710124255496,
        "fray": 0.6715320287383181,
        "bmie": 3.480202602775731
    },
    "IJV": {
        "blood_volume_fraction": 2.7201309260117257,
        "ScvO2": 0.7167471226775288,
        "water_volume": 0.9728646905957392,
        "n": 1.4,
        "g": 0.94,
        "muspx": 1.601192817837281,
        "fray": 0.10727059419614837,
        "bmie": 0.6024354273553936
    },
    "CCA": {
        "blood_volume_fraction": 2.005831588657956,
        "ScvO2": 0.7583524568843708,
        "water_volume": 0.9196346751816857,
        "n": 1.4,
        "g": 0.94,
        "muspx": 0.7741636106173821,
        "fray": 0.3725161869725052,
        "bmie": 0.960957811665753
    },
    "geometry": {
        "skin_thickness": 0.9512158937152388,
        "ijv_radius": 4.057581878026817,
        "ijv_depth": 13.746963105247,
        "cca_radius": 2.6772900276978175,
        "cca_depth": 24.023526818104543,
        "ijv_cca_distance": 7.870406461442238
    }
}