{
    "skin": {
        "blood_volume_fraction": 0.0012182251205215787,
        "ScvO2": 0.9921063627275875,
        "water_volume": 0.19967774757834147,
        "n": 1.4,
        "g": 0.907628955227491,
        "muspx": 4.955977955968617,
        "fray": 0.4948594396992415,
        "bmie": 0.8732775478833289
    },
    "muscle": {
        "blood_volume_fraction": 11.830506692428868,
        "ScvO2": 0.5390456536093493,
        "water_volume": 0.9727869287538133,
        "n": 1.4,
        "g": 0.94,
        "muspx": 1.6406873514761156,
        "fray": 0.08564850449229455,
        "bmie": 0.3879466315404628
    },
    "IJV": {
        "blood_volume_fraction": 8.486965816957348,
        "ScvO2": 0.22947395068485166,
        "water_volume": 0.2013945518990511,
        "n": 1.4,
        "g": 0.94,
        "muspx": 0.14277117661814187,
        "fray": 0.2743681009600051,
        "bmie": 0.004910059566431979
    },
    "CCA": {
        "blood_volume_fraction": 15.104122527556532,
        "ScvO2": 0.08683106003674146,
        "water_volume": 0.7671674328565078,
        "n": 1.4,
        "g": 0.94,
        "muspx": 1.7513888259744603,
        "fray": 0.9840047728628165,
        "bmie": 0.23698307175439504
    },
    "geometry": {
        "skin_thickness": 0.8037916739153772,
        "ijv_radius": 5.888072912027904,
        "ijv_depth": 20.420208966508948,
        "cca_radius": 4.179162184289054,
        "cca_depth": 22.334790090869838,
        "ijv_cca_distance": 14.881282967078153
    }
}