{
    "skin": {
        "blood_volume_fraction": 0.003016436840201829,
        "ScvO2": 0.9830521951789759,
        "water_volume": 0.17222466665411554,
        "n": 1.4,
        "g": 0.8670641338685442,
        "muspx": 5.722785061897328,
        "fray": 0.4974464876650989,
        "bmie": 0.39629500660383143
    },
    "muscle": {
        "blood_volume_fraction": 8.54079734623449,
        "ScvO2": 0.8983491385140221,
        "water_volume": 0.9782589038326952,
        "n": 1.4,
        "g": 0.94,
        "muspx": 1.278738216259072,
        "fray": 0.7099787810866236,
        "bmie": 3.560174956847733
    },
    "IJV": {
        "blood_volume_fraction": 6.45746024595701,
        "ScvO2": 0.6723312558906133,
        "water_volume": 0.5101534429292358,
        "n": 1.4,
        "g": 0.94,
        "muspx": 0.7235677981989377,
        "fray": 0.6792837693651066,
        "bmie": 0.10417271910574788
    },
    "CCA": {
        "blood_volume_fraction": 17.668069923387314,
        "ScvO2": 0.307459095223762,
        "water_volume": 0.756457517997636,
        "n": 1.4,
        "g": 0.94,
        "muspx": 0.019549037727395913,
        "fray": 0.6697455564684711,
        "bmie": 0.1135616813671475
    },
    "geometry": {
        "skin_thickness": 0.3217995721832908,
        "ijv_radius": 8.340332151896114,
        "ijv_depth": 18.846791445091505,
        "cca_radius": 3.7491100096952654,
        "cca_depth": 24.982164712956582,
        "ijv_cca_distance": 13.189826288067263
    }
}