{
    "skin": {
        "blood_volume_fraction": 0.0026361275354391325,
        "ScvO2": 0.9654283128692387,
        "water_volume": 0.19523378585325563,
        "n": 1.4,
        "g": 0.8527698800464644,
        "muspx": 4.5422421439900535,
        "fray": 0.399754929610415,
        "bmie": 0.7555917453122775
    },
    "muscle": {
        "blood_volume_fraction": 18.3174549424894,
        "ScvO2": 0.34316772529811224,
        "water_volume": 0.6880470944415058,
        "n": 1.4,
        "g": 0.94,
        "muspx": 1.136436066439434,
        "fray": 0.8410712956273095,
        "bmie": 2.992539624160542
    },
    "IJV": {
        "blood_volume_fraction": 19.91386081339891,
        "ScvO2": 0.800169692237505,
        "water_volume": 0.00936799167571234,
        "n": 1.4,
        "g": 0.94,
        "muspx": 0.69640103335912,
        "fray": 0.42012290738087044,
        "bmie": 0.14826266425478574
    },
    "CCA": {
        "blood_volume_fraction": 4.814615214200167,
        "ScvO2": 0.17801383082069855,
        "water_volume": 0.8850017051612509,
        "n": 1.4,
        "g": 0.94,
        "muspx": 0.0863046081927874,
        "fray": 0.6682180999117002,
        "bmie": 0.4260722599604595
    },
    "geometry": {
        "skin_thickness": 0.36649585872443025,
        "ijv_radius": 9.152085082589299,
        "ijv_depth": 21.77074461935398,
        "cca_radius": 2.5859642968877443,
        "cca_depth": 25.978129793323944,
        "ijv_cca_distance": 14.006572252640048
    }
}