{
    "skin": {
        "blood_volume_fraction": 0.0016848520723138838,
        "ScvO2": 0.9836669337849009,
        "water_volume": 0.17624649149910782,
        "n": 1.4,
        "g": 0.8422705361070097,
        "muspx": 4.71225291165811,
        "fray": 0.5175841854234593,
        "bmie": 0.4017849193926461
    },
    "muscle": {
        "blood_volume_fraction": 5.247507142949686,
        "ScvO2": 0.2462308921987949,
        "water_volume": 0.07925271766418196,
        "n": 1.4,
        "g": 0.94,
        "muspx": 1.466500688725261,
        "fray": 0.5456999337200594,
        "bmie": 4.6105470246097155
    },
    "IJV": {
        "blood_volume_fraction": 10.809951877984334,
        "ScvO2": 0.008360442716956129,
        "water_volume": 0.9449450366108502,
        "n": 1.4,
        "g": 0.94,
        "muspx": 0.1766221814776603,
        "fray": 0.9146432268711879,
        "bmie": 0.916365768762094
    },
    "CCA": {
        "blood_volume_fraction": 8.50011559096661,
        "ScvO2": 0.70252668857894,
        "water_volume": 0.06231570002803111,
        "n": 1.4,
        "g": 0.94,
        "muspx": 0.10862913069854008,
        "fray": 0.8733559419061856,
        "bmie": 0.9578621952055408
    },
    "geometry": {
        "skin_thickness": 0.2778131065238292,
        "ijv_radius": 6.3025416085052814,
        "ijv_depth": 18.09328662036568,
        "cca_radius": 4.040350887028404,
        "cca_depth": 25.462919483681095,
        "ijv_cca_distance": 7.319416690649307
    }
}