{
    "skin": {
        "blood_volume_fraction": 0.0034316509932040187,
        "ScvO2": 0.9758942557902254,
        "water_volume": 0.20121844709982417,
        "n": 1.4,
        "g": 0.9364530497912597,
        "muspx": 5.104541752849533,
        "fray": 0.5527595378752462,
        "bmie": 0.5993927613454542
    },
    "muscle": {
        "blood_volume_fraction": 12.922763811401117,
        "ScvO2": 0.08115869060140668,
        "water_volume": 0.5454053940625946,
        "n": 1.4,
        "g": 0.94,
        "muspx": 0.4608106315796159,
        "fray": 0.2452371162290483,
        "bmie": 3.1338842354611263
    },
    "IJV": {
        "blood_volume_fraction": 19.451905213237172,
        "ScvO2": 0.9471040696863043,
        "water_volume": 0.32251014690611657,
        "n": 1.4,
        "g": 0.94,
        "muspx": 1.4628412749979784,
        "fray": 0.16945661212800012,
        "bmie": 0.9721380694861668
    },
    "CCA": {
        "blood_volume_fraction": 8.044959722582906,
        "ScvO2": 0.5514607609482838,
        "water_volume": 0.9659575696912441,
        "n": 1.4,
        "g": 0.94,
        "muspx": 0.2806159653726694,
        "fray": 0.202035866447147,
        "bmie": 0.344413562457073
    },
    "geometry": {
        "skin_thickness": 0.6929226542327491,
        "ijv_radius": 3.5539811005190334,
        "ijv_depth": 11.318585786983792,
        "cca_radius": 3.663790309329782,
        "cca_depth": 15.035521920141989,
        "ijv_cca_distance": 7.059520282183076
    }
}