{
    "skin": {
        "blood_volume_fraction": 0.0022724984583751585,
        "ScvO2": 0.9725381904838231,
        "water_volume": 0.16798788882042223,
        "n": 1.4,
        "g": 0.9666175410013146,
        "muspx": 6.502321703610477,
        "fray": 0.2865098694016278,
        "bmie": 0.9895061432536154
    },
    "muscle": {
        "blood_volume_fraction": 6.815797947525493,
        "ScvO2": 0.35058097660881604,
        "water_volume": 0.8245718968503701,
        "n": 1.4,
        "g": 0.94,
        "muspx": 1.569316440964159,
        "fray": 0.2989248101459293,
        "bmie": 0.7286796535697265
    },
    "IJV": {
        "blood_volume_fraction": 11.832759084903001,
        "ScvO2": 0.6212518351794548,
        "water_volume": 0.7548136361071515,
        "n": 1.4,
        "g": 0.94,
        "muspx": 0.5671770618645502,
        "fray": 0.5041259700896122,
        "bmie": 0.7069830377409869
    },
    "CCA": {
        "blood_volume_fraction": 4.711940537620678,
        "ScvO2": 0.9417556401568203,
        "water_volume": 0.001635984963904269,
        "n": 1.4,
        "g": 0.94,
        "muspx": 0.4898764308793533,
        "fray": 0.2035287379108034,
        "bmie": 0.21627889245943954
    },
    "geometry": {
        "skin_thickness": 0.8851049234398193,
        "ijv_radius": 8.514753837867307,
        "ijv_depth": 16.702602400965365,
        "cca_radius": 2.505554338685056,
        "cca_depth": 24.607370301893546,
        "ijv_cca_distance": 12.013048984740267
    }
}