{
    "skin": {
        "blood_volume_fraction": 0.003382746174439998,
        "ScvO2": 0.9926566253617201,
        "water_volume": 0.20407606619211988,
        "n": 1.4,
        "g": 0.8754773637168584,
        "muspx": 4.0114980125945925,
        "fray": 0.4823262307061006,
        "bmie": 0.4015396447665006
    },
    "muscle": {
        "blood_volume_fraction": 19.74175780273377,
        "ScvO2": 0.6395868749298393,
        "water_volume": 0.909312875973512,
        "n": 1.4,
        "g": 0.94,
        "muspx": 0.04720099917309728,
        "fray": 0.5902189791109448,
        "bmie": 2.0619591251654734
    },
    "IJV": {
        "blood_volume_fraction": 7.994924051056353,
        "ScvO2": 0.5644633636943626,
        "water_volume": 0.19517571769284103,
        "n": 1.4,
        "g": 0.94,
        "muspx": 1.8011899483511389,
        "fray": 0.27544674970687,
        "bmie": 0.12826848592411932
    },
    "CCA": {
        "blood_volume_fraction": 9.636778694104528,
        "ScvO2": 0.4513912900924194,
        "water_volume": 0.931146654465437,
        "n": 1.4,
        "g": 0.94,
        "muspx": 1.3328259215608151,
        "fray": 0.7403443298441607,
        "bmie": 0.5394669947813236
    },
    "geometry": {
        "skin_thickness": 0.8594287786311313,
        "ijv_radius": 6.054352176475992,
        "ijv_depth": 9.110538477555714,
        "cca_radius": 2.878271446033768,
        "cca_depth": 20.237328910558496,
        "ijv_cca_distance": 7.19833988964151
    }
}