{
    "skin": {
        "ScvO2": 0.9738696095248168,
        "n": 1.4,
        "water_volume": 0.17961703841877044,
        "muspx": 5.5601689268649785,
        "blood_volume_fraction": 0.002260574215105132,
        "bmie": 0.5833270465972067,
        "g": 0.9371386176435434,
        "fray": 0.6890919341330382
    },
    "geometry": {
        "cca_depth": 22.851239121631643,
        "ijv_cca_distance": 17.45542887612163,
        "skin_thickness": 0.7403728638639965,
        "ijv_radius": 10.226020907528678,
        "ijv_depth": 18.457431695550312,
        "cca_radius": 3.128759366831526
    },
    "muscle": {
        "ScvO2": 0.01864219626749386,
        "n": 1.4,
        "water_volume": 0.422232488468565,
        "muspx": 1.516397540094026,
        "blood_volume_fraction": 4.047121744226214,
        "bmie": 3.7273872537736965,
        "g": 0.94,
        "fray": 0.044410657903345196
    },
    "CCA": {
        "ScvO2": 0.6374269775899138,
        "n": 1.4,
        "water_volume": 0.015174852789368476,
        "muspx": 1.5843724789399627,
        "blood_volume_fraction": 13.209395215997208,
        "bmie": 0.6530840363586922,
        "g": 0.94,
        "fray": 0.2974107701134808
    },
    "IJV": {
        "ScvO2": 0.840194935949408,
        "n": 1.4,
        "water_volume": 0.23530634347190016,
        "muspx": 1.54017229817613,
        "blood_volume_fraction": 12.919368671574432,
        "bmie": 0.1812100849804812,
        "g": 0.94,
        "fray": 0.6003431730837181
    }
}