{
    "skin": {
        "blood_volume_fraction": 0.0022535744168755397,
        "ScvO2": 0.9627788235337298,
        "water_volume": 0.16983964584941094,
        "n": 1.4,
        "g": 0.9116366262296586,
        "muspx": 3.7307612161312704,
        "fray": 0.3262849541834717,
        "bmie": 0.929741958822762
    },
    "muscle": {
        "blood_volume_fraction": 2.915311410219472,
        "ScvO2": 0.7070170311001236,
        "water_volume": 0.6572312275204847,
        "n": 1.4,
        "g": 0.94,
        "muspx": 0.80890425073498,
        "fray": 0.8425725411170017,
        "bmie": 0.14049832255566386
    },
    "IJV": {
        "blood_volume_fraction": 15.450602840569406,
        "ScvO2": 0.2811114839225417,
        "water_volume": 0.9670466783169437,
        "n": 1.4,
        "g": 0.94,
        "muspx": 0.4247450839777287,
        "fray": 0.03781360745702045,
        "bmie": 0.9626225437118904
    },
    "CCA": {
        "blood_volume_fraction": 17.651370471727425,
        "ScvO2": 0.5726378692986763,
        "water_volume": 0.11889264303714586,
        "n": 1.4,
        "g": 0.94,
        "muspx": 1.0739032398157575,
        "fray": 0.9699489091173848,
        "bmie": 0.7770120306228323
    },
    "geometry": {
        "skin_thickness": 0.9403174724278754,
        "ijv_radius": 3.9683185106783956,
        "ijv_depth": 11.161031723316633,
        "cca_radius": 3.871325308204714,
        "cca_depth": 12.759894554618223,
        "ijv_cca_distance": 9.44902558084842
    }
}