{
    "CCA": {
        "n": 1.4,
        "blood_volume_fraction": 13.564205005581421,
        "fray": 0.5637754822913593,
        "g": 0.94,
        "ScvO2": 0.30381796634112934,
        "muspx": 0.17981871377512415,
        "bmie": 0.730249645515,
        "water_volume": 0.09527854499467492
    },
    "muscle": {
        "n": 1.4,
        "blood_volume_fraction": 2.9075888562063734,
        "fray": 0.8497623052919205,
        "g": 0.94,
        "ScvO2": 0.5598879164498559,
        "muspx": 1.2391866754984868,
        "bmie": 4.7702130107046035,
        "water_volume": 0.5810947424702191
    },
    "IJV": {
        "n": 1.4,
        "blood_volume_fraction": 16.06527808341106,
        "fray": 0.19053118119816004,
        "g": 0.94,
        "ScvO2": 0.28088549007513697,
        "muspx": 1.6082560723613843,
        "bmie": 0.9783070003586334,
        "water_volume": 0.1817973205585891
    },
    "skin": {
        "n": 1.4,
        "blood_volume_fraction": 0.0014309104109240457,
        "fray": 0.42442863427053223,
        "g": 0.8780764656579539,
        "ScvO2": 0.96502132664274,
        "muspx": 4.443313674280253,
        "bmie": 0.7944086443364187,
        "water_volume": 0.19517710373624955
    },
    "geometry": {
        "cca_radius": 3.835624593165258,
        "ijv_radius": 6.49410911170941,
        "ijv_cca_distance": 8.846474100637053,
        "skin_thickness": 0.5274771597280444,
        "ijv_depth": 20.270611476546208,
        "cca_depth": 25.79978983451712
    }
}