{
    "skin": {
        "blood_volume_fraction": 0.0028590706101277,
        "ScvO2": 0.9659025909394139,
        "water_volume": 0.1733024929219231,
        "n": 1.4,
        "g": 0.9471000590483325,
        "muspx": 5.853610079563647,
        "fray": 0.6996556944794233,
        "bmie": 0.5041847783985365
    },
    "muscle": {
        "blood_volume_fraction": 5.225374051536127,
        "ScvO2": 0.9817381179403157,
        "water_volume": 0.7455007879168342,
        "n": 1.4,
        "g": 0.94,
        "muspx": 1.5949645488668227,
        "fray": 0.6555045157155225,
        "bmie": 3.25859084662435
    },
    "IJV": {
        "blood_volume_fraction": 12.484486095774423,
        "ScvO2": 0.6406893208870835,
        "water_volume": 0.9746143831848454,
        "n": 1.4,
        "g": 0.94,
        "muspx": 0.11081822032447763,
        "fray": 0.5064280197653843,
        "bmie": 0.28837102245644763
    },
    "CCA": {
        "blood_volume_fraction": 2.029602866143283,
        "ScvO2": 0.6571147009820477,
        "water_volume": 0.8707405030573918,
        "n": 1.4,
        "g": 0.94,
        "muspx": 0.039631214108655,
        "fray": 0.9621617157602572,
        "bmie": 0.4146303055332382
    },
    "geometry": {
        "skin_thickness": 0.8567299795721771,
        "ijv_radius": 3.961477055023485,
        "ijv_depth": 10.932340216551077,
        "cca_radius": 3.130164429068212,
        "cca_depth": 23.821366082158608,
        "ijv_cca_distance": 8.522118239253723
    }
}