{
    "CCA": {
        "n": 1.4,
        "blood_volume_fraction": 18.696031795204426,
        "fray": 0.12340987152547012,
        "g": 0.94,
        "ScvO2": 0.6325730090669945,
        "muspx": 1.2996784893484263,
        "bmie": 0.7263591451610727,
        "water_volume": 0.32269575019283425
    },
    "muscle": {
        "n": 1.4,
        "blood_volume_fraction": 14.587183514868391,
        "fray": 0.5143229118890394,
        "g": 0.94,
        "ScvO2": 0.9893106986153771,
        "muspx": 1.612674320630139,
        "bmie": 4.75201721014497,
        "water_volume": 0.9293964834194666
    },
    "IJV": {
        "n": 1.4,
        "blood_volume_fraction": 12.582009956394769,
        "fray": 0.3454761792190868,
        "g": 0.94,
        "ScvO2": 0.4788243901854875,
        "muspx": 1.3333581618793569,
        "bmie": 0.699184330342037,
        "water_volume": 0.08176457023517236
    },
    "skin": {
        "n": 1.4,
        "blood_volume_fraction": 0.002355601662104327,
        "fray": 0.625352265325394,
        "g": 0.8321200867917964,
        "ScvO2": 0.9781851849810955,
        "muspx": 4.374457892647645,
        "bmie": 0.42094492025297775,
        "water_volume": 0.20272770193627523
    },
    "geometry": {
        "cca_radius": 2.722393924524938,
        "ijv_radius": 3.4252727952969586,
        "ijv_cca_distance": 5.345401337443163,
        "skin_thickness": 0.36909268695599695,
        "ijv_depth": 10.961557668446602,
        "cca_depth": 19.204294832536284
    }
}