{
    "skin": {
        "blood_volume_fraction": 0.003965281782393329,
        "ScvO2": 0.9694773014678085,
        "water_volume": 0.20673009741122533,
        "n": 1.4,
        "g": 0.84011104123402,
        "muspx": 4.747757481801265,
        "fray": 0.36224249411418463,
        "bmie": 0.940370223303396
    },
    "muscle": {
        "blood_volume_fraction": 10.699862850286873,
        "ScvO2": 0.1362362355798007,
        "water_volume": 0.5556118502663527,
        "n": 1.4,
        "g": 0.94,
        "muspx": 1.2476395581031008,
        "fray": 0.0530992991227337,
        "bmie": 3.5633860852810244
    },
    "IJV": {
        "blood_volume_fraction": 9.66642771598602,
        "ScvO2": 0.6597474639470157,
        "water_volume": 0.5732317751862238,
        "n": 1.4,
        "g": 0.94,
        "muspx": 1.815706322393322,
        "fray": 0.5144868667235384,
        "bmie": 0.7318011601257618
    },
    "CCA": {
        "blood_volume_fraction": 11.61149802969667,
        "ScvO2": 0.8439945840860853,
        "water_volume": 0.9732901437859295,
        "n": 1.4,
        "g": 0.94,
        "muspx": 0.5982201204677564,
        "fray": 0.8747911192546813,
        "bmie": 0.7428989483559881
    },
    "geometry": {
        "skin_thickness": 0.5488270853472594,
        "ijv_radius": 8.358618824784013,
        "ijv_depth": 17.880900712441683,
        "cca_radius": 3.005313180920958,
        "cca_depth": 19.239264506231915,
        "ijv_cca_distance": 14.25347918688406
    }
}