{
    "skin": {
        "blood_volume_fraction": 0.0023317299040783988,
        "ScvO2": 0.9774084948676462,
        "water_volume": 0.20459173218382543,
        "n": 1.4,
        "g": 0.9860303388138232,
        "muspx": 4.337831488741646,
        "fray": 0.7115029534496002,
        "bmie": 0.9554228604090867
    },
    "muscle": {
        "blood_volume_fraction": 15.78363663661781,
        "ScvO2": 0.2144836086932339,
        "water_volume": 0.9432361924775186,
        "n": 1.4,
        "g": 0.94,
        "muspx": 0.548092307906473,
        "fray": 0.4078634475677807,
        "bmie": 2.794730114747368
    },
    "IJV": {
        "blood_volume_fraction": 15.296801610901989,
        "ScvO2": 0.8132313733329174,
        "water_volume": 0.44516238921346696,
        "n": 1.4,
        "g": 0.94,
        "muspx": 0.9183749881212784,
        "fray": 0.12208848069020894,
        "bmie": 0.5417713200127449
    },
    "CCA": {
        "blood_volume_fraction": 15.39858469608288,
        "ScvO2": 0.44893958010310187,
        "water_volume": 0.8444729509691133,
        "n": 1.4,
        "g": 0.94,
        "muspx": 0.8563303225386443,
        "fray": 0.6959297224863149,
        "bmie": 0.9594370465020569
    },
    "geometry": {
        "skin_thickness": 0.31913724616673245,
        "ijv_radius": 6.49728746418106,
        "ijv_depth": 9.52093829992764,
        "cca_radius": 2.7862448313329202,
        "cca_depth": 15.729254364668726,
        "ijv_cca_distance": 7.4229735999999455
    }
}