{
    "skin": {
        "ScvO2": 0.9909686172456492,
        "n": 1.4,
        "water_volume": 0.19120801273046467,
        "muspx": 4.345433331890462,
        "blood_volume_fraction": 0.002703436806880894,
        "bmie": 0.2463753956551629,
        "g": 0.9210113483498854,
        "fray": 0.5037917649103727
    },
    "geometry": {
        "cca_depth": 25.752758192709233,
        "ijv_cca_distance": 15.15871248709489,
        "skin_thickness": 0.30755786283441144,
        "ijv_radius": 9.568147216726805,
        "ijv_depth": 18.770885360654663,
        "cca_radius": 4.052469982804319
    },
    "muscle": {
        "ScvO2": 0.805781495074296,
        "n": 1.4,
        "water_volume": 0.7086672677417593,
        "muspx": 1.055346722845381,
        "blood_volume_fraction": 0.7051695813680725,
        "bmie": 3.2827978678684566,
        "g": 0.94,
        "fray": 0.37502906771329436
    },
    "CCA": {
        "ScvO2": 0.10559047143508338,
        "n": 1.4,
        "water_volume": 0.46303899799522774,
        "muspx": 0.5178763379395386,
        "blood_volume_fraction": 19.365202463847712,
        "bmie": 0.49364948828847466,
        "g": 0.94,
        "fray": 0.8653280433981694
    },
    "IJV": {
        "ScvO2": 0.24824480623416556,
        "n": 1.4,
        "water_volume": 0.33699367639754707,
        "muspx": 1.5124747824712743,
        "blood_volume_fraction": 13.483514125736942,
        "bmie": 0.49795812900109426,
        "g": 0.94,
        "fray": 0.866078175796738
    }
}