{
    "skin": {
        "blood_volume_fraction": 0.003468848859679103,
        "ScvO2": 0.984889056775162,
        "water_volume": 0.1990704798331172,
        "n": 1.4,
        "g": 0.9083402687172717,
        "muspx": 4.799729131123647,
        "fray": 0.25073967036529565,
        "bmie": 0.7274619686019917
    },
    "muscle": {
        "blood_volume_fraction": 9.243926429286029,
        "ScvO2": 0.8520694341542512,
        "water_volume": 0.16085347189193677,
        "n": 1.4,
        "g": 0.94,
        "muspx": 1.6378581075773069,
        "fray": 0.6996608545173103,
        "bmie": 1.8771644847120594
    },
    "IJV": {
        "blood_volume_fraction": 0.6033501401800057,
        "ScvO2": 0.28130603226003137,
        "water_volume": 0.10734932805262898,
        "n": 1.4,
        "g": 0.94,
        "muspx": 0.04944262442440217,
        "fray": 0.16558932659155567,
        "bmie": 0.3487400382451077
    },
    "CCA": {
        "blood_volume_fraction": 1.2139768162707831,
        "ScvO2": 0.1514147758898876,
        "water_volume": 0.8534627491677129,
        "n": 1.4,
        "g": 0.94,
        "muspx": 1.2423701218297911,
        "fray": 0.9723808931248162,
        "bmie": 0.12260352745500591
    },
    "geometry": {
        "skin_thickness": 0.10544363594549686,
        "ijv_radius": 4.462987101351293,
        "ijv_depth": 13.829953489245415,
        "cca_radius": 2.544786961526502,
        "cca_depth": 15.348922064795799,
        "ijv_cca_distance": 7.786605087827838
    }
}