{
    "CCA": {
        "n": 1.4,
        "blood_volume_fraction": 4.987768198880604,
        "fray": 0.5755831213067233,
        "g": 0.94,
        "ScvO2": 0.5980479320234868,
        "muspx": 1.8231879728549747,
        "bmie": 0.5507823690224439,
        "water_volume": 0.2390048347951057
    },
    "muscle": {
        "n": 1.4,
        "blood_volume_fraction": 10.464473893370211,
        "fray": 0.23022092813493777,
        "g": 0.94,
        "ScvO2": 0.8413866295342479,
        "muspx": 1.7953027025191421,
        "bmie": 1.1194638355368158,
        "water_volume": 0.2761121453386115
    },
    "IJV": {
        "n": 1.4,
        "blood_volume_fraction": 18.112251284692444,
        "fray": 0.7556786268524179,
        "g": 0.94,
        "ScvO2": 0.0818874892030399,
        "muspx": 1.5756000280214417,
        "bmie": 0.6857102105706855,
        "water_volume": 0.058266022599223644
    },
    "skin": {
        "n": 1.4,
        "blood_volume_fraction": 0.003560280523260003,
        "fray": 0.539761459600126,
        "g": 0.8726987022628891,
        "ScvO2": 0.9674361469028795,
        "muspx": 3.6352717357158078,
        "bmie": 0.6735328497882308,
        "water_volume": 0.18782896864289528
    },
    "geometry": {
        "cca_radius": 3.3961660448406024,
        "ijv_radius": 10.142174435962023,
        "ijv_cca_distance": 17.237544926480144,
        "skin_thickness": 0.8524324915066309,
        "ijv_depth": 20.86076955081318,
        "cca_depth": 24.826013843272207
    }
}