{
    "skin": {
        "blood_volume_fraction": 0.002195050369895435,
        "ScvO2": 0.9690381228253774,
        "water_volume": 0.16744467115430733,
        "n": 1.4,
        "g": 0.8758633466882135,
        "muspx": 6.1711603231897705,
        "fray": 0.3620258490147488,
        "bmie": 0.7772529087904353
    },
    "muscle": {
        "blood_volume_fraction": 2.0955820227567012,
        "ScvO2": 0.11799290348832259,
        "water_volume": 0.014116506106227833,
        "n": 1.4,
        "g": 0.94,
        "muspx": 0.39583412799805795,
        "fray": 0.3384310748399785,
        "bmie": 1.199469447404995
    },
    "IJV": {
        "blood_volume_fraction": 6.171052791940356,
        "ScvO2": 0.43378692205779923,
        "water_volume": 0.6344233874184609,
        "n": 1.4,
        "g": 0.94,
        "muspx": 1.3879037459351176,
        "fray": 0.9111889168689087,
        "bmie": 0.6140131769598505
    },
    "CCA": {
        "blood_volume_fraction": 16.993509478380215,
        "ScvO2": 0.34418598189156346,
        "water_volume": 0.8982427279277554,
        "n": 1.4,
        "g": 0.94,
        "muspx": 1.0132101768602082,
        "fray": 0.9986891260123621,
        "bmie": 0.3975024902855593
    },
    "geometry": {
        "skin_thickness": 0.7969111195609152,
        "ijv_radius": 6.534300308301741,
        "ijv_depth": 7.671809319587404,
        "cca_radius": 2.9103610045605923,
        "cca_depth": 8.630685300611791,
        "ijv_cca_distance": 11.475990522206876
    }
}