{
    "CCA": {
        "n": 1.4,
        "blood_volume_fraction": 15.865557847127237,
        "fray": 0.11532209063068732,
        "g": 0.94,
        "ScvO2": 0.5497670643833966,
        "muspx": 0.8213928393966539,
        "bmie": 0.8259285367062321,
        "water_volume": 0.2642267435811353
    },
    "muscle": {
        "n": 1.4,
        "blood_volume_fraction": 3.4980442720691807,
        "fray": 0.8937263991329473,
        "g": 0.94,
        "ScvO2": 0.6323575342062762,
        "muspx": 0.7332180989631298,
        "bmie": 0.6071044038502438,
        "water_volume": 0.6790723451306155
    },
    "IJV": {
        "n": 1.4,
        "blood_volume_fraction": 1.1589102894083525,
        "fray": 0.5808084624474334,
        "g": 0.94,
        "ScvO2": 0.9164122072620963,
        "muspx": 0.9581218233667486,
        "bmie": 0.3113621461084276,
        "water_volume": 0.8212976158739101
    },
    "skin": {
        "n": 1.4,
        "blood_volume_fraction": 0.0017836675002450408,
        "fray": 0.48300617805443335,
        "g": 0.8444086373853225,
        "ScvO2": 0.9793165023053381,
        "muspx": 4.158139730902843,
        "bmie": 0.508210026363606,
        "water_volume": 0.1891865870948276
    },
    "geometry": {
        "cca_radius": 2.958356025678155,
        "ijv_radius": 5.615443249651258,
        "ijv_cca_distance": 8.888459112726565,
        "skin_thickness": 0.4307420731458308,
        "ijv_depth": 13.046119267071152,
        "cca_depth": 17.089655505305473
    }
}