{
    "skin": {
        "blood_volume_fraction": 0.0036445326425172926,
        "ScvO2": 0.9757650900951385,
        "water_volume": 0.20815885872149648,
        "n": 1.4,
        "g": 0.9604907240099688,
        "muspx": 6.088516499057434,
        "fray": 0.5516127372010414,
        "bmie": 0.3878351571706657
    },
    "muscle": {
        "blood_volume_fraction": 6.321561567175806,
        "ScvO2": 0.10020757848183648,
        "water_volume": 0.3517772694461203,
        "n": 1.4,
        "g": 0.94,
        "muspx": 0.110469142908584,
        "fray": 0.8824285438176901,
        "bmie": 4.886070119195819
    },
    "IJV": {
        "blood_volume_fraction": 18.798473889480633,
        "ScvO2": 0.8897754389598964,
        "water_volume": 0.015024757264106903,
        "n": 1.4,
        "g": 0.94,
        "muspx": 0.03131596299415507,
        "fray": 0.4497035364712365,
        "bmie": 0.46719445077806976
    },
    "CCA": {
        "blood_volume_fraction": 11.660921643464677,
        "ScvO2": 0.8196344368798459,
        "water_volume": 0.06388497748285416,
        "n": 1.4,
        "g": 0.94,
        "muspx": 0.578993841457405,
        "fray": 0.8344905732890656,
        "bmie": 0.9738591081712706
    },
    "geometry": {
        "skin_thickness": 0.7825174722492527,
        "ijv_radius": 6.964198795710029,
        "ijv_depth": 14.854432087690608,
        "cca_radius": 3.463889746658745,
        "cca_depth": 25.344592337780586,
        "ijv_cca_distance": 7.7678736486178215
    }
}