{
    "skin": {
        "ScvO2": 0.9707497614773756,
        "n": 1.4,
        "water_volume": 0.1976171922672505,
        "muspx": 4.125746772479115,
        "blood_volume_fraction": 0.0017939396720297123,
        "bmie": 0.6401188955924741,
        "g": 0.9508745696450144,
        "fray": 0.42863732785161507
    },
    "geometry": {
        "cca_depth": 13.62298065687329,
        "ijv_cca_distance": 12.937319269321703,
        "skin_thickness": 0.615142571823286,
        "ijv_radius": 8.995525360870875,
        "ijv_depth": 11.940721408072116,
        "cca_radius": 3.0005177574412762
    },
    "muscle": {
        "ScvO2": 0.6167238644136326,
        "n": 1.4,
        "water_volume": 0.462176055462589,
        "muspx": 1.6070561946101802,
        "blood_volume_fraction": 15.926918572082183,
        "bmie": 3.6745751025676587,
        "g": 0.94,
        "fray": 0.925405947597899
    },
    "CCA": {
        "ScvO2": 0.061727827411994896,
        "n": 1.4,
        "water_volume": 0.28049405416296647,
        "muspx": 0.3051318526067117,
        "blood_volume_fraction": 4.500958082810862,
        "bmie": 0.3217840338553478,
        "g": 0.94,
        "fray": 0.09291985189511531
    },
    "IJV": {
        "ScvO2": 0.8667825417820652,
        "n": 1.4,
        "water_volume": 0.8146664149424674,
        "muspx": 1.0666623195720728,
        "blood_volume_fraction": 18.192036434381624,
        "bmie": 0.13567076291464253,
        "g": 0.94,
        "fray": 0.477745830318109
    }
}