{
    "skin": {
        "blood_volume_fraction": 0.003089668521926203,
        "ScvO2": 0.9686748269576,
        "water_volume": 0.18413965269038662,
        "n": 1.4,
        "g": 0.8953104686958653,
        "muspx": 3.920284517916829,
        "fray": 0.533413410399781,
        "bmie": 0.2682848345588922
    },
    "muscle": {
        "blood_volume_fraction": 0.3672926243147767,
        "ScvO2": 0.5521762842692746,
        "water_volume": 0.4053917312837213,
        "n": 1.4,
        "g": 0.94,
        "muspx": 1.7859789193481335,
        "fray": 0.10393345118184871,
        "bmie": 4.123690606025445
    },
    "IJV": {
        "blood_volume_fraction": 2.107644834483975,
        "ScvO2": 0.3745643654942944,
        "water_volume": 0.9571964218548417,
        "n": 1.4,
        "g": 0.94,
        "muspx": 1.9395697223339752,
        "fray": 0.5154452718016632,
        "bmie": 0.18283434596815507
    },
    "CCA": {
        "blood_volume_fraction": 11.794442177648595,
        "ScvO2": 0.26181102549625734,
        "water_volume": 0.40271901580941805,
        "n": 1.4,
        "g": 0.94,
        "muspx": 0.06919435762611648,
        "fray": 0.10851097093544582,
        "bmie": 0.5079105836612413
    },
    "geometry": {
        "skin_thickness": 0.2110330374454839,
        "ijv_radius": 5.1671866429279385,
        "ijv_depth": 10.311077047914235,
        "cca_radius": 3.4612350752564964,
        "cca_depth": 12.60430931912471,
        "ijv_cca_distance": 12.932824048652712
    }
}