{
    "skin": {
        "blood_volume_fraction": 0.003323577489459718,
        "ScvO2": 0.997729489936924,
        "water_volume": 0.20241989617062875,
        "n": 1.4,
        "g": 0.9011288676070981,
        "muspx": 5.556175226510801,
        "fray": 0.47118147630319607,
        "bmie": 0.25209563106673627
    },
    "muscle": {
        "blood_volume_fraction": 4.688872325785008,
        "ScvO2": 0.9705167017155684,
        "water_volume": 0.5963386949824758,
        "n": 1.4,
        "g": 0.94,
        "muspx": 0.3838830242661089,
        "fray": 0.8253508443216246,
        "bmie": 0.3552572664176862
    },
    "IJV": {
        "blood_volume_fraction": 1.2881167779956249,
        "ScvO2": 0.3187796201925883,
        "water_volume": 0.23183575597075357,
        "n": 1.4,
        "g": 0.94,
        "muspx": 1.6778000039919523,
        "fray": 0.3648515584744405,
        "bmie": 0.22207876387409053
    },
    "CCA": {
        "blood_volume_fraction": 7.609039155072537,
        "ScvO2": 0.07652177252840497,
        "water_volume": 0.3983967400229699,
        "n": 1.4,
        "g": 0.94,
        "muspx": 0.49710243522495556,
        "fray": 0.4849279143781362,
        "bmie": 0.5532762872624745
    },
    "geometry": {
        "skin_thickness": 0.6088356174748059,
        "ijv_radius": 9.079436311020121,
        "ijv_depth": 19.265807475429355,
        "cca_radius": 3.977169946523402,
        "cca_depth": 24.83962667349431,
        "ijv_cca_distance": 12.186743516921037
    }
}