{
    "CCA": {
        "n": 1.4,
        "blood_volume_fraction": 1.3633638630083444,
        "fray": 0.31244857290808536,
        "g": 0.94,
        "ScvO2": 0.3297699197053918,
        "muspx": 0.9590668082006266,
        "bmie": 0.7662001761976249,
        "water_volume": 0.7419437877439734
    },
    "muscle": {
        "n": 1.4,
        "blood_volume_fraction": 7.059561066420244,
        "fray": 0.5294384440076424,
        "g": 0.94,
        "ScvO2": 0.24743685494247136,
        "muspx": 0.07177859535001274,
        "bmie": 0.8777896561945381,
        "water_volume": 0.06487055257602725
    },
    "IJV": {
        "n": 1.4,
        "blood_volume_fraction": 0.169603335239088,
        "fray": 0.0831797685482204,
        "g": 0.94,
        "ScvO2": 0.8169265266365138,
        "muspx": 1.9273230736763651,
        "bmie": 0.05804238561973807,
        "water_volume": 0.10329846525395137
    },
    "skin": {
        "n": 1.4,
        "blood_volume_fraction": 0.003058647894230257,
        "fray": 0.6631027230144302,
        "g": 0.9254857741296116,
        "ScvO2": 0.9812218468436088,
        "muspx": 4.177108659272357,
        "bmie": 0.8396755443517078,
        "water_volume": 0.20437855735706234
    },
    "geometry": {
        "cca_radius": 4.461979525596853,
        "ijv_radius": 3.591028312800818,
        "ijv_cca_distance": 9.330208048340175,
        "skin_thickness": 0.5172635147378627,
        "ijv_depth": 5.862937117127582,
        "cca_depth": 24.641281164864434
    }
}