{
    "skin": {
        "blood_volume_fraction": 0.0015243137459777568,
        "ScvO2": 0.9744318388629141,
        "water_volume": 0.1867702942327367,
        "n": 1.4,
        "g": 0.9643696081032267,
        "muspx": 5.6688085961765475,
        "fray": 0.3774157017865448,
        "bmie": 0.9059812652998062
    },
    "muscle": {
        "blood_volume_fraction": 10.569136094569437,
        "ScvO2": 0.42824068960292117,
        "water_volume": 0.9787124690208231,
        "n": 1.4,
        "g": 0.94,
        "muspx": 0.23637265243801364,
        "fray": 0.6335175111497441,
        "bmie": 1.288442117199421
    },
    "IJV": {
        "blood_volume_fraction": 10.72420226200557,
        "ScvO2": 0.2557301452135442,
        "water_volume": 0.003746357312419457,
        "n": 1.4,
        "g": 0.94,
        "muspx": 1.0774998891511927,
        "fray": 0.6006116324961199,
        "bmie": 0.2127633516766495
    },
    "CCA": {
        "blood_volume_fraction": 7.924510884290676,
        "ScvO2": 0.7999320620334767,
        "water_volume": 0.07383842875845914,
        "n": 1.4,
        "g": 0.94,
        "muspx": 0.5212489371825848,
        "fray": 0.9213112415004578,
        "bmie": 0.3369794858717121
    },
    "geometry": {
        "skin_thickness": 0.9663401396703513,
        "ijv_radius": 3.451942030233541,
        "ijv_depth": 9.542841513095212,
        "cca_radius": 4.067007322708882,
        "cca_depth": 14.985912631284709,
        "ijv_cca_distance": 7.128332126582787
    }
}