{
    "skin": {
        "ScvO2": 0.9788750026789201,
        "n": 1.4,
        "water_volume": 0.17023308631535228,
        "muspx": 4.450857368094316,
        "blood_volume_fraction": 0.0012501203933617678,
        "bmie": 0.7684198795096824,
        "g": 0.8038655214539602,
        "fray": 0.5758604891348625
    },
    "geometry": {
        "cca_depth": 25.744090166940836,
        "ijv_cca_distance": 8.718654613811564,
        "skin_thickness": 0.4866954235987888,
        "ijv_radius": 5.808817974872538,
        "ijv_depth": 11.75545894985574,
        "cca_radius": 4.338599738604527
    },
    "muscle": {
        "ScvO2": 0.46583770877159414,
        "n": 1.4,
        "water_volume": 0.6331014045901948,
        "muspx": 0.46254272188368817,
        "blood_volume_fraction": 13.927072782010509,
        "bmie": 0.852458887945865,
        "g": 0.94,
        "fray": 0.43639629597624696
    },
    "CCA": {
        "ScvO2": 0.3157748038650138,
        "n": 1.4,
        "water_volume": 0.17559449646403968,
        "muspx": 1.344556373916288,
        "blood_volume_fraction": 0.9469938878902218,
        "bmie": 0.7441896759461533,
        "g": 0.94,
        "fray": 0.7148158329397379
    },
    "IJV": {
        "ScvO2": 0.9685684514478835,
        "n": 1.4,
        "water_volume": 0.7690925388561867,
        "muspx": 0.9556070109963333,
        "blood_volume_fraction": 3.435942609681788,
        "bmie": 0.42817534405140856,
        "g": 0.94,
        "fray": 0.9990209906781774
    }
}