{
    "skin": {
        "blood_volume_fraction": 0.0019511810043522947,
        "ScvO2": 0.997392191129985,
        "water_volume": 0.1865561667929196,
        "n": 1.4,
        "g": 0.8354839379388825,
        "muspx": 4.505068164302836,
        "fray": 0.23623837705034592,
        "bmie": 0.38400820860859747
    },
    "muscle": {
        "blood_volume_fraction": 4.628035063656304,
        "ScvO2": 0.4810675088864321,
        "water_volume": 0.8014443657961335,
        "n": 1.4,
        "g": 0.94,
        "muspx": 1.7070493565228562,
        "fray": 0.5517655505098377,
        "bmie": 1.5902335357348152
    },
    "IJV": {
        "blood_volume_fraction": 19.51145013247973,
        "ScvO2": 0.6422585238323494,
        "water_volume": 0.005050455369415174,
        "n": 1.4,
        "g": 0.94,
        "muspx": 0.3738029216780938,
        "fray": 0.08603969257631783,
        "bmie": 0.003677514669095383
    },
    "CCA": {
        "blood_volume_fraction": 13.652974718176363,
        "ScvO2": 0.15515035870650873,
        "water_volume": 0.7941326381093948,
        "n": 1.4,
        "g": 0.94,
        "muspx": 1.6865216051621708,
        "fray": 0.41205975490499736,
        "bmie": 0.6810240048682052
    },
    "geometry": {
        "skin_thickness": 0.42382041649535174,
        "ijv_radius": 3.85186307968541,
        "ijv_depth": 4.2952254390206726,
        "cca_radius": 3.9381206520202694,
        "cca_depth": 22.309969550757838,
        "ijv_cca_distance": 6.508254797224959
    }
}