{
    "skin": {
        "blood_volume_fraction": 0.003610650187061623,
        "ScvO2": 0.9901044842023023,
        "water_volume": 0.20900655412686084,
        "n": 1.4,
        "g": 0.8898697911001674,
        "muspx": 4.9427432517674825,
        "fray": 0.3167057117275727,
        "bmie": 0.26892056905195927
    },
    "muscle": {
        "blood_volume_fraction": 15.971936582801513,
        "ScvO2": 0.36398622921702206,
        "water_volume": 0.4107642969561919,
        "n": 1.4,
        "g": 0.94,
        "muspx": 0.1606948278791498,
        "fray": 0.033611493307033946,
        "bmie": 2.4688816043602166
    },
    "IJV": {
        "blood_volume_fraction": 7.1201112866593075,
        "ScvO2": 0.6512186046250431,
        "water_volume": 0.03565172898446056,
        "n": 1.4,
        "g": 0.94,
        "muspx": 1.9354327994658203,
        "fray": 0.1549666495186488,
        "bmie": 0.4551046281635899
    },
    "CCA": {
        "blood_volume_fraction": 19.95625923128609,
        "ScvO2": 0.9440472483713387,
        "water_volume": 0.8825016832550943,
        "n": 1.4,
        "g": 0.94,
        "muspx": 0.2625992858927897,
        "fray": 0.8006207898325377,
        "bmie": 0.6688200573366576
    },
    "geometry": {
        "skin_thickness": 0.2618519365506876,
        "ijv_radius": 3.4718501981961545,
        "ijv_depth": 10.876685977461538,
        "cca_radius": 3.395234862817615,
        "cca_depth": 13.388158962149014,
        "ijv_cca_distance": 7.193024262205123
    }
}