{
    "skin": {
        "blood_volume_fraction": 0.0015733876732840902,
        "ScvO2": 0.9863244601734465,
        "water_volume": 0.18000377186531663,
        "n": 1.4,
        "g": 0.970803365203781,
        "muspx": 4.234930059660869,
        "fray": 0.6110927779318435,
        "bmie": 0.9938005280384278
    },
    "muscle": {
        "blood_volume_fraction": 12.75785668061773,
        "ScvO2": 0.05769655013068309,
        "water_volume": 0.047743317050846446,
        "n": 1.4,
        "g": 0.94,
        "muspx": 0.578019705095238,
        "fray": 0.23642900325518457,
        "bmie": 4.436756720758393
    },
    "IJV": {
        "blood_volume_fraction": 10.501778379780228,
        "ScvO2": 0.01714562273358422,
        "water_volume": 0.6670338598130644,
        "n": 1.4,
        "g": 0.94,
        "muspx": 1.3464842813410007,
        "fray": 0.6399058850562742,
        "bmie": 0.9933812995354869
    },
    "CCA": {
        "blood_volume_fraction": 11.015803088094112,
        "ScvO2": 0.09891731744560628,
        "water_volume": 0.8381184012413982,
        "n": 1.4,
        "g": 0.94,
        "muspx": 1.7062409925536333,
        "fray": 0.8524195438647045,
        "bmie": 0.8829297886085024
    },
    "geometry": {
        "skin_thickness": 0.7667505789176502,
        "ijv_radius": 8.249327397475701,
        "ijv_depth": 11.65662516169266,
        "cca_radius": 3.3241198348644003,
        "cca_depth": 23.471186426812523,
        "ijv_cca_distance": 9.364900453538427
    }
}