{
    "skin": {
        "blood_volume_fraction": 0.002638152473023871,
        "ScvO2": 0.9795072465562595,
        "water_volume": 0.17979971129471023,
        "n": 1.4,
        "g": 0.9919891607753093,
        "muspx": 6.166860924632999,
        "fray": 0.29189259441538756,
        "bmie": 0.8694697709647754
    },
    "muscle": {
        "blood_volume_fraction": 13.635247263411486,
        "ScvO2": 0.6170603382735574,
        "water_volume": 0.3230581866162544,
        "n": 1.4,
        "g": 0.94,
        "muspx": 1.8200299571201752,
        "fray": 0.6221543920242504,
        "bmie": 4.2989343396704935
    },
    "IJV": {
        "blood_volume_fraction": 19.906829194010264,
        "ScvO2": 0.21177317646186,
        "water_volume": 0.42768307292689056,
        "n": 1.4,
        "g": 0.94,
        "muspx": 1.0924106244347642,
        "fray": 0.9826270324888468,
        "bmie": 0.6520862277065782
    },
    "CCA": {
        "blood_volume_fraction": 2.3881459207549605,
        "ScvO2": 0.6845287629604773,
        "water_volume": 0.7518105961768575,
        "n": 1.4,
        "g": 0.94,
        "muspx": 1.5246176911175688,
        "fray": 0.44687142603751007,
        "bmie": 0.8697205780076344
    },
    "geometry": {
        "skin_thickness": 0.12131871451997286,
        "ijv_radius": 4.790962334457515,
        "ijv_depth": 9.026959116187788,
        "cca_radius": 3.624129289232523,
        "cca_depth": 22.570864539084205,
        "ijv_cca_distance": 5.249268447978838
    }
}