{
    "skin": {
        "blood_volume_fraction": 0.002247084956685106,
        "ScvO2": 0.9852876542017687,
        "water_volume": 0.16980385881811144,
        "n": 1.4,
        "g": 0.9226511715892466,
        "muspx": 4.182958846606283,
        "fray": 0.721210119239547,
        "bmie": 0.31931971137869186
    },
    "muscle": {
        "blood_volume_fraction": 3.4902348553957996,
        "ScvO2": 0.4557297631242243,
        "water_volume": 0.34988475807616426,
        "n": 1.4,
        "g": 0.94,
        "muspx": 0.5624728425012588,
        "fray": 0.4210208596119761,
        "bmie": 4.776278549698729
    },
    "IJV": {
        "blood_volume_fraction": 3.3304161247859088,
        "ScvO2": 0.4190008268752866,
        "water_volume": 0.17314698082532853,
        "n": 1.4,
        "g": 0.94,
        "muspx": 1.6181913654380755,
        "fray": 0.9437260077422213,
        "bmie": 0.6783318003636074
    },
    "CCA": {
        "blood_volume_fraction": 18.82525783559758,
        "ScvO2": 0.19726479127094343,
        "water_volume": 0.5676800885939409,
        "n": 1.4,
        "g": 0.94,
        "muspx": 1.0328173340150049,
        "fray": 0.9095659810631256,
        "bmie": 0.21672480301559793
    },
    "geometry": {
        "skin_thickness": 0.8361745302039654,
        "ijv_radius": 4.818879941518419,
        "ijv_depth": 19.1525337180857,
        "cca_radius": 3.1614672227127256,
        "cca_depth": 25.15792105228521,
        "ijv_cca_distance": 8.130762879694164
    }
}