{
    "skin": {
        "blood_volume_fraction": 0.003843019704016388,
        "ScvO2": 0.9765729913875897,
        "water_volume": 0.21153029895776598,
        "n": 1.4,
        "g": 0.8121276025411991,
        "muspx": 5.565995306150888,
        "fray": 0.6750799416764227,
        "bmie": 0.35796317314149784
    },
    "muscle": {
        "blood_volume_fraction": 11.632912518881614,
        "ScvO2": 0.452479805128015,
        "water_volume": 0.15197310671141184,
        "n": 1.4,
        "g": 0.94,
        "muspx": 0.4814839874084378,
        "fray": 0.25596508342858937,
        "bmie": 4.833251757454052
    },
    "IJV": {
        "blood_volume_fraction": 10.826077548464397,
        "ScvO2": 0.5387053820479186,
        "water_volume": 0.974985296587287,
        "n": 1.4,
        "g": 0.94,
        "muspx": 1.6692668462348006,
        "fray": 0.8662456621047059,
        "bmie": 0.1628809525357866
    },
    "CCA": {
        "blood_volume_fraction": 19.315186425875225,
        "ScvO2": 0.9923340809415817,
        "water_volume": 0.3670862721398004,
        "n": 1.4,
        "g": 0.94,
        "muspx": 0.8626437164480723,
        "fray": 0.6549894305496485,
        "bmie": 0.3307232683460116
    },
    "geometry": {
        "skin_thickness": 0.7758891459201467,
        "ijv_radius": 10.046297685770064,
        "ijv_depth": 15.146602073351444,
        "cca_radius": 3.2791306001524485,
        "cca_depth": 18.73309543122477,
        "ijv_cca_distance": 15.662580361120192
    }
}