{
    "CCA": {
        "n": 1.4,
        "blood_volume_fraction": 8.95550773692987,
        "fray": 0.4047365080637103,
        "g": 0.94,
        "ScvO2": 0.29923882377412847,
        "muspx": 1.0588725782948465,
        "bmie": 0.9605681487818919,
        "water_volume": 0.5604803461527255
    },
    "muscle": {
        "n": 1.4,
        "blood_volume_fraction": 3.524392184383014,
        "fray": 0.42261093181955534,
        "g": 0.94,
        "ScvO2": 0.345066503422484,
        "muspx": 0.7799427714515308,
        "bmie": 4.185279170972888,
        "water_volume": 0.4229643612276761
    },
    "IJV": {
        "n": 1.4,
        "blood_volume_fraction": 3.97054213928423,
        "fray": 0.9660642731457288,
        "g": 0.94,
        "ScvO2": 0.6605244890338293,
        "muspx": 1.0762312060035018,
        "bmie": 0.24438671549868185,
        "water_volume": 0.025887648726148127
    },
    "skin": {
        "n": 1.4,
        "blood_volume_fraction": 0.0031279098262737073,
        "fray": 0.257885281612239,
        "g": 0.811235411112248,
        "ScvO2": 0.983162963256742,
        "muspx": 5.652042841763542,
        "bmie": 0.38355403096394447,
        "water_volume": 0.1821275503418532
    },
    "geometry": {
        "cca_radius": 3.6964659236662323,
        "ijv_radius": 4.586147078833828,
        "ijv_cca_distance": 9.516680133162605,
        "skin_thickness": 0.9124752454694054,
        "ijv_depth": 15.484413605669161,
        "cca_depth": 22.151017907367486
    }
}