{
    "skin": {
        "blood_volume_fraction": 0.0038979150583607304,
        "ScvO2": 0.9866269814772007,
        "water_volume": 0.17716668512637218,
        "n": 1.4,
        "g": 0.8491261750520882,
        "muspx": 5.809637828339151,
        "fray": 0.2213613741678649,
        "bmie": 1.0124590086900433
    },
    "muscle": {
        "blood_volume_fraction": 12.919237494782209,
        "ScvO2": 0.5428347115121123,
        "water_volume": 0.7542749584549983,
        "n": 1.4,
        "g": 0.94,
        "muspx": 0.8972690299782276,
        "fray": 0.8840470215036706,
        "bmie": 0.29816672346755946
    },
    "IJV": {
        "blood_volume_fraction": 9.6578042030617,
        "ScvO2": 0.5408606485184165,
        "water_volume": 0.7688690707852,
        "n": 1.4,
        "g": 0.94,
        "muspx": 1.4816533185932264,
        "fray": 0.6152822470550776,
        "bmie": 0.24917034718234388
    },
    "CCA": {
        "blood_volume_fraction": 7.826687777155083,
        "ScvO2": 0.3619130912438504,
        "water_volume": 0.48154163218832624,
        "n": 1.4,
        "g": 0.94,
        "muspx": 0.9780249519244237,
        "fray": 0.25453185350094465,
        "bmie": 0.6880985417582897
    },
    "geometry": {
        "skin_thickness": 0.3974418134522658,
        "ijv_radius": 3.5271489730360566,
        "ijv_depth": 9.84072458172935,
        "cca_radius": 3.4271497760805345,
        "cca_depth": 23.179870336138137,
        "ijv_cca_distance": 5.338161480230998
    }
}