{
    "skin": {
        "blood_volume_fraction": 0.0015221229595337167,
        "ScvO2": 0.9965643216425123,
        "water_volume": 0.21177558905881838,
        "n": 1.4,
        "g": 0.8068140176052934,
        "muspx": 5.845707705711437,
        "fray": 0.3097462468472685,
        "bmie": 0.34758580264604194
    },
    "muscle": {
        "blood_volume_fraction": 15.078400838211216,
        "ScvO2": 0.8569163462874893,
        "water_volume": 0.17323234447046354,
        "n": 1.4,
        "g": 0.94,
        "muspx": 1.9064052768873574,
        "fray": 0.24564324501859325,
        "bmie": 0.5128611047385345
    },
    "IJV": {
        "blood_volume_fraction": 18.636657721148893,
        "ScvO2": 0.84680249696888,
        "water_volume": 0.7090984572048243,
        "n": 1.4,
        "g": 0.94,
        "muspx": 0.7614024514707778,
        "fray": 0.27556800337562704,
        "bmie": 0.4150783613801796
    },
    "CCA": {
        "blood_volume_fraction": 9.751828354514577,
        "ScvO2": 0.9918398328516953,
        "water_volume": 0.4757715147760061,
        "n": 1.4,
        "g": 0.94,
        "muspx": 1.8260720572108333,
        "fray": 0.6765561981039062,
        "bmie": 0.4759161072107999
    },
    "geometry": {
        "skin_thickness": 0.46832289956496986,
        "ijv_radius": 4.42848709606195,
        "ijv_depth": 12.134761113892894,
        "cca_radius": 3.8465532406652683,
        "cca_depth": 21.44909342313725,
        "ijv_cca_distance": 8.82259564878024
    }
}