{
    "skin": {
        "blood_volume_fraction": 0.0031250418013258063,
        "ScvO2": 0.9900007377943355,
        "water_volume": 0.17005050532964108,
        "n": 1.4,
        "g": 0.869694876935114,
        "muspx": 6.2142117752642285,
        "fray": 0.617156975872216,
        "bmie": 0.496457107533505
    },
    "muscle": {
        "blood_volume_fraction": 3.2411833559464154,
        "ScvO2": 0.6751323731719914,
        "water_volume": 0.45481713068509666,
        "n": 1.4,
        "g": 0.94,
        "muspx": 1.3504200198606156,
        "fray": 0.7045455604894216,
        "bmie": 4.518142308139011
    },
    "IJV": {
        "blood_volume_fraction": 12.10938733731429,
        "ScvO2": 0.7127308240581474,
        "water_volume": 0.5020501504123085,
        "n": 1.4,
        "g": 0.94,
        "muspx": 0.2571398148007553,
        "fray": 0.8549731794002958,
        "bmie": 0.21192254483919826
    },
    "CCA": {
        "blood_volume_fraction": 5.646808676169169,
        "ScvO2": 0.050778297827903884,
        "water_volume": 0.3402962336624803,
        "n": 1.4,
        "g": 0.94,
        "muspx": 1.4545972851260645,
        "fray": 0.018624850606621557,
        "bmie": 0.23394019475311256
    },
    "geometry": {
        "skin_thickness": 0.40888904689074346,
        "ijv_radius": 9.7954189878192,
        "ijv_depth": 17.997935202676203,
        "cca_radius": 2.8405643986667117,
        "cca_depth": 23.571815323267884,
        "ijv_cca_distance": 11.551841315245033
    }
}