{
    "skin": {
        "blood_volume_fraction": 0.0031460356738607044,
        "ScvO2": 0.9673643089854982,
        "water_volume": 0.16941115821103964,
        "n": 1.4,
        "g": 0.8805838184003398,
        "muspx": 4.388027695089958,
        "fray": 0.41249957455494435,
        "bmie": 0.5637699055717905
    },
    "muscle": {
        "blood_volume_fraction": 15.436555962578673,
        "ScvO2": 0.6327135973994348,
        "water_volume": 0.8520662575020866,
        "n": 1.4,
        "g": 0.94,
        "muspx": 1.3082136666393427,
        "fray": 0.6774640569515222,
        "bmie": 3.56146923213878
    },
    "IJV": {
        "blood_volume_fraction": 5.200693879781717,
        "ScvO2": 0.968765153303226,
        "water_volume": 0.04131288717311521,
        "n": 1.4,
        "g": 0.94,
        "muspx": 0.3983861414460712,
        "fray": 0.9783569482017097,
        "bmie": 0.016159538566180687
    },
    "CCA": {
        "blood_volume_fraction": 13.961080863475907,
        "ScvO2": 0.3127702525528415,
        "water_volume": 0.45388567604409824,
        "n": 1.4,
        "g": 0.94,
        "muspx": 0.9966662876020784,
        "fray": 0.7287534672929066,
        "bmie": 0.5119128535743303
    },
    "geometry": {
        "skin_thickness": 0.6037291230044923,
        "ijv_radius": 3.9551528728478136,
        "ijv_depth": 8.84122672608395,
        "cca_radius": 3.3277747765098273,
        "cca_depth": 19.423483679153446,
        "ijv_cca_distance": 9.912349477367417
    }
}