{
    "skin": {
        "blood_volume_fraction": 0.0028615619992423172,
        "ScvO2": 0.9703001642277497,
        "water_volume": 0.20769691079141825,
        "n": 1.4,
        "g": 0.8221844785862802,
        "muspx": 5.163741642519309,
        "fray": 0.5413190000505135,
        "bmie": 0.7121656776818155
    },
    "muscle": {
        "blood_volume_fraction": 10.380114310412122,
        "ScvO2": 0.6879759217666019,
        "water_volume": 0.45758601180903047,
        "n": 1.4,
        "g": 0.94,
        "muspx": 0.7308744838555095,
        "fray": 0.48433134907262543,
        "bmie": 1.110440051117358
    },
    "IJV": {
        "blood_volume_fraction": 13.232115923102082,
        "ScvO2": 0.6105339104487562,
        "water_volume": 0.07519474112703795,
        "n": 1.4,
        "g": 0.94,
        "muspx": 0.9828607979640238,
        "fray": 0.7059777289429436,
        "bmie": 0.3248522322004542
    },
    "CCA": {
        "blood_volume_fraction": 6.061735908033996,
        "ScvO2": 0.6312310654023109,
        "water_volume": 0.2714534279097467,
        "n": 1.4,
        "g": 0.94,
        "muspx": 0.20837157443924736,
        "fray": 0.49772923501662747,
        "bmie": 0.9149649627092288
    },
    "geometry": {
        "skin_thickness": 0.6788974463596921,
        "ijv_radius": 3.233033572162168,
        "ijv_depth": 14.54481248787944,
        "cca_radius": 3.9123581352033847,
        "cca_depth": 15.764196870991537,
        "ijv_cca_distance": 10.740889062575583
    }
}