{
    "skin": {
        "blood_volume_fraction": 0.002720146260872034,
        "ScvO2": 0.9830350006576342,
        "water_volume": 0.19236174915278603,
        "n": 1.4,
        "g": 0.9743007367509401,
        "muspx": 6.341396984575651,
        "fray": 0.6971699052229822,
        "bmie": 1.1173398657496445
    },
    "muscle": {
        "blood_volume_fraction": 9.706905062966404,
        "ScvO2": 0.31373819206749365,
        "water_volume": 0.6361704656209636,
        "n": 1.4,
        "g": 0.94,
        "muspx": 0.7125074204696502,
        "fray": 0.2630377229083888,
        "bmie": 3.5511520969056756
    },
    "IJV": {
        "blood_volume_fraction": 2.3911910294516026,
        "ScvO2": 0.5439750683975642,
        "water_volume": 0.7708958517614912,
        "n": 1.4,
        "g": 0.94,
        "muspx": 0.39434046195141126,
        "fray": 0.6652343300797678,
        "bmie": 0.3203141052186045
    },
    "CCA": {
        "blood_volume_fraction": 18.500099731734345,
        "ScvO2": 0.6064452887691627,
        "water_volume": 0.8831439643658477,
        "n": 1.4,
        "g": 0.94,
        "muspx": 0.07839270805210119,
        "fray": 0.7036334381536637,
        "bmie": 0.7347324957317862
    },
    "geometry": {
        "skin_thickness": 0.6309614736394635,
        "ijv_radius": 9.308305636896854,
        "ijv_depth": 17.62861995137065,
        "cca_radius": 3.6780163171683116,
        "cca_depth": 22.01952704032937,
        "ijv_cca_distance": 15.772954339476087
    }
}