{
    "CCA": {
        "n": 1.4,
        "blood_volume_fraction": 15.61832653908882,
        "fray": 0.27093245298027746,
        "g": 0.94,
        "ScvO2": 0.43837692940520145,
        "muspx": 0.29883213080372295,
        "bmie": 0.7219353253431801,
        "water_volume": 0.6304864884326024
    },
    "muscle": {
        "n": 1.4,
        "blood_volume_fraction": 7.26205190435145,
        "fray": 0.2115650688752876,
        "g": 0.94,
        "ScvO2": 0.589468821638836,
        "muspx": 0.6158884744648789,
        "bmie": 4.23754840078406,
        "water_volume": 0.9900109787574218
    },
    "IJV": {
        "n": 1.4,
        "blood_volume_fraction": 8.240796548338205,
        "fray": 0.4271774427668067,
        "g": 0.94,
        "ScvO2": 0.3700543162985773,
        "muspx": 1.9192928343347762,
        "bmie": 0.21750824450333217,
        "water_volume": 0.7991143094269988
    },
    "skin": {
        "n": 1.4,
        "blood_volume_fraction": 0.0020653823169575424,
        "fray": 0.45061514222147725,
        "g": 0.8091797393834835,
        "ScvO2": 0.9880530447763546,
        "muspx": 5.872013030656035,
        "bmie": 1.0742971627026572,
        "water_volume": 0.1676851031406386
    },
    "geometry": {
        "cca_radius": 2.9108063227678214,
        "ijv_radius": 6.31733832894337,
        "ijv_cca_distance": 9.727543397252832,
        "skin_thickness": 0.8788340292484096,
        "ijv_depth": 16.1670548303684,
        "cca_depth": 24.953078550836757
    }
}