{
    "skin": {
        "blood_volume_fraction": 0.0012148633938831536,
        "ScvO2": 0.9678993859472294,
        "water_volume": 0.21177035343566802,
        "n": 1.4,
        "g": 0.8114761982173554,
        "muspx": 4.5838521684238955,
        "fray": 0.570880957060828,
        "bmie": 0.58848457072474
    },
    "muscle": {
        "blood_volume_fraction": 14.307049014891957,
        "ScvO2": 0.5359897849556415,
        "water_volume": 0.8119315090310287,
        "n": 1.4,
        "g": 0.94,
        "muspx": 1.2265041465584023,
        "fray": 0.8772177001053895,
        "bmie": 4.905601123198285
    },
    "IJV": {
        "blood_volume_fraction": 4.066548301128783,
        "ScvO2": 0.931707431346186,
        "water_volume": 0.9946560492600892,
        "n": 1.4,
        "g": 0.94,
        "muspx": 1.933462877230724,
        "fray": 0.7539006551443533,
        "bmie": 0.8202985066871582
    },
    "CCA": {
        "blood_volume_fraction": 13.561055786536837,
        "ScvO2": 0.058879044272447834,
        "water_volume": 0.6062747111362382,
        "n": 1.4,
        "g": 0.94,
        "muspx": 0.8598165431881921,
        "fray": 0.6455189531108683,
        "bmie": 0.30908760860916495
    },
    "geometry": {
        "skin_thickness": 0.19764448302658855,
        "ijv_radius": 7.328820454531822,
        "ijv_depth": 21.182163676418504,
        "cca_radius": 3.738564131569234,
        "cca_depth": 25.35975947023377,
        "ijv_cca_distance": 13.447899524070337
    }
}