{
    "skin": {
        "blood_volume_fraction": 0.001469782285360351,
        "ScvO2": 0.9950251345397723,
        "water_volume": 0.19533388287405545,
        "n": 1.4,
        "g": 0.8837381105840111,
        "muspx": 5.617415793167686,
        "fray": 0.7140726297083648,
        "bmie": 0.8719104420656971
    },
    "muscle": {
        "blood_volume_fraction": 18.496378246400567,
        "ScvO2": 0.43913826466286054,
        "water_volume": 0.13311742023036077,
        "n": 1.4,
        "g": 0.94,
        "muspx": 1.336036813198208,
        "fray": 0.9319000442972883,
        "bmie": 2.4277978257559543
    },
    "IJV": {
        "blood_volume_fraction": 12.127714177194635,
        "ScvO2": 0.14606741789820454,
        "water_volume": 0.7788559905215562,
        "n": 1.4,
        "g": 0.94,
        "muspx": 0.30690570088814195,
        "fray": 0.7958157450908651,
        "bmie": 0.997309691059179
    },
    "CCA": {
        "blood_volume_fraction": 14.585374880379351,
        "ScvO2": 0.2879200469378992,
        "water_volume": 0.43994915490572306,
        "n": 1.4,
        "g": 0.94,
        "muspx": 0.7469044899518249,
        "fray": 0.502760943534833,
        "bmie": 0.5129280784470399
    },
    "geometry": {
        "skin_thickness": 0.5539809859344146,
        "ijv_radius": 9.840965258619594,
        "ijv_depth": 18.097568253132938,
        "cca_radius": 3.475453556240989,
        "cca_depth": 24.372975691077087,
        "ijv_cca_distance": 13.497902653594295
    }
}