{
    "skin": {
        "blood_volume_fraction": 0.0018708123714586702,
        "ScvO2": 0.9935568781094202,
        "water_volume": 0.17246520517382527,
        "n": 1.4,
        "g": 0.8558182693223169,
        "muspx": 4.74287019456515,
        "fray": 0.31915123452126165,
        "bmie": 0.7452631861744553
    },
    "muscle": {
        "blood_volume_fraction": 0.8776427782152108,
        "ScvO2": 0.14556493611984522,
        "water_volume": 0.5251309257702578,
        "n": 1.4,
        "g": 0.94,
        "muspx": 0.17460749142971155,
        "fray": 0.8707303971600214,
        "bmie": 3.142418293530316
    },
    "IJV": {
        "blood_volume_fraction": 6.201886029400685,
        "ScvO2": 0.08137650274240849,
        "water_volume": 0.6981408225791746,
        "n": 1.4,
        "g": 0.94,
        "muspx": 1.3644912325303864,
        "fray": 0.02496939025248235,
        "bmie": 0.4183875688058548
    },
    "CCA": {
        "blood_volume_fraction": 14.81486016517822,
        "ScvO2": 0.7145466969087102,
        "water_volume": 0.3224040570838228,
        "n": 1.4,
        "g": 0.94,
        "muspx": 0.4310645717207384,
        "fray": 0.3796375001532768,
        "bmie": 0.22428102735295896
    },
    "geometry": {
        "skin_thickness": 0.8390481373836899,
        "ijv_radius": 7.544638316430946,
        "ijv_depth": 14.983737849566587,
        "cca_radius": 3.415350070305932,
        "cca_depth": 19.16371494563746,
        "ijv_cca_distance": 14.502679195885893
    }
}