{
    "skin": {
        "blood_volume_fraction": 0.0017710780950910467,
        "ScvO2": 0.9655327353019704,
        "water_volume": 0.20814074700665933,
        "n": 1.4,
        "g": 0.881810210857457,
        "muspx": 4.366490294279227,
        "fray": 0.7015042132719748,
        "bmie": 0.2474331342824309
    },
    "muscle": {
        "blood_volume_fraction": 5.077383525867067,
        "ScvO2": 0.9823098211495588,
        "water_volume": 0.36630460599385206,
        "n": 1.4,
        "g": 0.94,
        "muspx": 0.5010923742068694,
        "fray": 0.9816681080788001,
        "bmie": 0.5924741091006819
    },
    "IJV": {
        "blood_volume_fraction": 3.1009865122621005,
        "ScvO2": 0.7455877424454418,
        "water_volume": 0.02756487208013969,
        "n": 1.4,
        "g": 0.94,
        "muspx": 0.37764814329962726,
        "fray": 0.05981211358328031,
        "bmie": 0.9014960385906717
    },
    "CCA": {
        "blood_volume_fraction": 4.890315097628499,
        "ScvO2": 0.3674628998505862,
        "water_volume": 0.6176496415817525,
        "n": 1.4,
        "g": 0.94,
        "muspx": 0.25991967482084943,
        "fray": 0.49825556826934003,
        "bmie": 0.500078247074728
    },
    "geometry": {
        "skin_thickness": 0.9022520820166462,
        "ijv_radius": 5.629135714557393,
        "ijv_depth": 16.867126324121216,
        "cca_radius": 4.125637604831322,
        "cca_depth": 23.94638177000607,
        "ijv_cca_distance": 9.792648293569805
    }
}