{
    "skin": {
        "blood_volume_fraction": 0.004075642586876518,
        "ScvO2": 0.972459100344589,
        "water_volume": 0.19605787980733363,
        "n": 1.4,
        "g": 0.9940333564732403,
        "muspx": 3.704299487062991,
        "fray": 0.5740176803615674,
        "bmie": 0.37774197952955935
    },
    "muscle": {
        "blood_volume_fraction": 5.396200770488573,
        "ScvO2": 0.18112354068754444,
        "water_volume": 0.13093865073771516,
        "n": 1.4,
        "g": 0.94,
        "muspx": 1.7147646150107683,
        "fray": 0.6457966324316962,
        "bmie": 0.3266925164060097
    },
    "IJV": {
        "blood_volume_fraction": 8.969328992691086,
        "ScvO2": 0.47618780842896535,
        "water_volume": 0.5079147539351977,
        "n": 1.4,
        "g": 0.94,
        "muspx": 0.13420958562586938,
        "fray": 0.839525428908612,
        "bmie": 0.8248288076294946
    },
    "CCA": {
        "blood_volume_fraction": 6.673740761016802,
        "ScvO2": 0.32236394967698245,
        "water_volume": 0.1883851205341609,
        "n": 1.4,
        "g": 0.94,
        "muspx": 0.2727139028435879,
        "fray": 0.8943187004949751,
        "bmie": 0.908078375938573
    },
    "geometry": {
        "skin_thickness": 0.9380768691306733,
        "ijv_radius": 9.153672512226901,
        "ijv_depth": 13.735591595010996,
        "cca_radius": 3.5245007785731297,
        "cca_depth": 19.32462036616609,
        "ijv_cca_distance": 16.09838212510038
    }
}