{
    "skin": {
        "blood_volume_fraction": 0.0032120113147674394,
        "ScvO2": 0.9644623031643628,
        "water_volume": 0.20720958915127718,
        "n": 1.4,
        "g": 0.8741233325861022,
        "muspx": 4.301058084277344,
        "fray": 0.5859289156470977,
        "bmie": 0.675493595584054
    },
    "muscle": {
        "blood_volume_fraction": 8.985518568769217,
        "ScvO2": 0.9657234273868156,
        "water_volume": 0.1398110659618379,
        "n": 1.4,
        "g": 0.94,
        "muspx": 1.4120283782204384,
        "fray": 0.3306049553880541,
        "bmie": 0.7083548035531645
    },
    "IJV": {
        "blood_volume_fraction": 11.944424678503243,
        "ScvO2": 0.5032331275171712,
        "water_volume": 0.9820286832831979,
        "n": 1.4,
        "g": 0.94,
        "muspx": 1.7096647901061324,
        "fray": 0.6158440920661845,
        "bmie": 0.8996456120198345
    },
    "CCA": {
        "blood_volume_fraction": 11.50954181785279,
        "ScvO2": 0.3031429747973061,
        "water_volume": 0.6468762726393927,
        "n": 1.4,
        "g": 0.94,
        "muspx": 0.6746940198749749,
        "fray": 0.3184229741448966,
        "bmie": 0.027372934069550214
    },
    "geometry": {
        "skin_thickness": 0.4944268278738656,
        "ijv_radius": 7.943347359017552,
        "ijv_depth": 14.242539391047465,
        "cca_radius": 2.554566360497348,
        "cca_depth": 18.187146725621012,
        "ijv_cca_distance": 11.196086653449173
    }
}