{
    "skin": {
        "blood_volume_fraction": 0.003956550414212888,
        "ScvO2": 0.9948535679593522,
        "water_volume": 0.20937484521222907,
        "n": 1.4,
        "g": 0.9665304574812825,
        "muspx": 4.623236389914131,
        "fray": 0.5666214115904087,
        "bmie": 0.6434147413902016
    },
    "muscle": {
        "blood_volume_fraction": 7.03255670273033,
        "ScvO2": 0.9162721931870378,
        "water_volume": 0.04359291874327076,
        "n": 1.4,
        "g": 0.94,
        "muspx": 0.6179325084534293,
        "fray": 0.7068811507832861,
        "bmie": 2.8110234539794647
    },
    "IJV": {
        "blood_volume_fraction": 19.069963429073297,
        "ScvO2": 0.1319289743626988,
        "water_volume": 0.91128395405797,
        "n": 1.4,
        "g": 0.94,
        "muspx": 0.6789712409491786,
        "fray": 0.4441785231701688,
        "bmie": 0.6566423142141216
    },
    "CCA": {
        "blood_volume_fraction": 4.03958011652051,
        "ScvO2": 0.7026890725666796,
        "water_volume": 0.007871851786475093,
        "n": 1.4,
        "g": 0.94,
        "muspx": 1.5650944526326984,
        "fray": 0.16922304601567473,
        "bmie": 0.029065195709277125
    },
    "geometry": {
        "skin_thickness": 0.9567500555931124,
        "ijv_radius": 7.77406649687272,
        "ijv_depth": 19.26255862327038,
        "cca_radius": 3.0942616961278686,
        "cca_depth": 25.145757156787788,
        "ijv_cca_distance": 13.373980960037201
    }
}