{
    "skin": {
        "blood_volume_fraction": 0.0015777397713964856,
        "ScvO2": 0.9869691530579444,
        "water_volume": 0.18125710523689734,
        "n": 1.4,
        "g": 0.8656547399156573,
        "muspx": 6.003969747959384,
        "fray": 0.5512773323458955,
        "bmie": 0.7510527282678192
    },
    "muscle": {
        "blood_volume_fraction": 4.423082451501776,
        "ScvO2": 0.4746634172782094,
        "water_volume": 0.8423629993555535,
        "n": 1.4,
        "g": 0.94,
        "muspx": 1.2315096458299104,
        "fray": 0.5272856790931063,
        "bmie": 3.556250397589956
    },
    "IJV": {
        "blood_volume_fraction": 14.603634795954152,
        "ScvO2": 0.9313378422996911,
        "water_volume": 0.5815747182396451,
        "n": 1.4,
        "g": 0.94,
        "muspx": 0.8575354754774942,
        "fray": 0.6471929939777087,
        "bmie": 0.37785669799182686
    },
    "CCA": {
        "blood_volume_fraction": 5.683477048752126,
        "ScvO2": 0.4936733556060017,
        "water_volume": 0.31316679998134167,
        "n": 1.4,
        "g": 0.94,
        "muspx": 1.8958436735585436,
        "fray": 0.15588350184690514,
        "bmie": 0.4447021091668607
    },
    "geometry": {
        "skin_thickness": 0.6352722049504484,
        "ijv_radius": 2.993860523952197,
        "ijv_depth": 11.63449649972996,
        "cca_radius": 4.209129701032379,
        "cca_depth": 23.3659992028836,
        "ijv_cca_distance": 5.597875826746195
    }
}