{
    "skin": {
        "blood_volume_fraction": 0.003166282734694701,
        "ScvO2": 0.9688518475061123,
        "water_volume": 0.18991650916930786,
        "n": 1.4,
        "g": 0.8237360446602097,
        "muspx": 6.217468103610782,
        "fray": 0.5499380934825138,
        "bmie": 0.27473532637785003
    },
    "muscle": {
        "blood_volume_fraction": 11.602650888050803,
        "ScvO2": 0.6920628552047939,
        "water_volume": 0.10903874435247607,
        "n": 1.4,
        "g": 0.94,
        "muspx": 0.11135936152557102,
        "fray": 0.5502085123895054,
        "bmie": 4.74353326352273
    },
    "IJV": {
        "blood_volume_fraction": 17.79730410064176,
        "ScvO2": 0.37529006418401456,
        "water_volume": 0.12274393821687657,
        "n": 1.4,
        "g": 0.94,
        "muspx": 1.4907476093956025,
        "fray": 0.7317244421692289,
        "bmie": 0.9554938028971929
    },
    "CCA": {
        "blood_volume_fraction": 18.736840407130224,
        "ScvO2": 0.5243753090886079,
        "water_volume": 0.9271944733030107,
        "n": 1.4,
        "g": 0.94,
        "muspx": 0.0842442711320579,
        "fray": 0.6139000981313684,
        "bmie": 0.7321994802545521
    },
    "geometry": {
        "skin_thickness": 0.7441469753853567,
        "ijv_radius": 8.653459773774356,
        "ijv_depth": 19.354970553988878,
        "cca_radius": 4.40059783129816,
        "cca_depth": 23.291269905763848,
        "ijv_cca_distance": 16.675163216090024
    }
}