{
    "CCA": {
        "bmie": 0.9543557075834136,
        "n": 1.4,
        "water_volume": 0.7231724316822348,
        "ScvO2": 0.5695462662544631,
        "fray": 0.9209972821384674,
        "muspx": 1.1322548376055785,
        "blood_volume_fraction": 16.061533042606897,
        "g": 0.94
    },
    "muscle": {
        "bmie": 1.611914838121156,
        "n": 1.4,
        "water_volume": 0.19825068338550111,
        "ScvO2": 0.031083372990008518,
        "fray": 0.2997726532562759,
        "muspx": 0.0729523312161342,
        "blood_volume_fraction": 8.838209803027503,
        "g": 0.94
    },
    "IJV": {
        "bmie": 0.16324454242484876,
        "n": 1.4,
        "water_volume": 0.9033379258273528,
        "ScvO2": 0.6900594401526703,
        "fray": 0.8976469466509063,
        "muspx": 0.5705042031105829,
        "blood_volume_fraction": 10.292984486989784,
        "g": 0.94
    },
    "geometry": {
        "skin_thickness": 0.3976183702847512,
        "cca_depth": 23.244012912915004,
        "cca_radius": 2.8628233422160143,
        "ijv_cca_distance": 15.398507057783533,
        "ijv_radius": 9.484978535422783,
        "ijv_depth": 22.19549085256508
    },
    "skin": {
        "bmie": 1.1215561756122485,
        "n": 1.4,
        "water_volume": 0.18028451711105586,
        "ScvO2": 0.9730744333338275,
        "fray": 0.339001278745376,
        "muspx": 4.022693417773915,
        "blood_volume_fraction": 0.0024955320528412704,
        "g": 0.804049839773125
    }
}