{
    "skin": {
        "blood_volume_fraction": 0.0013338750910071205,
        "ScvO2": 0.9879332623540715,
        "water_volume": 0.21365224463315505,
        "n": 1.4,
        "g": 0.8378825336368407,
        "muspx": 3.8834755732681208,
        "fray": 0.5237363256698242,
        "bmie": 1.1572708147235258
    },
    "muscle": {
        "blood_volume_fraction": 2.2787058226674173,
        "ScvO2": 0.9861211120239994,
        "water_volume": 0.87258845640688,
        "n": 1.4,
        "g": 0.94,
        "muspx": 0.28693652651484225,
        "fray": 0.618524110125975,
        "bmie": 4.107402477559836
    },
    "IJV": {
        "blood_volume_fraction": 17.534499849341422,
        "ScvO2": 0.46562178796402376,
        "water_volume": 0.3353875097942287,
        "n": 1.4,
        "g": 0.94,
        "muspx": 1.5249991846011495,
        "fray": 0.5119053241007911,
        "bmie": 0.1472330024462033
    },
    "CCA": {
        "blood_volume_fraction": 11.672504041885695,
        "ScvO2": 0.1510563416598928,
        "water_volume": 0.9582934743388388,
        "n": 1.4,
        "g": 0.94,
        "muspx": 1.4317345399499135,
        "fray": 0.7559572309575915,
        "bmie": 0.3316520571394789
    },
    "geometry": {
        "skin_thickness": 0.9886859492416292,
        "ijv_radius": 5.188193121235864,
        "ijv_depth": 13.866575541937664,
        "cca_radius": 3.9914802254503567,
        "cca_depth": 24.50945676882079,
        "ijv_cca_distance": 9.100939185502206
    }
}