{
    "skin": {
        "blood_volume_fraction": 0.003353483711198873,
        "ScvO2": 0.994899175685835,
        "water_volume": 0.20816799870191077,
        "n": 1.4,
        "g": 0.8034375251667346,
        "muspx": 6.401012099061124,
        "fray": 0.23206334052627628,
        "bmie": 0.3559157901102987
    },
    "muscle": {
        "blood_volume_fraction": 18.31654881644746,
        "ScvO2": 0.616517234234379,
        "water_volume": 0.01045550993569866,
        "n": 1.4,
        "g": 0.94,
        "muspx": 1.6399414253230613,
        "fray": 0.395827778660244,
        "bmie": 3.54509035805167
    },
    "IJV": {
        "blood_volume_fraction": 9.134164568187979,
        "ScvO2": 0.7812350824364053,
        "water_volume": 0.7196012097274027,
        "n": 1.4,
        "g": 0.94,
        "muspx": 1.0481403603239947,
        "fray": 0.8284800532446666,
        "bmie": 0.8366921306693351
    },
    "CCA": {
        "blood_volume_fraction": 0.9249961030155074,
        "ScvO2": 0.22442248501023543,
        "water_volume": 0.6161904741858675,
        "n": 1.4,
        "g": 0.94,
        "muspx": 1.9460494398060149,
        "fray": 0.7665119454661606,
        "bmie": 0.9883032752314777
    },
    "geometry": {
        "skin_thickness": 0.2517569701945437,
        "ijv_radius": 4.635181846929394,
        "ijv_depth": 14.643460273489218,
        "cca_radius": 2.609232276189088,
        "cca_depth": 23.816664681220296,
        "ijv_cca_distance": 7.848671237097642
    }
}