{
    "skin": {
        "ScvO2": 0.9715112337563664,
        "n": 1.4,
        "water_volume": 0.17272625149973714,
        "muspx": 5.42329549469768,
        "blood_volume_fraction": 0.002495113672663295,
        "bmie": 0.35368683798626543,
        "g": 0.8993919448887298,
        "fray": 0.7202665304843467
    },
    "geometry": {
        "cca_depth": 24.737353694475857,
        "ijv_cca_distance": 8.587387719832453,
        "skin_thickness": 0.1704244737954826,
        "ijv_radius": 5.425410495195287,
        "ijv_depth": 5.660863144569643,
        "cca_radius": 3.3177825216805172
    },
    "muscle": {
        "ScvO2": 0.24271840923399068,
        "n": 1.4,
        "water_volume": 0.5674782651598856,
        "muspx": 1.6148203744434302,
        "blood_volume_fraction": 9.590451449149231,
        "bmie": 4.440116388796449,
        "g": 0.94,
        "fray": 0.7821572648640399
    },
    "CCA": {
        "ScvO2": 0.36647140492613806,
        "n": 1.4,
        "water_volume": 0.17155961179761237,
        "muspx": 0.025212324898400862,
        "blood_volume_fraction": 6.007875958735831,
        "bmie": 0.6390429139926949,
        "g": 0.94,
        "fray": 0.3317150757838354
    },
    "IJV": {
        "ScvO2": 0.1818901996068626,
        "n": 1.4,
        "water_volume": 0.4073060146755497,
        "muspx": 1.2484187136988236,
        "blood_volume_fraction": 0.15352155769607245,
        "bmie": 0.4089852354346487,
        "g": 0.94,
        "fray": 0.5050940841310174
    }
}