{
    "skin": {
        "blood_volume_fraction": 0.0034221821077238725,
        "ScvO2": 0.9898073938316799,
        "water_volume": 0.17359907162329768,
        "n": 1.4,
        "g": 0.9747593573938447,
        "muspx": 5.453235082189053,
        "fray": 0.4515448185258346,
        "bmie": 0.4883782237896199
    },
    "muscle": {
        "blood_volume_fraction": 9.49156194852879,
        "ScvO2": 0.37370589510036656,
        "water_volume": 0.45200264831442305,
        "n": 1.4,
        "g": 0.94,
        "muspx": 0.5751822733634839,
        "fray": 0.5586920255869054,
        "bmie": 4.858131969353334
    },
    "IJV": {
        "blood_volume_fraction": 7.646172673198914,
        "ScvO2": 0.9596795923973768,
        "water_volume": 0.5378504043117043,
        "n": 1.4,
        "g": 0.94,
        "muspx": 1.112241933290202,
        "fray": 0.9312041997775645,
        "bmie": 0.0245988981758557
    },
    "CCA": {
        "blood_volume_fraction": 8.47440023366657,
        "ScvO2": 0.4196677638265688,
        "water_volume": 0.4142058540946547,
        "n": 1.4,
        "g": 0.94,
        "muspx": 0.08499466393606459,
        "fray": 0.8603696469058953,
        "bmie": 0.8798728951001855
    },
    "geometry": {
        "skin_thickness": 0.36834997330360286,
        "ijv_radius": 7.825028683873586,
        "ijv_depth": 16.185886193909585,
        "cca_radius": 3.8266640764351774,
        "cca_depth": 20.8513621544002,
        "ijv_cca_distance": 11.287378896541156
    }
}