{
    "CCA": {
        "n": 1.4,
        "blood_volume_fraction": 14.8799690387014,
        "fray": 0.6674304284360942,
        "g": 0.94,
        "ScvO2": 0.990817721419193,
        "muspx": 1.1020718934564062,
        "bmie": 0.5004094017785129,
        "water_volume": 0.4050749509516375
    },
    "muscle": {
        "n": 1.4,
        "blood_volume_fraction": 4.9749247832474675,
        "fray": 0.35816641767931345,
        "g": 0.94,
        "ScvO2": 0.13312677093772196,
        "muspx": 0.8482335643404604,
        "bmie": 3.132395825893039,
        "water_volume": 0.0014825074971233088
    },
    "IJV": {
        "n": 1.4,
        "blood_volume_fraction": 3.730242949951197,
        "fray": 0.5413818162666416,
        "g": 0.94,
        "ScvO2": 0.20862647683171698,
        "muspx": 1.3203039432612251,
        "bmie": 0.9293675260096665,
        "water_volume": 0.7710891977395659
    },
    "skin": {
        "n": 1.4,
        "blood_volume_fraction": 0.003955525982506476,
        "fray": 0.4937859664956513,
        "g": 0.9412963990534983,
        "ScvO2": 0.9958878950857918,
        "muspx": 4.235386768011673,
        "bmie": 0.32898346682361407,
        "water_volume": 0.16892311285631414
    },
    "geometry": {
        "cca_radius": 3.79769434649691,
        "ijv_radius": 7.640081700204807,
        "ijv_cca_distance": 13.093184877352778,
        "skin_thickness": 0.4540710881595216,
        "ijv_depth": 20.08475415882498,
        "cca_depth": 25.12936572127903
    }
}