{
    "skin": {
        "blood_volume_fraction": 0.003132691906631217,
        "ScvO2": 0.9742837129309108,
        "water_volume": 0.17567951897784348,
        "n": 1.4,
        "g": 0.8378834085269785,
        "muspx": 3.797237877156429,
        "fray": 0.4309109560666601,
        "bmie": 0.884870328846272
    },
    "muscle": {
        "blood_volume_fraction": 3.350117244579389,
        "ScvO2": 0.15403648933806546,
        "water_volume": 0.9889030278942437,
        "n": 1.4,
        "g": 0.94,
        "muspx": 1.1945573287545581,
        "fray": 0.3162505412360511,
        "bmie": 3.2125710937139518
    },
    "IJV": {
        "blood_volume_fraction": 15.662161852994256,
        "ScvO2": 0.8547808462940247,
        "water_volume": 0.23775835139422707,
        "n": 1.4,
        "g": 0.94,
        "muspx": 1.2265486357896291,
        "fray": 0.2706456482139027,
        "bmie": 0.9885892265209816
    },
    "CCA": {
        "blood_volume_fraction": 19.237060974061954,
        "ScvO2": 0.2666704099270656,
        "water_volume": 0.780443206946037,
        "n": 1.4,
        "g": 0.94,
        "muspx": 0.01644912539954957,
        "fray": 0.21733114493158678,
        "bmie": 0.8744540050231666
    },
    "geometry": {
        "skin_thickness": 0.362711982005264,
        "ijv_radius": 4.421137943427262,
        "ijv_depth": 18.007985541786212,
        "cca_radius": 3.034339563055455,
        "cca_depth": 19.377182318635867,
        "ijv_cca_distance": 8.56009354562135
    }
}