{
    "CCA": {
        "n": 1.4,
        "blood_volume_fraction": 5.343381187007285,
        "fray": 0.040819711291412486,
        "g": 0.94,
        "ScvO2": 0.859376277321666,
        "muspx": 0.7608064121488318,
        "bmie": 0.22481834931534717,
        "water_volume": 0.9296914866112939
    },
    "muscle": {
        "n": 1.4,
        "blood_volume_fraction": 13.075545199324718,
        "fray": 0.8076082974719077,
        "g": 0.94,
        "ScvO2": 0.30691596495467977,
        "muspx": 0.8663185043904877,
        "bmie": 1.2683076255029397,
        "water_volume": 0.434250806932611
    },
    "IJV": {
        "n": 1.4,
        "blood_volume_fraction": 15.691369765718125,
        "fray": 0.3781818858264433,
        "g": 0.94,
        "ScvO2": 0.43060826430383736,
        "muspx": 0.3604792988863621,
        "bmie": 0.24042756223534223,
        "water_volume": 0.34569363147256627
    },
    "skin": {
        "n": 1.4,
        "blood_volume_fraction": 0.0028945628534720567,
        "fray": 0.38552507160685207,
        "g": 0.8049402252799582,
        "ScvO2": 0.9825522120986658,
        "muspx": 5.1548634417577555,
        "bmie": 1.0459351262552508,
        "water_volume": 0.19364402378345855
    },
    "geometry": {
        "cca_radius": 2.5678733648678955,
        "ijv_radius": 4.254335878724998,
        "ijv_cca_distance": 9.68477260977457,
        "skin_thickness": 0.9683070321325229,
        "ijv_depth": 19.160363802580612,
        "cca_depth": 25.021733954831596
    }
}