{
    "skin": {
        "ScvO2": 0.9736694348717823,
        "n": 1.4,
        "water_volume": 0.1964726992550865,
        "muspx": 5.9859883543679535,
        "blood_volume_fraction": 0.0032760746887202227,
        "bmie": 0.7815513866635504,
        "g": 0.9804913021592564,
        "fray": 0.3920888356390762
    },
    "geometry": {
        "cca_depth": 20.111059072988027,
        "ijv_cca_distance": 5.22818923453589,
        "skin_thickness": 0.7299267459147518,
        "ijv_radius": 3.4187939071420166,
        "ijv_depth": 12.891927656722515,
        "cca_radius": 4.434001622714337
    },
    "muscle": {
        "ScvO2": 0.5038200461165976,
        "n": 1.4,
        "water_volume": 0.15718861051819155,
        "muspx": 0.02329973380283179,
        "blood_volume_fraction": 2.1780298815462906,
        "bmie": 1.7682616939687268,
        "g": 0.94,
        "fray": 0.5376772319839793
    },
    "CCA": {
        "ScvO2": 0.2969965164289746,
        "n": 1.4,
        "water_volume": 0.4547375790109789,
        "muspx": 0.7067147401322125,
        "blood_volume_fraction": 6.279874173873812,
        "bmie": 0.42838233522148583,
        "g": 0.94,
        "fray": 0.4110773003117981
    },
    "IJV": {
        "ScvO2": 0.3620325980062392,
        "n": 1.4,
        "water_volume": 0.3346191677840862,
        "muspx": 0.8578001468404899,
        "blood_volume_fraction": 18.421421020426813,
        "bmie": 0.3250035387777619,
        "g": 0.94,
        "fray": 0.09609502735882947
    }
}