{
    "skin": {
        "blood_volume_fraction": 0.0017656961049268781,
        "ScvO2": 0.9722453671654548,
        "water_volume": 0.19691778338646906,
        "n": 1.4,
        "g": 0.8641186528486624,
        "muspx": 5.778067737422077,
        "fray": 0.701835213579761,
        "bmie": 0.8764338327261498
    },
    "muscle": {
        "blood_volume_fraction": 9.471858307261554,
        "ScvO2": 0.16650333031045095,
        "water_volume": 0.13246272539508863,
        "n": 1.4,
        "g": 0.94,
        "muspx": 0.7943519666719134,
        "fray": 0.9208379204696149,
        "bmie": 0.11556611805897343
    },
    "IJV": {
        "blood_volume_fraction": 7.486842294674185,
        "ScvO2": 0.2854339834597195,
        "water_volume": 0.36931493847705155,
        "n": 1.4,
        "g": 0.94,
        "muspx": 0.8479597356072286,
        "fray": 0.09580234426604384,
        "bmie": 0.43867746941159613
    },
    "CCA": {
        "blood_volume_fraction": 9.495796338364276,
        "ScvO2": 0.6953363631547457,
        "water_volume": 0.3908532087031368,
        "n": 1.4,
        "g": 0.94,
        "muspx": 1.1554806724200337,
        "fray": 0.8248988701170196,
        "bmie": 0.05243610200260207
    },
    "geometry": {
        "skin_thickness": 0.2711057632287197,
        "ijv_radius": 7.0593093690765,
        "ijv_depth": 17.453455437021294,
        "cca_radius": 2.5440243025531335,
        "cca_depth": 20.89379501862361,
        "ijv_cca_distance": 10.17896489352711
    }
}