{
    "skin": {
        "blood_volume_fraction": 0.0012832283611910473,
        "ScvO2": 0.9701321910571504,
        "water_volume": 0.20042752692586618,
        "n": 1.4,
        "g": 0.9112363654618731,
        "muspx": 3.601432112616124,
        "fray": 0.3171457165062981,
        "bmie": 1.134552753902892
    },
    "muscle": {
        "blood_volume_fraction": 13.251280052286788,
        "ScvO2": 0.18495855177537945,
        "water_volume": 0.4648668543628678,
        "n": 1.4,
        "g": 0.94,
        "muspx": 0.7701392774183791,
        "fray": 0.8232888214068163,
        "bmie": 3.0375109297965452
    },
    "IJV": {
        "blood_volume_fraction": 13.14972182389562,
        "ScvO2": 0.8421416002928755,
        "water_volume": 0.22501077775451594,
        "n": 1.4,
        "g": 0.94,
        "muspx": 1.887466101230362,
        "fray": 0.4693374112199564,
        "bmie": 0.1774655884198204
    },
    "CCA": {
        "blood_volume_fraction": 14.23203823498053,
        "ScvO2": 0.5698951946739986,
        "water_volume": 0.5491972680406655,
        "n": 1.4,
        "g": 0.94,
        "muspx": 0.42468091925076057,
        "fray": 0.9436092335900039,
        "bmie": 0.9239604521152759
    },
    "geometry": {
        "skin_thickness": 0.6261450816191572,
        "ijv_radius": 4.102645696036759,
        "ijv_depth": 5.775949111001054,
        "cca_radius": 3.1059069722494126,
        "cca_depth": 19.266221441138832,
        "ijv_cca_distance": 8.775573417678203
    }
}