{
    "skin": {
        "blood_volume_fraction": 0.0030041442024468677,
        "ScvO2": 0.9916272205616934,
        "water_volume": 0.17529945764532895,
        "n": 1.4,
        "g": 0.821550368263842,
        "muspx": 6.573143307779557,
        "fray": 0.22697648244276913,
        "bmie": 0.47777085450435364
    },
    "muscle": {
        "blood_volume_fraction": 7.798109832388949,
        "ScvO2": 0.5703709418899854,
        "water_volume": 0.4174203397703441,
        "n": 1.4,
        "g": 0.94,
        "muspx": 0.9926883793181283,
        "fray": 0.38882098191458614,
        "bmie": 3.6728622103774846
    },
    "IJV": {
        "blood_volume_fraction": 3.839454468024708,
        "ScvO2": 0.9202264591801762,
        "water_volume": 0.19184043074897694,
        "n": 1.4,
        "g": 0.94,
        "muspx": 0.6693359886549739,
        "fray": 0.1555474508482877,
        "bmie": 0.6773340830624117
    },
    "CCA": {
        "blood_volume_fraction": 16.207335532296554,
        "ScvO2": 0.46940780971286045,
        "water_volume": 0.5738636845512303,
        "n": 1.4,
        "g": 0.94,
        "muspx": 1.3188112959910605,
        "fray": 0.04916956981852516,
        "bmie": 0.5481182194325795
    },
    "geometry": {
        "skin_thickness": 0.867548554550513,
        "ijv_radius": 10.268610891787603,
        "ijv_depth": 14.992630918028073,
        "cca_radius": 3.1556611960623506,
        "cca_depth": 16.57653584723947,
        "ijv_cca_distance": 16.190812057615954
    }
}