{
    "skin": {
        "blood_volume_fraction": 0.0025492867073593664,
        "ScvO2": 0.9846060726902951,
        "water_volume": 0.17505364540225288,
        "n": 1.4,
        "g": 0.9207296086393355,
        "muspx": 4.413095513708512,
        "fray": 0.30760863407222,
        "bmie": 0.40522923767315466
    },
    "muscle": {
        "blood_volume_fraction": 17.94090748629252,
        "ScvO2": 0.38458079630041686,
        "water_volume": 0.6534969182597501,
        "n": 1.4,
        "g": 0.94,
        "muspx": 1.6178832763921276,
        "fray": 0.26419929479315474,
        "bmie": 2.7783197054791446
    },
    "IJV": {
        "blood_volume_fraction": 2.6508530138696584,
        "ScvO2": 0.750754212069748,
        "water_volume": 0.6481904100146105,
        "n": 1.4,
        "g": 0.94,
        "muspx": 0.44912649347490086,
        "fray": 0.6205475720467553,
        "bmie": 0.4506314880918505
    },
    "CCA": {
        "blood_volume_fraction": 18.907462170698423,
        "ScvO2": 0.3256312416684246,
        "water_volume": 0.9738953849738154,
        "n": 1.4,
        "g": 0.94,
        "muspx": 1.033464393868166,
        "fray": 0.7285029255200531,
        "bmie": 0.5872064818770854
    },
    "geometry": {
        "skin_thickness": 0.45455103257140617,
        "ijv_radius": 7.42793640684889,
        "ijv_depth": 20.944017381474833,
        "cca_radius": 2.914233559512053,
        "cca_depth": 21.17653803188431,
        "ijv_cca_distance": 11.918448793754287
    }
}