{
    "skin": {
        "blood_volume_fraction": 0.003983691489598501,
        "ScvO2": 0.9624085674713951,
        "water_volume": 0.19890166379369795,
        "n": 1.4,
        "g": 0.8686223189987412,
        "muspx": 5.1968486961234905,
        "fray": 0.6794234352274771,
        "bmie": 0.7725273643724507
    },
    "muscle": {
        "blood_volume_fraction": 5.610327804696076,
        "ScvO2": 0.3206144397100231,
        "water_volume": 0.13355183300434814,
        "n": 1.4,
        "g": 0.94,
        "muspx": 1.6885059701965213,
        "fray": 0.3168005849150263,
        "bmie": 3.9454005997224324
    },
    "IJV": {
        "blood_volume_fraction": 9.123612559176726,
        "ScvO2": 0.8682335740498451,
        "water_volume": 0.867395603783703,
        "n": 1.4,
        "g": 0.94,
        "muspx": 1.7430903759561316,
        "fray": 0.7912196915202381,
        "bmie": 0.034690531283971815
    },
    "CCA": {
        "blood_volume_fraction": 3.272337209732883,
        "ScvO2": 0.19120882132451944,
        "water_volume": 0.20549403952730494,
        "n": 1.4,
        "g": 0.94,
        "muspx": 1.9072200361782576,
        "fray": 0.607173473801226,
        "bmie": 0.82942522444899
    },
    "geometry": {
        "skin_thickness": 0.8135669107370243,
        "ijv_radius": 8.696086182854906,
        "ijv_depth": 22.900891595207533,
        "cca_radius": 3.370193083254299,
        "cca_depth": 24.89907401572309,
        "ijv_cca_distance": 16.238204772455397
    }
}