{
    "skin": {
        "blood_volume_fraction": 0.0014542450703939787,
        "ScvO2": 0.9737836622265329,
        "water_volume": 0.19122795214785498,
        "n": 1.4,
        "g": 0.8440347075391716,
        "muspx": 4.885757452884375,
        "fray": 0.5527728971539697,
        "bmie": 0.9186433702807038
    },
    "muscle": {
        "blood_volume_fraction": 6.380184452446649,
        "ScvO2": 0.9613190578272522,
        "water_volume": 0.03464105654737237,
        "n": 1.4,
        "g": 0.94,
        "muspx": 1.5911060500743301,
        "fray": 0.4605950697973086,
        "bmie": 3.251471531852898
    },
    "IJV": {
        "blood_volume_fraction": 11.280329385890568,
        "ScvO2": 0.7974931160504893,
        "water_volume": 0.567155752456245,
        "n": 1.4,
        "g": 0.94,
        "muspx": 1.6243957573833272,
        "fray": 0.1478079777297414,
        "bmie": 0.059247115480006496
    },
    "CCA": {
        "blood_volume_fraction": 11.527098123576707,
        "ScvO2": 0.47818502881350167,
        "water_volume": 0.06316650371436894,
        "n": 1.4,
        "g": 0.94,
        "muspx": 1.598288283179482,
        "fray": 0.5003466887303489,
        "bmie": 0.27149720299703894
    },
    "geometry": {
        "skin_thickness": 0.34125489297820405,
        "ijv_radius": 9.01818954812233,
        "ijv_depth": 12.822944933726458,
        "cca_radius": 2.77238644599706,
        "cca_depth": 20.594183642615768,
        "ijv_cca_distance": 13.266690078692315
    }
}