{
    "skin": {
        "blood_volume_fraction": 0.003748477365530298,
        "ScvO2": 0.9830870412695808,
        "water_volume": 0.19894839637363138,
        "n": 1.4,
        "g": 0.8063611399748716,
        "muspx": 4.974092345826484,
        "fray": 0.4972082788097757,
        "bmie": 1.105196160785928
    },
    "muscle": {
        "blood_volume_fraction": 14.304290792372818,
        "ScvO2": 0.9428274707640646,
        "water_volume": 0.7590992437791828,
        "n": 1.4,
        "g": 0.94,
        "muspx": 1.8823003823263684,
        "fray": 0.22127206733665916,
        "bmie": 2.1112845602016823
    },
    "IJV": {
        "blood_volume_fraction": 14.532418761545404,
        "ScvO2": 0.3868524467285598,
        "water_volume": 0.36635094312317373,
        "n": 1.4,
        "g": 0.94,
        "muspx": 0.26133392723794535,
        "fray": 0.985804384830093,
        "bmie": 0.43151539172607045
    },
    "CCA": {
        "blood_volume_fraction": 2.634570694872491,
        "ScvO2": 0.5558125917671211,
        "water_volume": 0.7909358286355853,
        "n": 1.4,
        "g": 0.94,
        "muspx": 1.3292383277630766,
        "fray": 0.6851946999495128,
        "bmie": 0.2301822745389399
    },
    "geometry": {
        "skin_thickness": 0.6612382440566111,
        "ijv_radius": 6.544317829106356,
        "ijv_depth": 12.725383229610378,
        "cca_radius": 3.799680330522846,
        "cca_depth": 22.188316256127994,
        "ijv_cca_distance": 5.057149275114745
    }
}