{
    "skin": {
        "blood_volume_fraction": 0.0015722832864812886,
        "ScvO2": 0.963614500369819,
        "water_volume": 0.16712252102898872,
        "n": 1.4,
        "g": 0.8316300547886504,
        "muspx": 6.279675771326556,
        "fray": 0.2745798687097942,
        "bmie": 0.3097105082470734
    },
    "muscle": {
        "blood_volume_fraction": 5.591992956160938,
        "ScvO2": 0.4439534254116003,
        "water_volume": 0.3820522708486458,
        "n": 1.4,
        "g": 0.94,
        "muspx": 1.9686175675212223,
        "fray": 0.9579829973882563,
        "bmie": 3.639426336457972
    },
    "IJV": {
        "blood_volume_fraction": 12.689087208271143,
        "ScvO2": 0.948677282874546,
        "water_volume": 0.5913388396084666,
        "n": 1.4,
        "g": 0.94,
        "muspx": 1.6938989432229223,
        "fray": 0.9754046978793225,
        "bmie": 0.013674638708490727
    },
    "CCA": {
        "blood_volume_fraction": 5.800892801699275,
        "ScvO2": 0.9698485929225605,
        "water_volume": 0.46808046829236105,
        "n": 1.4,
        "g": 0.94,
        "muspx": 0.5756616646198631,
        "fray": 0.7728142125803,
        "bmie": 0.3303109354263759
    },
    "geometry": {
        "skin_thickness": 0.26053582145588405,
        "ijv_radius": 3.180715058746995,
        "ijv_depth": 10.399775233862394,
        "cca_radius": 2.6005489701957902,
        "cca_depth": 23.193624593431224,
        "ijv_cca_distance": 9.681875968083911
    }
}