{
    "skin": {
        "blood_volume_fraction": 0.0023747069708453337,
        "ScvO2": 0.9639243552442109,
        "water_volume": 0.20837624000607358,
        "n": 1.4,
        "g": 0.8972527338327325,
        "muspx": 5.193736625467546,
        "fray": 0.7105726602181902,
        "bmie": 1.1575955645748466
    },
    "muscle": {
        "blood_volume_fraction": 2.7172613170914772,
        "ScvO2": 0.28848304187015195,
        "water_volume": 0.6173436657217662,
        "n": 1.4,
        "g": 0.94,
        "muspx": 1.3983030335720006,
        "fray": 0.5858631078592912,
        "bmie": 4.383268741871866
    },
    "IJV": {
        "blood_volume_fraction": 9.02017090381905,
        "ScvO2": 0.2122935054698526,
        "water_volume": 0.09907551467934783,
        "n": 1.4,
        "g": 0.94,
        "muspx": 1.2279012395394864,
        "fray": 0.8353660047684089,
        "bmie": 0.478865621073741
    },
    "CCA": {
        "blood_volume_fraction": 11.798252860000984,
        "ScvO2": 0.7431307786543555,
        "water_volume": 0.08421549989403676,
        "n": 1.4,
        "g": 0.94,
        "muspx": 1.611140718187288,
        "fray": 0.23506102005897134,
        "bmie": 0.10756394407411574
    },
    "geometry": {
        "skin_thickness": 0.4670265040580148,
        "ijv_radius": 5.1061116012399825,
        "ijv_depth": 5.707800789000295,
        "cca_radius": 3.083885287919305,
        "cca_depth": 18.273124729302182,
        "ijv_cca_distance": 6.221680004153277
    }
}