{
    "skin": {
        "blood_volume_fraction": 0.002157670370843975,
        "ScvO2": 0.9821925426924702,
        "water_volume": 0.16888015814449436,
        "n": 1.4,
        "g": 0.8720034665808329,
        "muspx": 4.719928824891344,
        "fray": 0.6581839930572018,
        "bmie": 0.8622196446724716
    },
    "muscle": {
        "blood_volume_fraction": 10.214305960507604,
        "ScvO2": 0.9179542995604781,
        "water_volume": 0.8860593090020185,
        "n": 1.4,
        "g": 0.94,
        "muspx": 1.4828831140378267,
        "fray": 0.34074410806712496,
        "bmie": 3.738845575429229
    },
    "IJV": {
        "blood_volume_fraction": 16.995439711603836,
        "ScvO2": 0.5861474154772368,
        "water_volume": 0.2658662077924977,
        "n": 1.4,
        "g": 0.94,
        "muspx": 0.21113404753482423,
        "fray": 0.5784624757525079,
        "bmie": 0.9992891446278804
    },
    "CCA": {
        "blood_volume_fraction": 6.478147833237924,
        "ScvO2": 0.8947467647561536,
        "water_volume": 0.49560954479867114,
        "n": 1.4,
        "g": 0.94,
        "muspx": 1.467934484434051,
        "fray": 0.4060911369277892,
        "bmie": 0.345792149284893
    },
    "geometry": {
        "skin_thickness": 0.4473028768391444,
        "ijv_radius": 4.228040366108528,
        "ijv_depth": 16.95167732253829,
        "cca_radius": 4.331663778159481,
        "cca_depth": 17.093765171046012,
        "ijv_cca_distance": 11.209671784216543
    }
}