{
    "skin": {
        "blood_volume_fraction": 0.0028986040125325184,
        "ScvO2": 0.9927859843017112,
        "water_volume": 0.18200017183231204,
        "n": 1.4,
        "g": 0.937008537971839,
        "muspx": 5.312531674561144,
        "fray": 0.7568552687308064,
        "bmie": 1.0421312393899214
    },
    "muscle": {
        "blood_volume_fraction": 10.142638224342795,
        "ScvO2": 0.8117635073012625,
        "water_volume": 0.35639523214126345,
        "n": 1.4,
        "g": 0.94,
        "muspx": 1.0988792409430665,
        "fray": 0.2788651042389577,
        "bmie": 1.0753501405385006
    },
    "IJV": {
        "blood_volume_fraction": 17.60640802975444,
        "ScvO2": 0.25365078128677043,
        "water_volume": 0.3635208921856279,
        "n": 1.4,
        "g": 0.94,
        "muspx": 1.3269321877869336,
        "fray": 0.21328700776197573,
        "bmie": 0.824056542542921
    },
    "CCA": {
        "blood_volume_fraction": 7.476041598021716,
        "ScvO2": 0.615199646181348,
        "water_volume": 0.34678842339079097,
        "n": 1.4,
        "g": 0.94,
        "muspx": 1.8603088294545675,
        "fray": 0.7379666478070738,
        "bmie": 0.33319736050407545
    },
    "geometry": {
        "skin_thickness": 0.5017262385135137,
        "ijv_radius": 6.163866600618264,
        "ijv_depth": 11.485730737507849,
        "cca_radius": 4.290248355485724,
        "cca_depth": 24.028362336779814,
        "ijv_cca_distance": 8.134634022336199
    }
}