{
    "skin": {
        "blood_volume_fraction": 0.002082561885279527,
        "ScvO2": 0.9718710078045951,
        "water_volume": 0.1844814609556858,
        "n": 1.4,
        "g": 0.8853811026827109,
        "muspx": 5.041156290018637,
        "fray": 0.43612500098111034,
        "bmie": 0.6654956386827083
    },
    "muscle": {
        "blood_volume_fraction": 19.382843651799462,
        "ScvO2": 0.08126831932027578,
        "water_volume": 0.9771127382851993,
        "n": 1.4,
        "g": 0.94,
        "muspx": 0.21289086433600124,
        "fray": 0.009812518164754813,
        "bmie": 0.21164459638786548
    },
    "IJV": {
        "blood_volume_fraction": 7.06179873255095,
        "ScvO2": 0.6365202938392029,
        "water_volume": 0.18239561079938227,
        "n": 1.4,
        "g": 0.94,
        "muspx": 1.645233471915612,
        "fray": 0.33220322299638594,
        "bmie": 0.597453268614025
    },
    "CCA": {
        "blood_volume_fraction": 16.1360566350827,
        "ScvO2": 0.5590294912044702,
        "water_volume": 0.47976327326285684,
        "n": 1.4,
        "g": 0.94,
        "muspx": 1.021197592622871,
        "fray": 0.8052059157909216,
        "bmie": 0.1261031982772679
    },
    "geometry": {
        "skin_thickness": 0.4633565599067263,
        "ijv_radius": 6.971673033885973,
        "ijv_depth": 12.231780046156109,
        "cca_radius": 2.788435590453431,
        "cca_depth": 23.422521158327058,
        "ijv_cca_distance": 9.843845911032492
    }
}