{
    "CCA": {
        "n": 1.4,
        "blood_volume_fraction": 9.2956362062952,
        "fray": 0.07319627386777983,
        "g": 0.94,
        "ScvO2": 0.21176562422161282,
        "muspx": 1.1936022977397611,
        "bmie": 0.3786601147334563,
        "water_volume": 0.9306820256946193
    },
    "muscle": {
        "n": 1.4,
        "blood_volume_fraction": 4.727725312001803,
        "fray": 0.7576303684699527,
        "g": 0.94,
        "ScvO2": 0.6013478298612639,
        "muspx": 0.6196910822261137,
        "bmie": 3.9862732687990112,
        "water_volume": 0.1310282073278659
    },
    "IJV": {
        "n": 1.4,
        "blood_volume_fraction": 10.968596231540726,
        "fray": 0.45454885386445487,
        "g": 0.94,
        "ScvO2": 0.14128257694810797,
        "muspx": 1.3060899339753855,
        "bmie": 0.8481169588241307,
        "water_volume": 0.2476923641897436
    },
    "skin": {
        "n": 1.4,
        "blood_volume_fraction": 0.004077646629732818,
        "fray": 0.6391842053954511,
        "g": 0.8937756727204512,
        "ScvO2": 0.9746991588027952,
        "muspx": 5.118629690599521,
        "bmie": 0.3490634154527079,
        "water_volume": 0.17252850824686228
    },
    "geometry": {
        "cca_radius": 4.043626790951764,
        "ijv_radius": 4.938886097485574,
        "ijv_cca_distance": 5.078919779915635,
        "skin_thickness": 0.6265679545043815,
        "ijv_depth": 13.764377052159823,
        "cca_depth": 22.533608668339998
    }
}