{
    "skin": {
        "ScvO2": 0.972727526624474,
        "n": 1.4,
        "water_volume": 0.18856965879504523,
        "muspx": 6.42588976026272,
        "blood_volume_fraction": 0.002840813239567649,
        "bmie": 0.8432977372443656,
        "g": 0.8628828204867836,
        "fray": 0.48869614213582147
    },
    "geometry": {
        "cca_depth": 25.811663692359268,
        "ijv_cca_distance": 10.615721256602106,
        "skin_thickness": 0.871503462579265,
        "ijv_radius": 5.581314998562493,
        "ijv_depth": 19.75850233661495,
        "cca_radius": 2.9449923006402132
    },
    "muscle": {
        "ScvO2": 0.05432096194148783,
        "n": 1.4,
        "water_volume": 0.6279885952285761,
        "muspx": 0.18403715316613267,
        "blood_volume_fraction": 16.905928478063935,
        "bmie": 3.182086530169639,
        "g": 0.94,
        "fray": 0.8709154339079529
    },
    "CCA": {
        "ScvO2": 0.9259732389191779,
        "n": 1.4,
        "water_volume": 0.7051663999296239,
        "muspx": 1.961796006022953,
        "blood_volume_fraction": 5.520982212820904,
        "bmie": 0.7256601546981581,
        "g": 0.94,
        "fray": 0.3783916427103142
    },
    "IJV": {
        "ScvO2": 0.11893835956592969,
        "n": 1.4,
        "water_volume": 0.8434812816180203,
        "muspx": 1.1985523292135478,
        "blood_volume_fraction": 18.41510656393245,
        "bmie": 0.5785286692292976,
        "g": 0.94,
        "fray": 0.6680167637944492
    }
}