{
    "skin": {
        "blood_volume_fraction": 0.0012907523368603164,
        "ScvO2": 0.987775336382265,
        "water_volume": 0.18544246791504804,
        "n": 1.4,
        "g": 0.8965314925694325,
        "muspx": 5.101648689725964,
        "fray": 0.6591179137629856,
        "bmie": 0.9651128911726651
    },
    "muscle": {
        "blood_volume_fraction": 13.907370861474938,
        "ScvO2": 0.5305764338140879,
        "water_volume": 0.3741124072083287,
        "n": 1.4,
        "g": 0.94,
        "muspx": 0.8686203251722211,
        "fray": 0.9436672308420229,
        "bmie": 0.35597092714804657
    },
    "IJV": {
        "blood_volume_fraction": 12.736788196531517,
        "ScvO2": 0.8273855875049326,
        "water_volume": 0.2125118022168475,
        "n": 1.4,
        "g": 0.94,
        "muspx": 1.9532443753465358,
        "fray": 0.4357036552705308,
        "bmie": 0.741794429074216
    },
    "CCA": {
        "blood_volume_fraction": 12.315313503174202,
        "ScvO2": 0.1802854136816514,
        "water_volume": 0.9010517330998365,
        "n": 1.4,
        "g": 0.94,
        "muspx": 1.6890351237013457,
        "fray": 0.7459849654812785,
        "bmie": 0.0680703210787561
    },
    "geometry": {
        "skin_thickness": 0.8596084824141892,
        "ijv_radius": 3.426227529583943,
        "ijv_depth": 9.221569636454168,
        "cca_radius": 3.9707537687976027,
        "cca_depth": 24.2983963365454,
        "ijv_cca_distance": 5.594596760750433
    }
}