{
    "skin": {
        "blood_volume_fraction": 0.0014375170995296316,
        "ScvO2": 0.9936384538780376,
        "water_volume": 0.17105067201802046,
        "n": 1.4,
        "g": 0.8728313909087727,
        "muspx": 4.119724360912109,
        "fray": 0.22082960211782804,
        "bmie": 0.6353621535532418
    },
    "muscle": {
        "blood_volume_fraction": 7.841104510593846,
        "ScvO2": 0.985228083119043,
        "water_volume": 0.3841871472150664,
        "n": 1.4,
        "g": 0.94,
        "muspx": 1.1193356975233264,
        "fray": 0.1368498945208162,
        "bmie": 3.6850921250253292
    },
    "IJV": {
        "blood_volume_fraction": 4.056326979255569,
        "ScvO2": 0.6871161909007616,
        "water_volume": 0.6273792783881198,
        "n": 1.4,
        "g": 0.94,
        "muspx": 0.2973464222456861,
        "fray": 0.7202120871237402,
        "bmie": 0.13436080439793718
    },
    "CCA": {
        "blood_volume_fraction": 18.520648200388475,
        "ScvO2": 0.7347496681883702,
        "water_volume": 0.990379208296349,
        "n": 1.4,
        "g": 0.94,
        "muspx": 1.391500169935379,
        "fray": 0.801176276001529,
        "bmie": 0.793595997304519
    },
    "geometry": {
        "skin_thickness": 0.5362164653426701,
        "ijv_radius": 5.354373917743011,
        "ijv_depth": 7.747890177336314,
        "cca_radius": 4.33197277736418,
        "cca_depth": 20.425463856339444,
        "ijv_cca_distance": 7.990796369391422
    }
}