{
    "skin": {
        "blood_volume_fraction": 0.002875092389532498,
        "ScvO2": 0.9793753934098564,
        "water_volume": 0.17337109597078473,
        "n": 1.4,
        "g": 0.8589099452611941,
        "muspx": 4.11648156087367,
        "fray": 0.22125837666291934,
        "bmie": 1.0757053111655333
    },
    "muscle": {
        "blood_volume_fraction": 18.256340344714268,
        "ScvO2": 0.0014706837682627594,
        "water_volume": 0.5177024551819582,
        "n": 1.4,
        "g": 0.94,
        "muspx": 0.9350525870771309,
        "fray": 0.26704336007131146,
        "bmie": 1.7093479793848738
    },
    "IJV": {
        "blood_volume_fraction": 11.27187871453874,
        "ScvO2": 0.17678434067506898,
        "water_volume": 0.04017376281813745,
        "n": 1.4,
        "g": 0.94,
        "muspx": 1.1663913465564661,
        "fray": 0.18527188638320324,
        "bmie": 0.22682010817619513
    },
    "CCA": {
        "blood_volume_fraction": 16.385552709986563,
        "ScvO2": 0.4458316870042449,
        "water_volume": 0.9013922139356693,
        "n": 1.4,
        "g": 0.94,
        "muspx": 1.688201173985573,
        "fray": 0.058878940416422165,
        "bmie": 0.9815402054623611
    },
    "geometry": {
        "skin_thickness": 0.4578968621187267,
        "ijv_radius": 6.3183275863594295,
        "ijv_depth": 8.883606755332533,
        "cca_radius": 3.1016163242050583,
        "cca_depth": 23.466804722352883,
        "ijv_cca_distance": 8.920354430482815
    }
}