{
    "skin": {
        "blood_volume_fraction": 0.0037379959457759125,
        "ScvO2": 0.9915950055379451,
        "water_volume": 0.17576767069955623,
        "n": 1.4,
        "g": 0.8962399945472187,
        "muspx": 5.712317268975138,
        "fray": 0.7292160370628612,
        "bmie": 0.6176567049303902
    },
    "muscle": {
        "blood_volume_fraction": 12.05711120479294,
        "ScvO2": 0.2459205893012666,
        "water_volume": 0.8876111952631189,
        "n": 1.4,
        "g": 0.94,
        "muspx": 0.6250387373990409,
        "fray": 0.8050518809734569,
        "bmie": 1.594290881967757
    },
    "IJV": {
        "blood_volume_fraction": 9.844629423136038,
        "ScvO2": 0.9776528625394401,
        "water_volume": 0.10086267015764061,
        "n": 1.4,
        "g": 0.94,
        "muspx": 0.4963879059561107,
        "fray": 0.5749863128888986,
        "bmie": 0.39124070712505765
    },
    "CCA": {
        "blood_volume_fraction": 16.92026087222059,
        "ScvO2": 0.5715282871960349,
        "water_volume": 0.5344318324446504,
        "n": 1.4,
        "g": 0.94,
        "muspx": 0.8823047932095271,
        "fray": 0.5833933769144645,
        "bmie": 0.6594775929313238
    },
    "geometry": {
        "skin_thickness": 0.3113363776553531,
        "ijv_radius": 7.286395825378871,
        "ijv_depth": 10.42419646209334,
        "cca_radius": 2.7715359848567385,
        "cca_depth": 20.485063128842782,
        "ijv_cca_distance": 7.6247602902565195
    }
}