{
    "skin": {
        "ScvO2": 0.9897587139189506,
        "n": 1.4,
        "water_volume": 0.1916476970306183,
        "muspx": 6.332981925093888,
        "blood_volume_fraction": 0.0028131710377083175,
        "bmie": 0.338115988439064,
        "g": 0.8735931600542842,
        "fray": 0.7296823157851868
    },
    "geometry": {
        "cca_depth": 6.396636314339661,
        "ijv_cca_distance": 12.208677243751698,
        "skin_thickness": 0.4578049307376256,
        "ijv_radius": 4.477968525254518,
        "ijv_depth": 6.327559941470832,
        "cca_radius": 3.8030733961990717
    },
    "muscle": {
        "ScvO2": 0.11297316269495694,
        "n": 1.4,
        "water_volume": 0.6663872252884768,
        "muspx": 0.9267292580710456,
        "blood_volume_fraction": 5.368070388828969,
        "bmie": 1.5609592288510061,
        "g": 0.94,
        "fray": 0.08358080478350294
    },
    "CCA": {
        "ScvO2": 0.8875550066235487,
        "n": 1.4,
        "water_volume": 0.6436518487444861,
        "muspx": 1.1103789678762341,
        "blood_volume_fraction": 5.93596996515251,
        "bmie": 0.6468075035397992,
        "g": 0.94,
        "fray": 0.4589413567625824
    },
    "IJV": {
        "ScvO2": 0.6947202677008492,
        "n": 1.4,
        "water_volume": 0.04321378211283944,
        "muspx": 1.1310019547452297,
        "blood_volume_fraction": 15.188345016956204,
        "bmie": 0.7030364326782266,
        "g": 0.94,
        "fray": 0.27387924918688855
    }
}