{
    "CCA": {
        "n": 1.4,
        "blood_volume_fraction": 1.8572181279595923,
        "fray": 0.10253772820109885,
        "g": 0.94,
        "ScvO2": 0.5314999344262527,
        "muspx": 0.5278371712897911,
        "bmie": 0.4322565196336762,
        "water_volume": 0.6063044510177039
    },
    "muscle": {
        "n": 1.4,
        "blood_volume_fraction": 12.889678434025848,
        "fray": 0.13021016665063423,
        "g": 0.94,
        "ScvO2": 0.4847906697420048,
        "muspx": 0.9263792151005501,
        "bmie": 1.5450474774847183,
        "water_volume": 0.42371037165883296
    },
    "IJV": {
        "n": 1.4,
        "blood_volume_fraction": 15.582747941244605,
        "fray": 0.21194667342239693,
        "g": 0.94,
        "ScvO2": 0.4410658442572084,
        "muspx": 1.2393271423378012,
        "bmie": 0.908156924750322,
        "water_volume": 0.5009489423699521
    },
    "skin": {
        "n": 1.4,
        "blood_volume_fraction": 0.0025020768307087576,
        "fray": 0.27236131345060566,
        "g": 0.9395171922765689,
        "ScvO2": 0.9650007081670037,
        "muspx": 6.098857379149081,
        "bmie": 0.27794136571281436,
        "water_volume": 0.17769908804444462
    },
    "geometry": {
        "cca_radius": 4.2364907871365345,
        "ijv_radius": 10.308736426122959,
        "ijv_cca_distance": 15.884471174092747,
        "skin_thickness": 0.8487750267267208,
        "ijv_depth": 15.624099816044353,
        "cca_depth": 23.894783583528998
    }
}