{
    "skin": {
        "blood_volume_fraction": 0.0034867976729742655,
        "ScvO2": 0.9715898354829294,
        "water_volume": 0.18728062332443662,
        "n": 1.4,
        "g": 0.8708932139750296,
        "muspx": 5.172021382156968,
        "fray": 0.6526063788407346,
        "bmie": 0.6611836519878975
    },
    "muscle": {
        "blood_volume_fraction": 19.746240328208287,
        "ScvO2": 0.8829867954620251,
        "water_volume": 0.5855208046440061,
        "n": 1.4,
        "g": 0.94,
        "muspx": 0.20307719819038605,
        "fray": 0.03265935546707388,
        "bmie": 2.1743997589301434
    },
    "IJV": {
        "blood_volume_fraction": 9.31668039509227,
        "ScvO2": 0.32873927978498807,
        "water_volume": 0.3050462562710744,
        "n": 1.4,
        "g": 0.94,
        "muspx": 1.89923072912564,
        "fray": 0.296583185056174,
        "bmie": 0.5008437095025431
    },
    "CCA": {
        "blood_volume_fraction": 13.769908445566049,
        "ScvO2": 0.5463921593346592,
        "water_volume": 0.4593970225601782,
        "n": 1.4,
        "g": 0.94,
        "muspx": 1.985153704753493,
        "fray": 0.050444344961287024,
        "bmie": 0.5893180233270231
    },
    "geometry": {
        "skin_thickness": 0.29848221922508883,
        "ijv_radius": 6.47115411458595,
        "ijv_depth": 11.206892493224931,
        "cca_radius": 3.9617051191212544,
        "cca_depth": 21.3313970583255,
        "ijv_cca_distance": 7.219661480383589
    }
}