{
    "skin": {
        "blood_volume_fraction": 0.0019847168305512164,
        "ScvO2": 0.9707592155526382,
        "water_volume": 0.18366913146336417,
        "n": 1.4,
        "g": 0.8128826807278038,
        "muspx": 4.293314050968357,
        "fray": 0.6811389858878096,
        "bmie": 1.0751824064966125
    },
    "muscle": {
        "blood_volume_fraction": 1.5324437109053646,
        "ScvO2": 0.4026538760443348,
        "water_volume": 0.4040303682412506,
        "n": 1.4,
        "g": 0.94,
        "muspx": 0.32602027377171594,
        "fray": 0.5657272305391498,
        "bmie": 3.2789836978899203
    },
    "IJV": {
        "blood_volume_fraction": 4.04884254718324,
        "ScvO2": 0.8872004534067993,
        "water_volume": 0.4431466798335425,
        "n": 1.4,
        "g": 0.94,
        "muspx": 0.18874187395873476,
        "fray": 0.5188575363667083,
        "bmie": 0.7397173177036555
    },
    "CCA": {
        "blood_volume_fraction": 9.211753433554113,
        "ScvO2": 0.9238269634511249,
        "water_volume": 0.5768365270236877,
        "n": 1.4,
        "g": 0.94,
        "muspx": 1.8251671251122128,
        "fray": 0.5372866445489435,
        "bmie": 0.4543145588845321
    },
    "geometry": {
        "skin_thickness": 0.630968680953239,
        "ijv_radius": 6.545236850880731,
        "ijv_depth": 16.83072121529689,
        "cca_radius": 2.945154627192111,
        "cca_depth": 25.017125112834584,
        "ijv_cca_distance": 5.372954859300037
    }
}