{
    "IJV": {
        "water_volume": 0.2972209910225584,
        "fray": 0.7588294999258149,
        "g": 0.94,
        "n": 1.4,
        "bmie": 0.7305741935590095,
        "ScvO2": 0.1075429430382352,
        "muspx": 1.546022795105209,
        "blood_volume_fraction": 15.279637706259418
    },
    "CCA": {
        "water_volume": 0.43198236644444277,
        "fray": 0.5272907284233611,
        "g": 0.94,
        "n": 1.4,
        "bmie": 0.7044561278200691,
        "ScvO2": 0.18933942505941104,
        "muspx": 1.6935115815387272,
        "blood_volume_fraction": 7.076419682946198
    },
    "geometry": {
        "cca_radius": 2.8641824803908733,
        "cca_depth": 17.064620366870248,
        "ijv_cca_distance": 7.191744078565895,
        "ijv_depth": 12.911146856464361,
        "skin_thickness": 0.10874445008321343,
        "ijv_radius": 4.640783224568775
    },
    "muscle": {
        "water_volume": 0.1477029392934608,
        "fray": 0.13319877428130644,
        "g": 0.94,
        "n": 1.4,
        "bmie": 3.7964483122563437,
        "ScvO2": 0.5587454945994434,
        "muspx": 1.7656929134335917,
        "blood_volume_fraction": 9.812099106887038
    },
    "skin": {
        "water_volume": 0.2017316064570634,
        "fray": 0.6765026016160083,
        "g": 0.961211667425473,
        "n": 1.4,
        "bmie": 0.7928275340912596,
        "ScvO2": 0.9645248971910279,
        "muspx": 6.334200733107567,
        "blood_volume_fraction": 0.0025519192983583737
    }
}