{
    "skin": {
        "blood_volume_fraction": 0.001672043694153036,
        "ScvO2": 0.9957658390945109,
        "water_volume": 0.19644141958458597,
        "n": 1.4,
        "g": 0.8311146369078033,
        "muspx": 5.4687383770808715,
        "fray": 0.3244474439676561,
        "bmie": 0.3741439643234067
    },
    "muscle": {
        "blood_volume_fraction": 6.726669496995379,
        "ScvO2": 0.8764062370716881,
        "water_volume": 0.9287854927825914,
        "n": 1.4,
        "g": 0.94,
        "muspx": 0.17901045394468063,
        "fray": 0.6843335094868154,
        "bmie": 1.3512192231589508
    },
    "IJV": {
        "blood_volume_fraction": 9.429599471398326,
        "ScvO2": 0.1303577757939992,
        "water_volume": 0.31186939595167207,
        "n": 1.4,
        "g": 0.94,
        "muspx": 1.3211550613385077,
        "fray": 0.6773719906336074,
        "bmie": 0.24034666724799192
    },
    "CCA": {
        "blood_volume_fraction": 0.5717055795732873,
        "ScvO2": 0.10823114413572466,
        "water_volume": 0.9745501834683111,
        "n": 1.4,
        "g": 0.94,
        "muspx": 1.5497921188788655,
        "fray": 0.848192724849113,
        "bmie": 0.9884271003718017
    },
    "geometry": {
        "skin_thickness": 0.2328131752492602,
        "ijv_radius": 10.350876423672348,
        "ijv_depth": 16.79328080018753,
        "cca_radius": 2.6478953606030444,
        "cca_depth": 21.492974494800954,
        "ijv_cca_distance": 16.35913975897029
    }
}