{
    "CCA": {
        "n": 1.4,
        "blood_volume_fraction": 2.106598269910269,
        "fray": 0.3148100517773553,
        "g": 0.94,
        "ScvO2": 0.4759040993112914,
        "muspx": 1.7290428231419042,
        "bmie": 0.16690138234501617,
        "water_volume": 0.7151662248670762
    },
    "muscle": {
        "n": 1.4,
        "blood_volume_fraction": 18.123959306639836,
        "fray": 0.22948298564580927,
        "g": 0.94,
        "ScvO2": 0.6538877229363596,
        "muspx": 0.46635632338856303,
        "bmie": 3.7405661820966554,
        "water_volume": 0.49403032340089703
    },
    "IJV": {
        "n": 1.4,
        "blood_volume_fraction": 17.61603713572904,
        "fray": 0.19565183238540895,
        "g": 0.94,
        "ScvO2": 0.7865915605042574,
        "muspx": 1.2484814835832265,
        "bmie": 0.39769632492117457,
        "water_volume": 0.22195257104547583
    },
    "skin": {
        "n": 1.4,
        "blood_volume_fraction": 0.0016611643686325007,
        "fray": 0.44724256717725097,
        "g": 0.8928306733370646,
        "ScvO2": 0.9844442765278812,
        "muspx": 5.980356767006921,
        "bmie": 1.16458567179494,
        "water_volume": 0.1678425019577819
    },
    "geometry": {
        "cca_radius": 4.224741777361737,
        "ijv_radius": 5.584300510883611,
        "ijv_cca_distance": 10.64575319318952,
        "skin_thickness": 0.4564527424336061,
        "ijv_depth": 12.661752645081027,
        "cca_depth": 17.19807239009566
    }
}