{
    "skin": {
        "blood_volume_fraction": 0.003113179073862375,
        "ScvO2": 0.9920360370617737,
        "water_volume": 0.19618136323261898,
        "n": 1.4,
        "g": 0.8379182556204027,
        "muspx": 3.874268187826185,
        "fray": 0.47936762186309234,
        "bmie": 0.3721178580298238
    },
    "muscle": {
        "blood_volume_fraction": 14.56917578679436,
        "ScvO2": 0.599685293508071,
        "water_volume": 0.7451669672612145,
        "n": 1.4,
        "g": 0.94,
        "muspx": 1.3805225445707434,
        "fray": 0.25652745652675313,
        "bmie": 3.144672506423896
    },
    "IJV": {
        "blood_volume_fraction": 14.192911966274908,
        "ScvO2": 0.7719981208406707,
        "water_volume": 0.8038350389452863,
        "n": 1.4,
        "g": 0.94,
        "muspx": 1.1278459282099578,
        "fray": 0.018649178813294642,
        "bmie": 0.00874375387713433
    },
    "CCA": {
        "blood_volume_fraction": 4.740751627955091,
        "ScvO2": 0.06077703945190571,
        "water_volume": 0.8788978834055379,
        "n": 1.4,
        "g": 0.94,
        "muspx": 0.3098664341622521,
        "fray": 0.56125427582167,
        "bmie": 0.4339375548734852
    },
    "geometry": {
        "skin_thickness": 0.4042348456395767,
        "ijv_radius": 4.853838353095579,
        "ijv_depth": 6.152831250041066,
        "cca_radius": 2.8180119573591376,
        "cca_depth": 8.034392702112527,
        "ijv_cca_distance": 9.52152759186982
    }
}