{
    "skin": {
        "blood_volume_fraction": 0.0018370962602657934,
        "ScvO2": 0.9733970890846859,
        "water_volume": 0.21254122678502305,
        "n": 1.4,
        "g": 0.9659999467104896,
        "muspx": 4.815446134918901,
        "fray": 0.33886480186067003,
        "bmie": 0.4962098644515822
    },
    "muscle": {
        "blood_volume_fraction": 12.354511895936671,
        "ScvO2": 0.7248883659807424,
        "water_volume": 0.5999215085224915,
        "n": 1.4,
        "g": 0.94,
        "muspx": 0.9289454301609301,
        "fray": 0.002542701555385163,
        "bmie": 1.5047034006426219
    },
    "IJV": {
        "blood_volume_fraction": 3.030990524660482,
        "ScvO2": 0.8203006540989723,
        "water_volume": 0.6670542114297034,
        "n": 1.4,
        "g": 0.94,
        "muspx": 0.15141886952574968,
        "fray": 0.9975090325045366,
        "bmie": 0.9935420692398562
    },
    "CCA": {
        "blood_volume_fraction": 8.67406936540817,
        "ScvO2": 0.9340525790295395,
        "water_volume": 0.7558099423086987,
        "n": 1.4,
        "g": 0.94,
        "muspx": 0.4238967104473119,
        "fray": 0.6600342101991348,
        "bmie": 0.9543756226844492
    },
    "geometry": {
        "skin_thickness": 0.9106313781609272,
        "ijv_radius": 4.957390666542113,
        "ijv_depth": 17.304347126532935,
        "cca_radius": 3.2754924530772738,
        "cca_depth": 24.65990732997058,
        "ijv_cca_distance": 5.6542819520288985
    }
}