{
    "skin": {
        "blood_volume_fraction": 0.0021441429518060592,
        "ScvO2": 0.9974467661817685,
        "water_volume": 0.21356428273795966,
        "n": 1.4,
        "g": 0.9637083851722291,
        "muspx": 4.965544098309007,
        "fray": 0.6192657893496315,
        "bmie": 0.562664063806554
    },
    "muscle": {
        "blood_volume_fraction": 15.226777998064785,
        "ScvO2": 0.7239678388595476,
        "water_volume": 0.39591324715683285,
        "n": 1.4,
        "g": 0.94,
        "muspx": 1.0955481083673542,
        "fray": 0.45006844262555346,
        "bmie": 0.47756374939307455
    },
    "IJV": {
        "blood_volume_fraction": 17.027705263318467,
        "ScvO2": 0.38639306666370676,
        "water_volume": 0.7745351032851227,
        "n": 1.4,
        "g": 0.94,
        "muspx": 0.8089100026300606,
        "fray": 0.15778601101409295,
        "bmie": 0.8679605704440625
    },
    "CCA": {
        "blood_volume_fraction": 16.631395154073672,
        "ScvO2": 0.881887558821675,
        "water_volume": 0.6894800520725336,
        "n": 1.4,
        "g": 0.94,
        "muspx": 0.9843190964824253,
        "fray": 0.7306054155862557,
        "bmie": 0.04403445332941669
    },
    "geometry": {
        "skin_thickness": 0.9268717159661901,
        "ijv_radius": 7.775037173146163,
        "ijv_depth": 15.981152243056803,
        "cca_radius": 3.1108811902448474,
        "cca_depth": 20.979137805308362,
        "ijv_cca_distance": 11.18748841287
    }
}