{
    "skin": {
        "ScvO2": 0.9701152784029122,
        "n": 1.4,
        "water_volume": 0.20924808914557996,
        "muspx": 4.145921970908389,
        "blood_volume_fraction": 0.0016319114892478616,
        "bmie": 0.7648891063399406,
        "g": 0.8460992103217446,
        "fray": 0.681486531408173
    },
    "geometry": {
        "cca_depth": 21.250016813886916,
        "ijv_cca_distance": 11.26332093003445,
        "skin_thickness": 0.5733232929218832,
        "ijv_radius": 8.546739070219882,
        "ijv_depth": 17.588665580326794,
        "cca_radius": 3.1500207257700574
    },
    "muscle": {
        "ScvO2": 0.6470478161093194,
        "n": 1.4,
        "water_volume": 0.5005075409092585,
        "muspx": 1.8027783070052967,
        "blood_volume_fraction": 11.69718636978752,
        "bmie": 1.5963435839285118,
        "g": 0.94,
        "fray": 0.5317608620756288
    },
    "CCA": {
        "ScvO2": 0.24768727721727624,
        "n": 1.4,
        "water_volume": 0.3284661434397568,
        "muspx": 1.2929021686560593,
        "blood_volume_fraction": 3.5963769200025886,
        "bmie": 0.988614773978045,
        "g": 0.94,
        "fray": 0.4177747124250202
    },
    "IJV": {
        "ScvO2": 0.15011876354815934,
        "n": 1.4,
        "water_volume": 0.5520518879171422,
        "muspx": 1.545954053448278,
        "blood_volume_fraction": 16.0317879983426,
        "bmie": 0.8262514582567525,
        "g": 0.94,
        "fray": 0.7112219202463158
    }
}