{
    "skin": {
        "blood_volume_fraction": 0.0018358827935518267,
        "ScvO2": 0.9815192447927527,
        "water_volume": 0.19260763054995406,
        "n": 1.4,
        "g": 0.9563567726068471,
        "muspx": 3.7519621268648917,
        "fray": 0.6958920913503543,
        "bmie": 0.2580320648929405
    },
    "muscle": {
        "blood_volume_fraction": 6.2743356055535155,
        "ScvO2": 0.2696726272892441,
        "water_volume": 0.9393363969091861,
        "n": 1.4,
        "g": 0.94,
        "muspx": 0.16505212867391816,
        "fray": 0.6477166186624153,
        "bmie": 1.436908587936604
    },
    "IJV": {
        "blood_volume_fraction": 2.6636817240047383,
        "ScvO2": 0.9895078914690378,
        "water_volume": 0.12497293343127125,
        "n": 1.4,
        "g": 0.94,
        "muspx": 0.7164337530036804,
        "fray": 0.08128112971216495,
        "bmie": 0.4140701015372428
    },
    "CCA": {
        "blood_volume_fraction": 5.6640092447197095,
        "ScvO2": 0.7729367089064063,
        "water_volume": 0.8882592570813113,
        "n": 1.4,
        "g": 0.94,
        "muspx": 1.9832229374603694,
        "fray": 0.06788621273872464,
        "bmie": 0.6263255653319719
    },
    "geometry": {
        "skin_thickness": 0.435532115847588,
        "ijv_radius": 8.88820671432616,
        "ijv_depth": 18.71935092995284,
        "cca_radius": 4.018103138641131,
        "cca_depth": 25.834746573439023,
        "ijv_cca_distance": 11.227238728414694
    }
}