{
    "skin": {
        "blood_volume_fraction": 0.0025305398139791276,
        "ScvO2": 0.9984647558990827,
        "water_volume": 0.2096030920967522,
        "n": 1.4,
        "g": 0.9385840457112891,
        "muspx": 3.9692801147204544,
        "fray": 0.7532428109567068,
        "bmie": 0.6765421441872237
    },
    "muscle": {
        "blood_volume_fraction": 2.898058389621825,
        "ScvO2": 0.6853908145153083,
        "water_volume": 0.5018707595999471,
        "n": 1.4,
        "g": 0.94,
        "muspx": 0.3368558976298932,
        "fray": 0.4141125290259774,
        "bmie": 2.065445740924586
    },
    "IJV": {
        "blood_volume_fraction": 10.90113554911226,
        "ScvO2": 0.1632509685589324,
        "water_volume": 0.3789728204084678,
        "n": 1.4,
        "g": 0.94,
        "muspx": 1.2376170204278452,
        "fray": 0.8614822327797332,
        "bmie": 0.4314524332859351
    },
    "CCA": {
        "blood_volume_fraction": 17.579146380230398,
        "ScvO2": 0.2912789472385825,
        "water_volume": 0.4885757180128806,
        "n": 1.4,
        "g": 0.94,
        "muspx": 0.2265095608323544,
        "fray": 0.015341426072834285,
        "bmie": 0.17621677410495273
    },
    "geometry": {
        "skin_thickness": 0.827981805000064,
        "ijv_radius": 4.0351086978895765,
        "ijv_depth": 8.016980666436211,
        "cca_radius": 3.725935574261892,
        "cca_depth": 25.98241912618003,
        "ijv_cca_distance": 6.470672072751896
    }
}