{
    "CCA": {
        "n": 1.4,
        "blood_volume_fraction": 1.9606318476424245,
        "fray": 0.1178618672648174,
        "g": 0.94,
        "ScvO2": 0.15072738961338716,
        "muspx": 0.7161348048437368,
        "bmie": 0.8448504269192998,
        "water_volume": 0.8665821860271793
    },
    "muscle": {
        "n": 1.4,
        "blood_volume_fraction": 19.59808836033193,
        "fray": 0.40523765057586536,
        "g": 0.94,
        "ScvO2": 0.4073441955744055,
        "muspx": 0.3840097532090556,
        "bmie": 0.08384128444082095,
        "water_volume": 0.8891145907269405
    },
    "IJV": {
        "n": 1.4,
        "blood_volume_fraction": 9.934501399923604,
        "fray": 0.12950164549651888,
        "g": 0.94,
        "ScvO2": 0.2181250204010894,
        "muspx": 1.4487994419945278,
        "bmie": 0.2821294712811142,
        "water_volume": 0.31788804504802326
    },
    "skin": {
        "n": 1.4,
        "blood_volume_fraction": 0.0026909621914549446,
        "fray": 0.5242729079517928,
        "g": 0.949870281770741,
        "ScvO2": 0.9842045231362084,
        "muspx": 5.662583857544835,
        "bmie": 0.6202632131358765,
        "water_volume": 0.20372821944578418
    },
    "geometry": {
        "cca_radius": 2.7817774440962486,
        "ijv_radius": 7.5622170985974675,
        "ijv_cca_distance": 12.803942186069147,
        "skin_thickness": 0.27968130953387205,
        "ijv_depth": 15.42516610412454,
        "cca_depth": 15.600187708847198
    }
}