{
    "skin": {
        "blood_volume_fraction": 0.00353277355770749,
        "ScvO2": 0.9631061776777308,
        "water_volume": 0.16791888531852361,
        "n": 1.4,
        "g": 0.8945552094846034,
        "muspx": 6.531742134870184,
        "fray": 0.29889227188711304,
        "bmie": 0.3999071302607369
    },
    "muscle": {
        "blood_volume_fraction": 15.659858863213675,
        "ScvO2": 0.8999348912868054,
        "water_volume": 0.34900289172139876,
        "n": 1.4,
        "g": 0.94,
        "muspx": 0.13236814661941443,
        "fray": 0.13918617373361752,
        "bmie": 2.376201943909862
    },
    "IJV": {
        "blood_volume_fraction": 17.53967676315917,
        "ScvO2": 0.9451470403549753,
        "water_volume": 0.964863054351713,
        "n": 1.4,
        "g": 0.94,
        "muspx": 0.6632034006181753,
        "fray": 0.42598993536922736,
        "bmie": 0.47043323218574784
    },
    "CCA": {
        "blood_volume_fraction": 12.52770620989965,
        "ScvO2": 0.6179377660658983,
        "water_volume": 0.22456947073299527,
        "n": 1.4,
        "g": 0.94,
        "muspx": 1.162560110928392,
        "fray": 0.012814789700053786,
        "bmie": 0.8452947961366255
    },
    "geometry": {
        "skin_thickness": 0.8107627736790742,
        "ijv_radius": 4.50222760239008,
        "ijv_depth": 16.601114401682935,
        "cca_radius": 3.392531625271128,
        "cca_depth": 19.41432329308357,
        "ijv_cca_distance": 11.63469213423402
    }
}