{
    "skin": {
        "blood_volume_fraction": 0.0015762210131128355,
        "ScvO2": 0.9720966665981783,
        "water_volume": 0.18523057240556368,
        "n": 1.4,
        "g": 0.8538661010508666,
        "muspx": 3.9736156392630426,
        "fray": 0.4198997997378666,
        "bmie": 0.6198558491719165
    },
    "muscle": {
        "blood_volume_fraction": 12.656197570179216,
        "ScvO2": 0.7236022534356037,
        "water_volume": 0.06845779559011123,
        "n": 1.4,
        "g": 0.94,
        "muspx": 1.4994079534224218,
        "fray": 0.47181574025997,
        "bmie": 2.0708854235606475
    },
    "IJV": {
        "blood_volume_fraction": 11.833781187469626,
        "ScvO2": 0.7667585767283432,
        "water_volume": 0.12741681025064677,
        "n": 1.4,
        "g": 0.94,
        "muspx": 0.5127801735791044,
        "fray": 0.3653231798669955,
        "bmie": 0.5791217771238388
    },
    "CCA": {
        "blood_volume_fraction": 11.028236902963114,
        "ScvO2": 0.4306851345102931,
        "water_volume": 0.8521671599113354,
        "n": 1.4,
        "g": 0.94,
        "muspx": 0.3746116607145056,
        "fray": 0.6160390455765055,
        "bmie": 0.9325632783340534
    },
    "geometry": {
        "skin_thickness": 0.1301288575231972,
        "ijv_radius": 7.303475312772412,
        "ijv_depth": 15.045171298073896,
        "cca_radius": 3.1976512242775206,
        "cca_depth": 20.59935568628141,
        "ijv_cca_distance": 10.899258529588106
    }
}