{
    "skin": {
        "blood_volume_fraction": 0.0020436034187380093,
        "ScvO2": 0.9918391289333736,
        "water_volume": 0.1780238824443448,
        "n": 1.4,
        "g": 0.9485175520455165,
        "muspx": 5.420946876500061,
        "fray": 0.4072605312021157,
        "bmie": 0.737915880412943
    },
    "muscle": {
        "blood_volume_fraction": 7.905932738935637,
        "ScvO2": 0.1465869493085844,
        "water_volume": 0.09284014052940648,
        "n": 1.4,
        "g": 0.94,
        "muspx": 0.4636146851835532,
        "fray": 0.8148229716126237,
        "bmie": 3.55768095618451
    },
    "IJV": {
        "blood_volume_fraction": 14.337562136730993,
        "ScvO2": 0.044522417198892716,
        "water_volume": 0.8666873112579268,
        "n": 1.4,
        "g": 0.94,
        "muspx": 0.7782557979222198,
        "fray": 0.9757491623860061,
        "bmie": 0.21226116333418654
    },
    "CCA": {
        "blood_volume_fraction": 19.419975115996397,
        "ScvO2": 0.6229711312263181,
        "water_volume": 0.974510490970072,
        "n": 1.4,
        "g": 0.94,
        "muspx": 1.6160106131255048,
        "fray": 0.8166502735268453,
        "bmie": 0.036864020816638976
    },
    "geometry": {
        "skin_thickness": 0.9108503825965552,
        "ijv_radius": 10.363654087196455,
        "ijv_depth": 18.621857867889954,
        "cca_radius": 2.684008013393872,
        "cca_depth": 24.882068945390348,
        "ijv_cca_distance": 16.337541557415975
    }
}