{
    "CCA": {
        "n": 1.4,
        "blood_volume_fraction": 1.2984313427875205,
        "fray": 0.5171011704049943,
        "g": 0.94,
        "ScvO2": 0.9740420639403886,
        "muspx": 1.6256559318967636,
        "bmie": 0.7722380815422594,
        "water_volume": 0.602329924312649
    },
    "muscle": {
        "n": 1.4,
        "blood_volume_fraction": 17.78907816445836,
        "fray": 0.4071220194030021,
        "g": 0.94,
        "ScvO2": 0.04193468631664132,
        "muspx": 1.0512519272826915,
        "bmie": 1.5226882647625635,
        "water_volume": 0.9207950546768687
    },
    "IJV": {
        "n": 1.4,
        "blood_volume_fraction": 12.756948464087682,
        "fray": 0.37032042384836295,
        "g": 0.94,
        "ScvO2": 0.07187316107272401,
        "muspx": 0.9969430835747908,
        "bmie": 0.5799581881433299,
        "water_volume": 0.6453831417175302
    },
    "skin": {
        "n": 1.4,
        "blood_volume_fraction": 0.00266782395425121,
        "fray": 0.5707366542542307,
        "g": 0.8245529713288451,
        "ScvO2": 0.9626967668804945,
        "muspx": 6.214671628142569,
        "bmie": 0.5410314000552608,
        "water_volume": 0.16698476737976914
    },
    "geometry": {
        "cca_radius": 3.786527451715062,
        "ijv_radius": 6.089819534525936,
        "ijv_cca_distance": 9.99205448126484,
        "skin_thickness": 0.8618171911290365,
        "ijv_depth": 17.49536062474138,
        "cca_depth": 25.794625552889606
    }
}