{
    "skin": {
        "blood_volume_fraction": 0.0017925215349202726,
        "ScvO2": 0.9855022718853916,
        "water_volume": 0.16737298513666146,
        "n": 1.4,
        "g": 0.9954899777311577,
        "muspx": 5.558593868853694,
        "fray": 0.32403812447607194,
        "bmie": 0.8294550196750976
    },
    "muscle": {
        "blood_volume_fraction": 5.611012163678371,
        "ScvO2": 0.3569693610449285,
        "water_volume": 0.9531472623355779,
        "n": 1.4,
        "g": 0.94,
        "muspx": 0.24749837718044643,
        "fray": 0.42842906375172607,
        "bmie": 4.813207570242888
    },
    "IJV": {
        "blood_volume_fraction": 11.665558108221258,
        "ScvO2": 0.05973087251130038,
        "water_volume": 0.5299291547235792,
        "n": 1.4,
        "g": 0.94,
        "muspx": 1.6600315366792961,
        "fray": 0.1083009725953058,
        "bmie": 0.46983540288165826
    },
    "CCA": {
        "blood_volume_fraction": 9.690466254211001,
        "ScvO2": 0.87817771089356,
        "water_volume": 0.3033174846138681,
        "n": 1.4,
        "g": 0.94,
        "muspx": 0.9257577786663647,
        "fray": 0.3842546827703003,
        "bmie": 0.5376374409512709
    },
    "geometry": {
        "skin_thickness": 0.9255825691208286,
        "ijv_radius": 4.290591897523143,
        "ijv_depth": 7.14482756291732,
        "cca_radius": 3.0732509500691387,
        "cca_depth": 22.32893990350612,
        "ijv_cca_distance": 7.256007262317155
    }
}