{
    "skin": {
        "blood_volume_fraction": 0.002121019940695713,
        "ScvO2": 0.9767025538890783,
        "water_volume": 0.1709944802053365,
        "n": 1.4,
        "g": 0.8166723066983976,
        "muspx": 4.671251678303972,
        "fray": 0.33897015353269294,
        "bmie": 0.6455290361928363
    },
    "muscle": {
        "blood_volume_fraction": 0.059167592184594664,
        "ScvO2": 0.1994584561520666,
        "water_volume": 0.4272072830853786,
        "n": 1.4,
        "g": 0.94,
        "muspx": 0.838766997823134,
        "fray": 0.8800087184180424,
        "bmie": 2.160591167014606
    },
    "IJV": {
        "blood_volume_fraction": 4.185600747886571,
        "ScvO2": 0.0008654611126359679,
        "water_volume": 0.31759377195331995,
        "n": 1.4,
        "g": 0.94,
        "muspx": 0.2672434432919786,
        "fray": 0.2041694614356423,
        "bmie": 0.7690607624061546
    },
    "CCA": {
        "blood_volume_fraction": 18.11454897632107,
        "ScvO2": 0.139347934559801,
        "water_volume": 0.6319679747710326,
        "n": 1.4,
        "g": 0.94,
        "muspx": 0.13163462219237987,
        "fray": 0.38477872719099426,
        "bmie": 0.44633442900820397
    },
    "geometry": {
        "skin_thickness": 0.9868244233404307,
        "ijv_radius": 7.678796391788023,
        "ijv_depth": 14.534528596303414,
        "cca_radius": 3.830144184673599,
        "cca_depth": 20.488919825724015,
        "ijv_cca_distance": 14.408274606911696
    }
}