{
    "skin": {
        "blood_volume_fraction": 0.004067787423804659,
        "ScvO2": 0.9703244785231362,
        "water_volume": 0.1992361074077373,
        "n": 1.4,
        "g": 0.8791292069486598,
        "muspx": 5.5776926447339,
        "fray": 0.3840295580414595,
        "bmie": 0.5875593495093278
    },
    "muscle": {
        "blood_volume_fraction": 2.6640612858126955,
        "ScvO2": 0.02794637629665131,
        "water_volume": 0.08272129415348572,
        "n": 1.4,
        "g": 0.94,
        "muspx": 1.1202798535791154,
        "fray": 0.5302082133176014,
        "bmie": 3.1034453677781757
    },
    "IJV": {
        "blood_volume_fraction": 11.188256136452017,
        "ScvO2": 0.09276952404913785,
        "water_volume": 0.9517757437026101,
        "n": 1.4,
        "g": 0.94,
        "muspx": 1.4176038728570817,
        "fray": 0.41950269727649636,
        "bmie": 0.25438544031727406
    },
    "CCA": {
        "blood_volume_fraction": 12.226075793174607,
        "ScvO2": 0.6930784981461977,
        "water_volume": 0.705834841484938,
        "n": 1.4,
        "g": 0.94,
        "muspx": 0.33987229086280824,
        "fray": 0.3805893482735788,
        "bmie": 0.17407761482180018
    },
    "geometry": {
        "skin_thickness": 0.6923348734717364,
        "ijv_radius": 3.9720686841953903,
        "ijv_depth": 10.56705135270322,
        "cca_radius": 3.0564827702963533,
        "cca_depth": 12.009128592599751,
        "ijv_cca_distance": 9.774144968932681
    }
}