{
    "skin": {
        "blood_volume_fraction": 0.003841201003069946,
        "ScvO2": 0.9747637445382907,
        "water_volume": 0.16957435266382603,
        "n": 1.4,
        "g": 0.9827413011593739,
        "muspx": 4.908606376564201,
        "fray": 0.5721433459464285,
        "bmie": 0.5751412364114712
    },
    "muscle": {
        "blood_volume_fraction": 12.089019792408289,
        "ScvO2": 0.9411615318572633,
        "water_volume": 0.47853932085846496,
        "n": 1.4,
        "g": 0.94,
        "muspx": 1.310861698691115,
        "fray": 0.7333845679510705,
        "bmie": 1.3378276838540504
    },
    "IJV": {
        "blood_volume_fraction": 0.41018352201549035,
        "ScvO2": 0.24906434717627457,
        "water_volume": 0.3408195664021467,
        "n": 1.4,
        "g": 0.94,
        "muspx": 0.3510146854196152,
        "fray": 0.4680198779755368,
        "bmie": 0.9058326564724404
    },
    "CCA": {
        "blood_volume_fraction": 11.152303680593647,
        "ScvO2": 0.1548109835441872,
        "water_volume": 0.758940245551194,
        "n": 1.4,
        "g": 0.94,
        "muspx": 1.2736920399453546,
        "fray": 0.0710741653149034,
        "bmie": 0.049090612463229544
    },
    "geometry": {
        "skin_thickness": 0.12247224347404118,
        "ijv_radius": 7.900216093412941,
        "ijv_depth": 17.56185902053374,
        "cca_radius": 3.669762706599264,
        "cca_depth": 22.17391353464096,
        "ijv_cca_distance": 11.292258817566344
    }
}