{
    "skin": {
        "blood_volume_fraction": 0.0017016415643573085,
        "ScvO2": 0.9928371020600898,
        "water_volume": 0.17543600286976901,
        "n": 1.4,
        "g": 0.9996221482297336,
        "muspx": 4.423522821109993,
        "fray": 0.6501213925163677,
        "bmie": 1.015200218601835
    },
    "muscle": {
        "blood_volume_fraction": 8.732699318834252,
        "ScvO2": 0.4351074025669962,
        "water_volume": 0.5909419171639562,
        "n": 1.4,
        "g": 0.94,
        "muspx": 1.6706875148715965,
        "fray": 0.9918363933269483,
        "bmie": 4.914355751037452
    },
    "IJV": {
        "blood_volume_fraction": 1.7533846861482938,
        "ScvO2": 0.1434836034254824,
        "water_volume": 0.6361611174277234,
        "n": 1.4,
        "g": 0.94,
        "muspx": 1.3645812270478561,
        "fray": 0.4892685189404604,
        "bmie": 0.12738229171512006
    },
    "CCA": {
        "blood_volume_fraction": 0.29581475654012035,
        "ScvO2": 0.869404743164651,
        "water_volume": 0.49984068479566957,
        "n": 1.4,
        "g": 0.94,
        "muspx": 1.543595467812447,
        "fray": 0.004770790948657622,
        "bmie": 0.15227610357965204
    },
    "geometry": {
        "skin_thickness": 0.3140725916580651,
        "ijv_radius": 6.508610520857906,
        "ijv_depth": 12.454089556539238,
        "cca_radius": 3.8532753096126857,
        "cca_depth": 19.293637367157103,
        "ijv_cca_distance": 12.15820641270255
    }
}