{
    "skin": {
        "blood_volume_fraction": 0.004085228978289847,
        "ScvO2": 0.967366957909509,
        "water_volume": 0.16742575376663096,
        "n": 1.4,
        "g": 0.8950736607816122,
        "muspx": 6.595810394017671,
        "fray": 0.43766212505469515,
        "bmie": 0.2200618039108348
    },
    "muscle": {
        "blood_volume_fraction": 18.11890547095058,
        "ScvO2": 0.5201995508377075,
        "water_volume": 0.8285078836722158,
        "n": 1.4,
        "g": 0.94,
        "muspx": 0.32227196747979514,
        "fray": 0.9047880992835681,
        "bmie": 3.9934574300377563
    },
    "IJV": {
        "blood_volume_fraction": 11.637729139788554,
        "ScvO2": 0.18859130893933285,
        "water_volume": 0.3993781250791336,
        "n": 1.4,
        "g": 0.94,
        "muspx": 0.2520623445295074,
        "fray": 0.5412038516466362,
        "bmie": 0.9911608480312495
    },
    "CCA": {
        "blood_volume_fraction": 11.899319642302604,
        "ScvO2": 0.6188164762631433,
        "water_volume": 0.6796167575519472,
        "n": 1.4,
        "g": 0.94,
        "muspx": 0.6730116628844003,
        "fray": 0.7430496958729507,
        "bmie": 0.5548528371530751
    },
    "geometry": {
        "skin_thickness": 0.27877535399566183,
        "ijv_radius": 5.620531232113217,
        "ijv_depth": 10.029664247073583,
        "cca_radius": 3.2333335955279274,
        "cca_depth": 11.679782406768418,
        "ijv_cca_distance": 9.034731616140308
    }
}