{
    "skin": {
        "blood_volume_fraction": 0.0026459362723757892,
        "ScvO2": 0.9956686489740197,
        "water_volume": 0.2108228310183139,
        "n": 1.4,
        "g": 0.9606025437176684,
        "muspx": 5.427520095350262,
        "fray": 0.7496895380936694,
        "bmie": 0.31133535251308697
    },
    "muscle": {
        "blood_volume_fraction": 17.118790626441193,
        "ScvO2": 0.963823590152208,
        "water_volume": 0.9334801543600699,
        "n": 1.4,
        "g": 0.94,
        "muspx": 1.415917451982019,
        "fray": 0.7744135192234263,
        "bmie": 0.3033987202968369
    },
    "IJV": {
        "blood_volume_fraction": 17.06244289035625,
        "ScvO2": 0.7216709866922368,
        "water_volume": 0.7792044440590995,
        "n": 1.4,
        "g": 0.94,
        "muspx": 1.914690101358839,
        "fray": 0.902433271190342,
        "bmie": 0.18760944210651553
    },
    "CCA": {
        "blood_volume_fraction": 9.994459597187685,
        "ScvO2": 0.042077327503925455,
        "water_volume": 0.8839782919189851,
        "n": 1.4,
        "g": 0.94,
        "muspx": 0.46564996976003026,
        "fray": 0.886457770606923,
        "bmie": 0.760195989441161
    },
    "geometry": {
        "skin_thickness": 0.9622702885117459,
        "ijv_radius": 5.259944321852015,
        "ijv_depth": 19.348082273527858,
        "cca_radius": 3.326109213982117,
        "cca_depth": 19.998279531692532,
        "ijv_cca_distance": 9.372504351572113
    }
}