{
    "skin": {
        "blood_volume_fraction": 0.002974089278558343,
        "ScvO2": 0.9744433480344762,
        "water_volume": 0.20063170429593852,
        "n": 1.4,
        "g": 0.8397516935421803,
        "muspx": 5.18826147406526,
        "fray": 0.5099899185352339,
        "bmie": 0.7195321349725748
    },
    "muscle": {
        "blood_volume_fraction": 18.782080882950474,
        "ScvO2": 0.40033025961665936,
        "water_volume": 0.9654470204672918,
        "n": 1.4,
        "g": 0.94,
        "muspx": 1.6104986553972895,
        "fray": 0.03524995209994641,
        "bmie": 0.20313530078283126
    },
    "IJV": {
        "blood_volume_fraction": 19.16474484256051,
        "ScvO2": 0.9980828828484999,
        "water_volume": 0.7490560043870709,
        "n": 1.4,
        "g": 0.94,
        "muspx": 0.8915754469123074,
        "fray": 0.7876869619268813,
        "bmie": 0.001537057845574008
    },
    "CCA": {
        "blood_volume_fraction": 5.71866453299867,
        "ScvO2": 0.5372650685797378,
        "water_volume": 0.8202895580622831,
        "n": 1.4,
        "g": 0.94,
        "muspx": 1.6901118936864452,
        "fray": 0.2891471288867905,
        "bmie": 0.7777878663150133
    },
    "geometry": {
        "skin_thickness": 0.6996063190187523,
        "ijv_radius": 9.89311195831575,
        "ijv_depth": 24.348134593120527,
        "cca_radius": 3.933646824279779,
        "cca_depth": 24.573587520657597,
        "ijv_cca_distance": 14.646460037213464
    }
}