{
    "skin": {
        "blood_volume_fraction": 0.0019951457993966242,
        "ScvO2": 0.9622346287583629,
        "water_volume": 0.17150448637447374,
        "n": 1.4,
        "g": 0.8998548933607365,
        "muspx": 3.685192716216331,
        "fray": 0.2831245002225119,
        "bmie": 0.6676601301375629
    },
    "muscle": {
        "blood_volume_fraction": 3.4553461127989893,
        "ScvO2": 0.35002256970447665,
        "water_volume": 0.6349433052517245,
        "n": 1.4,
        "g": 0.94,
        "muspx": 1.3601422778192847,
        "fray": 0.8998401903211062,
        "bmie": 1.5935367596943744
    },
    "IJV": {
        "blood_volume_fraction": 10.261061966330939,
        "ScvO2": 0.5740518786870092,
        "water_volume": 0.8212534606282776,
        "n": 1.4,
        "g": 0.94,
        "muspx": 1.7815981579818756,
        "fray": 0.7338493130810607,
        "bmie": 0.21976268723617087
    },
    "CCA": {
        "blood_volume_fraction": 8.8974259700233,
        "ScvO2": 0.30700571364938345,
        "water_volume": 0.1010166598940615,
        "n": 1.4,
        "g": 0.94,
        "muspx": 1.582755606359429,
        "fray": 0.8302412185889282,
        "bmie": 0.12935207968115559
    },
    "geometry": {
        "skin_thickness": 0.9353549073242594,
        "ijv_radius": 8.833751597178146,
        "ijv_depth": 13.165805861461081,
        "cca_radius": 3.680288166000041,
        "cca_depth": 25.90842058174459,
        "ijv_cca_distance": 5.003876329595478
    }
}