{
    "skin": {
        "blood_volume_fraction": 0.002755204262807036,
        "ScvO2": 0.999208700332385,
        "water_volume": 0.19941973322735915,
        "n": 1.4,
        "g": 0.8515000472431371,
        "muspx": 6.03526781034676,
        "fray": 0.706382518242272,
        "bmie": 0.9536334691744607
    },
    "muscle": {
        "blood_volume_fraction": 9.25024464265791,
        "ScvO2": 0.6695154930896391,
        "water_volume": 0.6064331783922671,
        "n": 1.4,
        "g": 0.94,
        "muspx": 0.26567343283672296,
        "fray": 0.47383538104582035,
        "bmie": 0.7210531828748101
    },
    "IJV": {
        "blood_volume_fraction": 19.744702432522402,
        "ScvO2": 0.32065982469318033,
        "water_volume": 0.19468575111560193,
        "n": 1.4,
        "g": 0.94,
        "muspx": 0.29030258725754954,
        "fray": 0.9167962645035854,
        "bmie": 0.9330335868199945
    },
    "CCA": {
        "blood_volume_fraction": 3.3800063183650986,
        "ScvO2": 0.6414965002769372,
        "water_volume": 0.6509901694826292,
        "n": 1.4,
        "g": 0.94,
        "muspx": 0.4906141383867384,
        "fray": 0.14655969377954625,
        "bmie": 0.9825578725674534
    },
    "geometry": {
        "skin_thickness": 0.10965326832900231,
        "ijv_radius": 6.351418371334133,
        "ijv_depth": 6.572521743751084,
        "cca_radius": 4.2783242293939185,
        "cca_depth": 25.38461042948255,
        "ijv_cca_distance": 5.077287160446302
    }
}