{
    "skin": {
        "blood_volume_fraction": 0.0033778029129986967,
        "ScvO2": 0.9687126941783968,
        "water_volume": 0.1810404995828357,
        "n": 1.4,
        "g": 0.8448230658132926,
        "muspx": 6.164324413717977,
        "fray": 0.3361072477980131,
        "bmie": 0.548871920536895
    },
    "muscle": {
        "blood_volume_fraction": 5.506663709262918,
        "ScvO2": 0.6785936455790386,
        "water_volume": 0.9653707434315666,
        "n": 1.4,
        "g": 0.94,
        "muspx": 1.473585243066118,
        "fray": 0.5418262375293073,
        "bmie": 0.9325306929491001
    },
    "IJV": {
        "blood_volume_fraction": 14.453215460294155,
        "ScvO2": 0.42220126751929954,
        "water_volume": 0.6171217044443367,
        "n": 1.4,
        "g": 0.94,
        "muspx": 1.7350025613858138,
        "fray": 0.41497372031953517,
        "bmie": 0.6394877144952481
    },
    "CCA": {
        "blood_volume_fraction": 19.51308152535201,
        "ScvO2": 0.49043447170976906,
        "water_volume": 0.7518144824523513,
        "n": 1.4,
        "g": 0.94,
        "muspx": 0.2929858771366525,
        "fray": 0.5088521732514216,
        "bmie": 0.9209342056553438
    },
    "geometry": {
        "skin_thickness": 0.9873545362565381,
        "ijv_radius": 9.550629094307688,
        "ijv_depth": 19.833340149088066,
        "cca_radius": 2.916360643149452,
        "cca_depth": 20.73829694106156,
        "ijv_cca_distance": 15.473119316932069
    }
}