{
    "skin": {
        "blood_volume_fraction": 0.0024388970939200187,
        "ScvO2": 0.9782020653131418,
        "water_volume": 0.1991415454865832,
        "n": 1.4,
        "g": 0.8210541020222442,
        "muspx": 4.49682055463426,
        "fray": 0.5777153146058633,
        "bmie": 0.8557590335136007
    },
    "muscle": {
        "blood_volume_fraction": 1.852008586035998,
        "ScvO2": 0.23409967622055117,
        "water_volume": 0.09816268231909397,
        "n": 1.4,
        "g": 0.94,
        "muspx": 1.291548977429536,
        "fray": 0.8475196164295405,
        "bmie": 4.783876862338328
    },
    "IJV": {
        "blood_volume_fraction": 13.025019352318928,
        "ScvO2": 0.7522946996275682,
        "water_volume": 0.20132204519381336,
        "n": 1.4,
        "g": 0.94,
        "muspx": 0.4439210980873749,
        "fray": 0.009874993451190472,
        "bmie": 0.007484556839869816
    },
    "CCA": {
        "blood_volume_fraction": 4.310729230184796,
        "ScvO2": 0.5366948101945344,
        "water_volume": 0.43167902080798215,
        "n": 1.4,
        "g": 0.94,
        "muspx": 0.012896104024908261,
        "fray": 0.6026541114417191,
        "bmie": 0.36361697154567063
    },
    "geometry": {
        "skin_thickness": 0.8634007944617772,
        "ijv_radius": 5.183224378835087,
        "ijv_depth": 17.152257248558005,
        "cca_radius": 2.7143996947658158,
        "cca_depth": 25.599842091452572,
        "ijv_cca_distance": 8.980632865979135
    }
}