{
    "skin": {
        "blood_volume_fraction": 0.0024523665331789013,
        "ScvO2": 0.9815011301150507,
        "water_volume": 0.18122319323015718,
        "n": 1.4,
        "g": 0.9461300523489674,
        "muspx": 5.947843574797542,
        "fray": 0.35728971845330504,
        "bmie": 0.596774533830091
    },
    "muscle": {
        "blood_volume_fraction": 8.060799416975055,
        "ScvO2": 0.6334489285651711,
        "water_volume": 0.3263871444625265,
        "n": 1.4,
        "g": 0.94,
        "muspx": 1.294335953180657,
        "fray": 0.8021071692022205,
        "bmie": 2.977801926048112
    },
    "IJV": {
        "blood_volume_fraction": 2.6893768250868977,
        "ScvO2": 0.6680735327230645,
        "water_volume": 0.8464686464765463,
        "n": 1.4,
        "g": 0.94,
        "muspx": 1.4673022281350705,
        "fray": 0.5325082782079926,
        "bmie": 0.20373452165555772
    },
    "CCA": {
        "blood_volume_fraction": 1.5462436896233922,
        "ScvO2": 0.6487102049532424,
        "water_volume": 0.16543194928848282,
        "n": 1.4,
        "g": 0.94,
        "muspx": 0.3519986273153939,
        "fray": 0.06894489313654484,
        "bmie": 0.8653105337049334
    },
    "geometry": {
        "skin_thickness": 0.3746584275497896,
        "ijv_radius": 8.542770351387507,
        "ijv_depth": 10.463226212783114,
        "cca_radius": 4.26800886018864,
        "cca_depth": 25.66460442340864,
        "ijv_cca_distance": 6.308424172088649
    }
}