{
    "skin": {
        "blood_volume_fraction": 0.001469268220408965,
        "ScvO2": 0.9885571533347864,
        "water_volume": 0.17887721945247917,
        "n": 1.4,
        "g": 0.9580312143383365,
        "muspx": 4.650989601159619,
        "fray": 0.24279543102455653,
        "bmie": 0.30690952955695017
    },
    "muscle": {
        "blood_volume_fraction": 6.019156510742323,
        "ScvO2": 0.2931510084852511,
        "water_volume": 0.16074382798588183,
        "n": 1.4,
        "g": 0.94,
        "muspx": 1.909544260508421,
        "fray": 0.2580271929526441,
        "bmie": 2.5620080661230134
    },
    "IJV": {
        "blood_volume_fraction": 3.096257473021975,
        "ScvO2": 0.6581751935437153,
        "water_volume": 0.9298346117833934,
        "n": 1.4,
        "g": 0.94,
        "muspx": 1.589646108490541,
        "fray": 0.6701224160936655,
        "bmie": 0.24150438731418145
    },
    "CCA": {
        "blood_volume_fraction": 2.458648878608387,
        "ScvO2": 0.6338607528365985,
        "water_volume": 0.5154396668684542,
        "n": 1.4,
        "g": 0.94,
        "muspx": 1.3737444664055372,
        "fray": 0.5482568369715091,
        "bmie": 0.8672965505457018
    },
    "geometry": {
        "skin_thickness": 0.8019651166528297,
        "ijv_radius": 9.978881731284828,
        "ijv_depth": 22.760417473571202,
        "cca_radius": 4.265559080507376,
        "cca_depth": 23.66245180748527,
        "ijv_cca_distance": 17.377660767455893
    }
}