{
    "skin": {
        "blood_volume_fraction": 0.002738171888187812,
        "ScvO2": 0.9639828060460996,
        "water_volume": 0.18629446262144236,
        "n": 1.4,
        "g": 0.8276257788281299,
        "muspx": 3.7612196747691486,
        "fray": 0.4777130465849829,
        "bmie": 0.6155894203963684
    },
    "muscle": {
        "blood_volume_fraction": 14.832262088525388,
        "ScvO2": 0.37224211219535164,
        "water_volume": 0.13912530077851337,
        "n": 1.4,
        "g": 0.94,
        "muspx": 1.0942423087937212,
        "fray": 0.036667063532428434,
        "bmie": 4.859186270384118
    },
    "IJV": {
        "blood_volume_fraction": 12.423896881754526,
        "ScvO2": 0.37469018325687153,
        "water_volume": 0.9727402287612933,
        "n": 1.4,
        "g": 0.94,
        "muspx": 1.1376191657047319,
        "fray": 0.8683872950716792,
        "bmie": 0.5593148910018557
    },
    "CCA": {
        "blood_volume_fraction": 16.873202583118086,
        "ScvO2": 0.5690922774398172,
        "water_volume": 0.5407823451812586,
        "n": 1.4,
        "g": 0.94,
        "muspx": 1.2004831892830587,
        "fray": 0.8232046436761,
        "bmie": 0.7217770994967113
    },
    "geometry": {
        "skin_thickness": 0.47625284135615276,
        "ijv_radius": 5.1181246509849085,
        "ijv_depth": 10.707170075494208,
        "cca_radius": 3.592298510825255,
        "cca_depth": 24.787654426536044,
        "ijv_cca_distance": 8.554497247772236
    }
}