{
    "skin": {
        "blood_volume_fraction": 0.003438771192743376,
        "ScvO2": 0.9931357011712553,
        "water_volume": 0.20047306990446484,
        "n": 1.4,
        "g": 0.9310755618085494,
        "muspx": 6.300507599251779,
        "fray": 0.5879650755985637,
        "bmie": 0.33871930721093363
    },
    "muscle": {
        "blood_volume_fraction": 8.883921906354484,
        "ScvO2": 0.5081393240224762,
        "water_volume": 0.4143462794537721,
        "n": 1.4,
        "g": 0.94,
        "muspx": 1.2351446594375448,
        "fray": 0.29056785708801713,
        "bmie": 3.9688911179777793
    },
    "IJV": {
        "blood_volume_fraction": 10.961775947116003,
        "ScvO2": 0.6907477326088975,
        "water_volume": 0.4856233868812171,
        "n": 1.4,
        "g": 0.94,
        "muspx": 1.9754319173292207,
        "fray": 0.6658947094789972,
        "bmie": 0.6205309047416675
    },
    "CCA": {
        "blood_volume_fraction": 14.263551938472492,
        "ScvO2": 0.33582704809250796,
        "water_volume": 0.18314800992453684,
        "n": 1.4,
        "g": 0.94,
        "muspx": 1.7376256016652347,
        "fray": 0.4293448468710417,
        "bmie": 0.8575576831273533
    },
    "geometry": {
        "skin_thickness": 0.6319866154577441,
        "ijv_radius": 6.285070107310163,
        "ijv_depth": 10.094432701061924,
        "cca_radius": 3.979934941638068,
        "cca_depth": 13.843149776892457,
        "ijv_cca_distance": 9.936218157123315
    }
}