{
    "skin": {
        "blood_volume_fraction": 0.002259038029025819,
        "ScvO2": 0.9963889720916262,
        "water_volume": 0.17151862762739487,
        "n": 1.4,
        "g": 0.9349726901973738,
        "muspx": 5.906258936760028,
        "fray": 0.26488408793338947,
        "bmie": 1.0073611815946104
    },
    "muscle": {
        "blood_volume_fraction": 17.25715372145406,
        "ScvO2": 0.8819943828976778,
        "water_volume": 0.043447999141548954,
        "n": 1.4,
        "g": 0.94,
        "muspx": 1.6833996620825726,
        "fray": 0.9670941981457641,
        "bmie": 3.344709607751117
    },
    "IJV": {
        "blood_volume_fraction": 7.583536664177009,
        "ScvO2": 0.2130693405025078,
        "water_volume": 0.9898460362393056,
        "n": 1.4,
        "g": 0.94,
        "muspx": 0.9867171865122439,
        "fray": 0.9147503294453521,
        "bmie": 0.6635728113401524
    },
    "CCA": {
        "blood_volume_fraction": 6.587062216140271,
        "ScvO2": 0.1541622645964471,
        "water_volume": 0.6230240511371196,
        "n": 1.4,
        "g": 0.94,
        "muspx": 1.6063856955413038,
        "fray": 0.19300625148267103,
        "bmie": 0.7210761910260273
    },
    "geometry": {
        "skin_thickness": 0.8759170217357528,
        "ijv_radius": 9.749356770149852,
        "ijv_depth": 17.30545192410291,
        "cca_radius": 4.350138124663763,
        "cca_depth": 20.64484407949868,
        "ijv_cca_distance": 15.362055275406608
    }
}