{
    "skin": {
        "blood_volume_fraction": 0.0029276538964029654,
        "ScvO2": 0.9803733500787013,
        "water_volume": 0.19198457825697515,
        "n": 1.4,
        "g": 0.9518066410558245,
        "muspx": 4.1851657205279595,
        "fray": 0.3140925656118026,
        "bmie": 1.0969136734231155
    },
    "muscle": {
        "blood_volume_fraction": 3.8515536707440656,
        "ScvO2": 0.20950785573285013,
        "water_volume": 0.1895412972204331,
        "n": 1.4,
        "g": 0.94,
        "muspx": 1.2797097190111533,
        "fray": 0.0584284536042744,
        "bmie": 4.849502376659768
    },
    "IJV": {
        "blood_volume_fraction": 14.893978091108888,
        "ScvO2": 0.9227510747197091,
        "water_volume": 0.08439786055729948,
        "n": 1.4,
        "g": 0.94,
        "muspx": 0.15029581373834477,
        "fray": 0.6123384229575108,
        "bmie": 0.10005488312911459
    },
    "CCA": {
        "blood_volume_fraction": 0.4291243627246377,
        "ScvO2": 0.6054557669737604,
        "water_volume": 0.6844505013449457,
        "n": 1.4,
        "g": 0.94,
        "muspx": 0.8546969444028063,
        "fray": 0.09374377648834675,
        "bmie": 0.17550597535888202
    },
    "geometry": {
        "skin_thickness": 0.39181011061337057,
        "ijv_radius": 5.592981549125694,
        "ijv_depth": 6.850748901522321,
        "cca_radius": 3.436509356412027,
        "cca_depth": 15.308632697371934,
        "ijv_cca_distance": 9.968739787119803
    }
}