{
    "CCA": {
        "n": 1.4,
        "blood_volume_fraction": 14.123879548810534,
        "fray": 0.8271686197515817,
        "g": 0.94,
        "ScvO2": 0.7866624451320793,
        "muspx": 1.0103753514050058,
        "bmie": 0.6182737272015333,
        "water_volume": 0.5951064644234608
    },
    "muscle": {
        "n": 1.4,
        "blood_volume_fraction": 4.297480401128477,
        "fray": 0.6605593265426075,
        "g": 0.94,
        "ScvO2": 0.01601829855774628,
        "muspx": 0.2932567563845818,
        "bmie": 4.980591343295744,
        "water_volume": 0.114182175987531
    },
    "IJV": {
        "n": 1.4,
        "blood_volume_fraction": 18.676823962068553,
        "fray": 0.33781346254477396,
        "g": 0.94,
        "ScvO2": 0.9059447341090539,
        "muspx": 0.24249705594928828,
        "bmie": 0.5740724760894118,
        "water_volume": 0.950649260148839
    },
    "skin": {
        "n": 1.4,
        "blood_volume_fraction": 0.002253944599771148,
        "fray": 0.7587969222603991,
        "g": 0.941018637107161,
        "ScvO2": 0.9853570680650469,
        "muspx": 5.308276869486946,
        "bmie": 0.7195898891566344,
        "water_volume": 0.18504776176477147
    },
    "geometry": {
        "cca_radius": 3.5340800147175586,
        "ijv_radius": 7.947132066583697,
        "ijv_cca_distance": 13.1337284806425,
        "skin_thickness": 0.9367131997052066,
        "ijv_depth": 13.268274219579311,
        "cca_depth": 20.091461637030047
    }
}