{
    "skin": {
        "blood_volume_fraction": 0.0037688763785874296,
        "ScvO2": 0.9894461166245404,
        "water_volume": 0.2109796633676158,
        "n": 1.4,
        "g": 0.9970170801784428,
        "muspx": 5.35081328348839,
        "fray": 0.346469472068903,
        "bmie": 1.15285744630335
    },
    "muscle": {
        "blood_volume_fraction": 11.681850764146214,
        "ScvO2": 0.34586440934370377,
        "water_volume": 0.7113582024235447,
        "n": 1.4,
        "g": 0.94,
        "muspx": 0.9642441582163905,
        "fray": 0.3443169585139274,
        "bmie": 2.9537306127368668
    },
    "IJV": {
        "blood_volume_fraction": 0.9624171692845218,
        "ScvO2": 0.31628388462057067,
        "water_volume": 0.41937697909115457,
        "n": 1.4,
        "g": 0.94,
        "muspx": 1.2967391256951086,
        "fray": 0.7389436266512671,
        "bmie": 0.7491865644849257
    },
    "CCA": {
        "blood_volume_fraction": 5.481990604321842,
        "ScvO2": 0.7702806944922252,
        "water_volume": 0.9830334926513287,
        "n": 1.4,
        "g": 0.94,
        "muspx": 1.9416021582516427,
        "fray": 0.3545228415626921,
        "bmie": 0.5165146703948502
    },
    "geometry": {
        "skin_thickness": 0.671823752737077,
        "ijv_radius": 6.769838367120204,
        "ijv_depth": 17.676696524890794,
        "cca_radius": 3.8507727681220443,
        "cca_depth": 20.100534377737084,
        "ijv_cca_distance": 14.57996095596412
    }
}