{
    "skin": {
        "blood_volume_fraction": 0.0033080759053555767,
        "ScvO2": 0.9825433704906843,
        "water_volume": 0.1888013014466814,
        "n": 1.4,
        "g": 0.9870161850799459,
        "muspx": 4.260580444533063,
        "fray": 0.5797141411670771,
        "bmie": 0.2872637604076512
    },
    "muscle": {
        "blood_volume_fraction": 8.947382327352447,
        "ScvO2": 0.8761617404611663,
        "water_volume": 0.7834592465186025,
        "n": 1.4,
        "g": 0.94,
        "muspx": 1.6912038379744916,
        "fray": 0.6143856590817713,
        "bmie": 1.9223223438112336
    },
    "IJV": {
        "blood_volume_fraction": 18.431933983060844,
        "ScvO2": 0.11161197764215336,
        "water_volume": 0.38423466581072474,
        "n": 1.4,
        "g": 0.94,
        "muspx": 0.5616694997562446,
        "fray": 0.8727752509342583,
        "bmie": 0.5756313325794837
    },
    "CCA": {
        "blood_volume_fraction": 6.0745688918195455,
        "ScvO2": 0.06324387946489407,
        "water_volume": 0.7821062737027448,
        "n": 1.4,
        "g": 0.94,
        "muspx": 1.1506371840833405,
        "fray": 0.5635312778680368,
        "bmie": 0.14192070540154633
    },
    "geometry": {
        "skin_thickness": 0.8275520238922296,
        "ijv_radius": 4.949225266147216,
        "ijv_depth": 18.99809365229568,
        "cca_radius": 3.4126649790576824,
        "cca_depth": 21.00938562515504,
        "ijv_cca_distance": 9.613096817015894
    }
}