{
    "skin": {
        "blood_volume_fraction": 0.003239720474200943,
        "ScvO2": 0.9936936837640398,
        "water_volume": 0.18820225021418346,
        "n": 1.4,
        "g": 0.8888351951521563,
        "muspx": 6.553565323489369,
        "fray": 0.5178340473998045,
        "bmie": 0.5745226626880487
    },
    "muscle": {
        "blood_volume_fraction": 17.975267933814557,
        "ScvO2": 0.17523156988754574,
        "water_volume": 0.9557966003798867,
        "n": 1.4,
        "g": 0.94,
        "muspx": 0.9063708994931481,
        "fray": 0.5720168677643495,
        "bmie": 0.9156581324705404
    },
    "IJV": {
        "blood_volume_fraction": 10.734300525387933,
        "ScvO2": 0.5573590624881674,
        "water_volume": 0.04984511036249695,
        "n": 1.4,
        "g": 0.94,
        "muspx": 0.9667019629387981,
        "fray": 0.5285627397090059,
        "bmie": 0.7115263390552494
    },
    "CCA": {
        "blood_volume_fraction": 9.180562070015664,
        "ScvO2": 0.5339842376383485,
        "water_volume": 0.09618370739201676,
        "n": 1.4,
        "g": 0.94,
        "muspx": 0.7373430121708922,
        "fray": 0.5146865843166315,
        "bmie": 0.8630761379829286
    },
    "geometry": {
        "skin_thickness": 0.538407846003953,
        "ijv_radius": 10.179576615660151,
        "ijv_depth": 12.004852636548803,
        "cca_radius": 3.7553100453669526,
        "cca_depth": 25.538037381803054,
        "ijv_cca_distance": 9.13623729705629
    }
}