{
    "skin": {
        "blood_volume_fraction": 0.0024060949418584303,
        "ScvO2": 0.9668102821993577,
        "water_volume": 0.20223065874475926,
        "n": 1.4,
        "g": 0.9384324033769474,
        "muspx": 4.297920241540123,
        "fray": 0.2560616900230178,
        "bmie": 0.28205098435280435
    },
    "muscle": {
        "blood_volume_fraction": 15.35440648868689,
        "ScvO2": 0.3176302467264154,
        "water_volume": 0.7831941205819913,
        "n": 1.4,
        "g": 0.94,
        "muspx": 0.05292701821972434,
        "fray": 0.8967127835092384,
        "bmie": 2.67581218670104
    },
    "IJV": {
        "blood_volume_fraction": 16.569270713720815,
        "ScvO2": 0.8383106403278704,
        "water_volume": 0.7672700730488531,
        "n": 1.4,
        "g": 0.94,
        "muspx": 0.49777045387884167,
        "fray": 0.7817064581136179,
        "bmie": 0.6579282887330405
    },
    "CCA": {
        "blood_volume_fraction": 11.455405818849664,
        "ScvO2": 0.16434498497388517,
        "water_volume": 0.2698945499729838,
        "n": 1.4,
        "g": 0.94,
        "muspx": 1.0895444297714836,
        "fray": 0.6746332723520352,
        "bmie": 0.1458111968768121
    },
    "geometry": {
        "skin_thickness": 0.6001686040601131,
        "ijv_radius": 5.83252497443659,
        "ijv_depth": 12.960587688683308,
        "cca_radius": 4.048762687407106,
        "cca_depth": 17.81666767678938,
        "ijv_cca_distance": 12.229633435699979
    }
}