{
    "CCA": {
        "n": 1.4,
        "blood_volume_fraction": 5.347279446569184,
        "fray": 0.019479500614175693,
        "g": 0.94,
        "ScvO2": 0.24582933539190377,
        "muspx": 0.4289809874868622,
        "bmie": 0.440679261548083,
        "water_volume": 0.8434867321396519
    },
    "muscle": {
        "n": 1.4,
        "blood_volume_fraction": 18.60589121214034,
        "fray": 0.69525874849643,
        "g": 0.94,
        "ScvO2": 0.32139711750970834,
        "muspx": 0.8950505343505026,
        "bmie": 1.161651253197803,
        "water_volume": 0.9937473625494727
    },
    "IJV": {
        "n": 1.4,
        "blood_volume_fraction": 0.4374085340664813,
        "fray": 0.29835952088617734,
        "g": 0.94,
        "ScvO2": 0.9790831354995151,
        "muspx": 1.306559164172737,
        "bmie": 0.3546072708022666,
        "water_volume": 0.36639328279127215
    },
    "skin": {
        "n": 1.4,
        "blood_volume_fraction": 0.00353179712612135,
        "fray": 0.33344798760875877,
        "g": 0.9721553770611111,
        "ScvO2": 0.9826707380780932,
        "muspx": 5.852882433311441,
        "bmie": 0.844128525885559,
        "water_volume": 0.18037590676794474
    },
    "geometry": {
        "cca_radius": 3.1104065395198637,
        "ijv_radius": 6.128119063148852,
        "ijv_cca_distance": 13.411489910509408,
        "skin_thickness": 0.7331464384553564,
        "ijv_depth": 15.34190276024303,
        "cca_depth": 15.55213273439838
    }
}