{
    "skin": {
        "blood_volume_fraction": 0.003379468156561245,
        "ScvO2": 0.9758946488421885,
        "water_volume": 0.19194549812836587,
        "n": 1.4,
        "g": 0.8620094897172108,
        "muspx": 4.372287213050244,
        "fray": 0.2701468520907988,
        "bmie": 0.40125278081548144
    },
    "muscle": {
        "blood_volume_fraction": 13.92619388799786,
        "ScvO2": 0.271417282726071,
        "water_volume": 0.47538677109633287,
        "n": 1.4,
        "g": 0.94,
        "muspx": 0.30480198199430153,
        "fray": 0.8616469976590623,
        "bmie": 2.4569138639408283
    },
    "IJV": {
        "blood_volume_fraction": 10.752564764772858,
        "ScvO2": 0.9601413185186256,
        "water_volume": 0.7957769159676963,
        "n": 1.4,
        "g": 0.94,
        "muspx": 1.1921693302427552,
        "fray": 0.0757211746833899,
        "bmie": 0.3020891016864662
    },
    "CCA": {
        "blood_volume_fraction": 16.823581684488865,
        "ScvO2": 0.22236983275472522,
        "water_volume": 0.3926386654012731,
        "n": 1.4,
        "g": 0.94,
        "muspx": 1.2956438445606049,
        "fray": 0.8565211744264242,
        "bmie": 0.6539795407082364
    },
    "geometry": {
        "skin_thickness": 0.7054155365570066,
        "ijv_radius": 4.583460552685239,
        "ijv_depth": 15.006004936493882,
        "cca_radius": 2.849499849100112,
        "cca_depth": 24.65634862966982,
        "ijv_cca_distance": 7.506477699897518
    }
}