{
    "skin": {
        "blood_volume_fraction": 0.0012315929842259914,
        "ScvO2": 0.9778431750332864,
        "water_volume": 0.1906234479741986,
        "n": 1.4,
        "g": 0.8824011311000656,
        "muspx": 6.235344959518568,
        "fray": 0.500850044628825,
        "bmie": 0.3255050461713132
    },
    "muscle": {
        "blood_volume_fraction": 14.817577031701148,
        "ScvO2": 0.11545309092874234,
        "water_volume": 0.0612829182109621,
        "n": 1.4,
        "g": 0.94,
        "muspx": 0.9207525100465832,
        "fray": 0.7273758366046208,
        "bmie": 2.7843548916267853
    },
    "IJV": {
        "blood_volume_fraction": 16.202072113514024,
        "ScvO2": 0.02125057757429505,
        "water_volume": 0.7227788078001093,
        "n": 1.4,
        "g": 0.94,
        "muspx": 1.3763775552686008,
        "fray": 0.5218805221207896,
        "bmie": 0.5977500752018512
    },
    "CCA": {
        "blood_volume_fraction": 5.098097525884892,
        "ScvO2": 0.7461846873713279,
        "water_volume": 0.5280520342651421,
        "n": 1.4,
        "g": 0.94,
        "muspx": 0.7497979563624504,
        "fray": 0.5254957294881479,
        "bmie": 0.22051922978836536
    },
    "geometry": {
        "skin_thickness": 0.30783791821133216,
        "ijv_radius": 10.118043878594662,
        "ijv_depth": 13.336862600009404,
        "cca_radius": 2.7603353139390294,
        "cca_depth": 23.902857801416758,
        "ijv_cca_distance": 12.358558521426076
    }
}