{
    "skin": {
        "ScvO2": 0.9716782398346621,
        "n": 1.4,
        "water_volume": 0.1709035003638299,
        "muspx": 6.543745115888399,
        "blood_volume_fraction": 0.0015391469659436538,
        "bmie": 0.5360289637820065,
        "g": 0.9884129933495579,
        "fray": 0.4635010648407267
    },
    "geometry": {
        "cca_depth": 18.564038942947395,
        "ijv_cca_distance": 11.291421251264195,
        "skin_thickness": 0.5589365076936482,
        "ijv_radius": 4.922171411963181,
        "ijv_depth": 18.378437999285353,
        "cca_radius": 3.350992350075403
    },
    "muscle": {
        "ScvO2": 0.3536132712342608,
        "n": 1.4,
        "water_volume": 0.029794222886965316,
        "muspx": 0.5930219891259259,
        "blood_volume_fraction": 8.10554534801426,
        "bmie": 3.5878652915808713,
        "g": 0.94,
        "fray": 0.3174595055780576
    },
    "CCA": {
        "ScvO2": 0.8633170019220483,
        "n": 1.4,
        "water_volume": 0.1379497575594124,
        "muspx": 0.9331822822378266,
        "blood_volume_fraction": 16.81080028845441,
        "bmie": 0.7108292301217805,
        "g": 0.94,
        "fray": 0.1777213842204225
    },
    "IJV": {
        "ScvO2": 0.22439189817292016,
        "n": 1.4,
        "water_volume": 0.10215077647567294,
        "muspx": 0.8255894632511203,
        "blood_volume_fraction": 8.131418856585245,
        "bmie": 0.8834532002285765,
        "g": 0.94,
        "fray": 0.11059609998861841
    }
}