{
    "skin": {
        "blood_volume_fraction": 0.0031780652561490255,
        "ScvO2": 0.9834826240113974,
        "water_volume": 0.1826051530907397,
        "n": 1.4,
        "g": 0.9369874464049133,
        "muspx": 5.707359578577263,
        "fray": 0.7028623716877386,
        "bmie": 0.8255508634398466
    },
    "muscle": {
        "blood_volume_fraction": 17.921272928020834,
        "ScvO2": 0.09707912448027345,
        "water_volume": 0.6798017588542821,
        "n": 1.4,
        "g": 0.94,
        "muspx": 1.078286187557514,
        "fray": 0.4749596954991723,
        "bmie": 4.236923826926595
    },
    "IJV": {
        "blood_volume_fraction": 16.13776861622587,
        "ScvO2": 0.2399186597705001,
        "water_volume": 0.8178326118518084,
        "n": 1.4,
        "g": 0.94,
        "muspx": 0.025570393932052626,
        "fray": 0.479220180621576,
        "bmie": 0.7918711137802815
    },
    "CCA": {
        "blood_volume_fraction": 9.884214556870376,
        "ScvO2": 0.5506534695825478,
        "water_volume": 0.1556385853009875,
        "n": 1.4,
        "g": 0.94,
        "muspx": 1.0689043114976462,
        "fray": 0.932592611344419,
        "bmie": 0.9173720778588847
    },
    "geometry": {
        "skin_thickness": 0.42049819174327885,
        "ijv_radius": 10.256054934574848,
        "ijv_depth": 15.594527680754759,
        "cca_radius": 3.239645958296889,
        "cca_depth": 25.643364665912095,
        "ijv_cca_distance": 13.839522546729402
    }
}