{
    "skin": {
        "blood_volume_fraction": 0.0034440338566314004,
        "ScvO2": 0.9641518702054943,
        "water_volume": 0.17131997679311597,
        "n": 1.4,
        "g": 0.8966729331598594,
        "muspx": 4.9005243997298376,
        "fray": 0.3990785372068799,
        "bmie": 0.36975775853121756
    },
    "muscle": {
        "blood_volume_fraction": 8.197070998109986,
        "ScvO2": 0.17232274452543972,
        "water_volume": 0.855818411904752,
        "n": 1.4,
        "g": 0.94,
        "muspx": 1.7944288074471968,
        "fray": 0.44525575218689495,
        "bmie": 4.71870018669898
    },
    "IJV": {
        "blood_volume_fraction": 9.800195306648815,
        "ScvO2": 0.06680937184021185,
        "water_volume": 0.8452911900650169,
        "n": 1.4,
        "g": 0.94,
        "muspx": 0.6745772637370866,
        "fray": 0.9277987775841385,
        "bmie": 0.8547093461054276
    },
    "CCA": {
        "blood_volume_fraction": 18.426759581744786,
        "ScvO2": 0.48564249185923514,
        "water_volume": 0.9891801350046361,
        "n": 1.4,
        "g": 0.94,
        "muspx": 0.6284828260025728,
        "fray": 0.25587667235664324,
        "bmie": 0.7745912947688505
    },
    "geometry": {
        "skin_thickness": 0.219274143998409,
        "ijv_radius": 8.06978620476451,
        "ijv_depth": 18.42544807635357,
        "cca_radius": 4.097902435933362,
        "cca_depth": 22.264673339968912,
        "ijv_cca_distance": 12.751006204295356
    }
}