{
    "skin": {
        "ScvO2": 0.9978804678159143,
        "n": 1.4,
        "water_volume": 0.21006718993741932,
        "muspx": 5.045866314843419,
        "blood_volume_fraction": 0.001248186655465013,
        "bmie": 0.8136523226052731,
        "g": 0.9916272620918793,
        "fray": 0.333792548758961
    },
    "geometry": {
        "cca_depth": 12.014156624767168,
        "ijv_cca_distance": 8.20130959981804,
        "skin_thickness": 0.34946288980536655,
        "ijv_radius": 6.596503236964611,
        "ijv_depth": 7.019883263179469,
        "cca_radius": 2.783465220260191
    },
    "muscle": {
        "ScvO2": 0.90476691097875,
        "n": 1.4,
        "water_volume": 0.8586071316135664,
        "muspx": 0.6739818052143365,
        "blood_volume_fraction": 2.9698935104815605,
        "bmie": 1.0367985237553279,
        "g": 0.94,
        "fray": 0.9323886847665224
    },
    "CCA": {
        "ScvO2": 0.3283846538562539,
        "n": 1.4,
        "water_volume": 0.3565997308626244,
        "muspx": 0.4732883650568085,
        "blood_volume_fraction": 13.844057201912749,
        "bmie": 0.8840625906038622,
        "g": 0.94,
        "fray": 0.6564216875022686
    },
    "IJV": {
        "ScvO2": 0.25847843934468795,
        "n": 1.4,
        "water_volume": 0.013938207032084815,
        "muspx": 1.9458442111945182,
        "blood_volume_fraction": 0.6322339268762689,
        "bmie": 0.8800316534846153,
        "g": 0.94,
        "fray": 0.9340896169873658
    }
}