{
    "skin": {
        "blood_volume_fraction": 0.0026354802473581686,
        "ScvO2": 0.9815943158015634,
        "water_volume": 0.17057585513760767,
        "n": 1.4,
        "g": 0.9994817527357351,
        "muspx": 4.128835635232468,
        "fray": 0.5387518017200528,
        "bmie": 0.8888323535996188
    },
    "muscle": {
        "blood_volume_fraction": 5.102233554548405,
        "ScvO2": 0.3763220259270261,
        "water_volume": 0.1639451667918841,
        "n": 1.4,
        "g": 0.94,
        "muspx": 0.20625340716278528,
        "fray": 0.3845021623945034,
        "bmie": 0.35617227482058145
    },
    "IJV": {
        "blood_volume_fraction": 4.529657808525065,
        "ScvO2": 0.375820059414951,
        "water_volume": 0.36366547266706284,
        "n": 1.4,
        "g": 0.94,
        "muspx": 1.0423330213056687,
        "fray": 0.7603064405933055,
        "bmie": 0.9658697237005635
    },
    "CCA": {
        "blood_volume_fraction": 16.722343415696795,
        "ScvO2": 0.090214665887971,
        "water_volume": 0.46230905656555754,
        "n": 1.4,
        "g": 0.94,
        "muspx": 0.15168679859749723,
        "fray": 0.36953803330315316,
        "bmie": 0.8658899325189238
    },
    "geometry": {
        "skin_thickness": 0.5239631144552682,
        "ijv_radius": 7.028981377624077,
        "ijv_depth": 14.47937553937378,
        "cca_radius": 3.249061929932064,
        "cca_depth": 14.776111790628466,
        "ijv_cca_distance": 11.823317363665153
    }
}