{
    "CCA": {
        "n": 1.4,
        "blood_volume_fraction": 3.55120865453717,
        "fray": 0.1042290845589009,
        "g": 0.94,
        "ScvO2": 0.8003358315284699,
        "muspx": 0.38969229146642004,
        "bmie": 0.7743391302422947,
        "water_volume": 0.5940283597252005
    },
    "muscle": {
        "n": 1.4,
        "blood_volume_fraction": 8.277205218043557,
        "fray": 0.10962136043791426,
        "g": 0.94,
        "ScvO2": 0.029948331386144167,
        "muspx": 0.3901588786853951,
        "bmie": 3.916607132020473,
        "water_volume": 0.984984386157724
    },
    "IJV": {
        "n": 1.4,
        "blood_volume_fraction": 9.824493616620789,
        "fray": 0.3843557963034936,
        "g": 0.94,
        "ScvO2": 0.3365199367121573,
        "muspx": 0.12240659517319918,
        "bmie": 0.7975645760692653,
        "water_volume": 0.16323842929458632
    },
    "skin": {
        "n": 1.4,
        "blood_volume_fraction": 0.0018981833333181278,
        "fray": 0.5729632774055139,
        "g": 0.8920165873792539,
        "ScvO2": 0.9629127184164877,
        "muspx": 3.7695496672681137,
        "bmie": 0.5437441137687173,
        "water_volume": 0.17823381869585822
    },
    "geometry": {
        "cca_radius": 2.894100219842545,
        "ijv_radius": 6.262868982030997,
        "ijv_cca_distance": 9.27703950675207,
        "skin_thickness": 0.8762643778297678,
        "ijv_depth": 10.482677913258062,
        "cca_depth": 11.716735176726242
    }
}