{
    "skin": {
        "blood_volume_fraction": 0.0027731683178339106,
        "ScvO2": 0.9710337469953858,
        "water_volume": 0.16850112524215963,
        "n": 1.4,
        "g": 0.9210595214768759,
        "muspx": 5.791219768814425,
        "fray": 0.41211094212567456,
        "bmie": 0.5503731986933809
    },
    "muscle": {
        "blood_volume_fraction": 3.7134334932773427,
        "ScvO2": 0.6682903561774616,
        "water_volume": 0.26996563537351526,
        "n": 1.4,
        "g": 0.94,
        "muspx": 0.4881245274542867,
        "fray": 0.7659435799412173,
        "bmie": 3.3312681388412373
    },
    "IJV": {
        "blood_volume_fraction": 7.945889185409259,
        "ScvO2": 0.18576862089216906,
        "water_volume": 0.9536731060872641,
        "n": 1.4,
        "g": 0.94,
        "muspx": 1.5336184004670756,
        "fray": 0.33562192178823214,
        "bmie": 0.9215024624483203
    },
    "CCA": {
        "blood_volume_fraction": 1.6754767423811634,
        "ScvO2": 0.2860247822630002,
        "water_volume": 0.41313705605413975,
        "n": 1.4,
        "g": 0.94,
        "muspx": 1.9933616447735656,
        "fray": 0.06344976068423158,
        "bmie": 0.7947275437264625
    },
    "geometry": {
        "skin_thickness": 0.8130712361451197,
        "ijv_radius": 7.8316900186102,
        "ijv_depth": 11.486624114340914,
        "cca_radius": 3.266590011138666,
        "cca_depth": 20.41799374368589,
        "ijv_cca_distance": 7.334000262479497
    }
}