{
    "CCA": {
        "n": 1.4,
        "blood_volume_fraction": 14.737542226979876,
        "fray": 0.7374534884367672,
        "g": 0.94,
        "ScvO2": 0.12355846829056139,
        "muspx": 0.08779441519996656,
        "bmie": 0.03041883381321031,
        "water_volume": 0.1318068201083613
    },
    "muscle": {
        "n": 1.4,
        "blood_volume_fraction": 3.850001504158911,
        "fray": 0.5555488559240778,
        "g": 0.94,
        "ScvO2": 0.19458708629246058,
        "muspx": 0.04732547057957248,
        "bmie": 2.0469455944009827,
        "water_volume": 0.5299075943812922
    },
    "IJV": {
        "n": 1.4,
        "blood_volume_fraction": 5.963119783194397,
        "fray": 0.5630372859422532,
        "g": 0.94,
        "ScvO2": 0.1839106018111103,
        "muspx": 1.105899903530192,
        "bmie": 0.771540543525074,
        "water_volume": 0.6804408468873494
    },
    "skin": {
        "n": 1.4,
        "blood_volume_fraction": 0.00148466303835154,
        "fray": 0.24574619850381388,
        "g": 0.8325475528775101,
        "ScvO2": 0.9992959784130562,
        "muspx": 5.954386265514842,
        "bmie": 0.8742170742751834,
        "water_volume": 0.20876724990227843
    },
    "geometry": {
        "cca_radius": 3.1168603910988057,
        "ijv_radius": 7.858836295572165,
        "ijv_cca_distance": 14.852526739584246,
        "skin_thickness": 0.5301200558804972,
        "ijv_depth": 18.577882305646355,
        "cca_depth": 20.420153335621485
    }
}