{
    "skin": {
        "blood_volume_fraction": 0.0016893310128451532,
        "ScvO2": 0.9967987831553,
        "water_volume": 0.18701937412849104,
        "n": 1.4,
        "g": 0.9166803456555062,
        "muspx": 5.294606045413413,
        "fray": 0.5094052301730945,
        "bmie": 0.9871555831409261
    },
    "muscle": {
        "blood_volume_fraction": 11.938577917269695,
        "ScvO2": 0.8108232118518106,
        "water_volume": 0.6264185696745084,
        "n": 1.4,
        "g": 0.94,
        "muspx": 1.8694221801184385,
        "fray": 0.5943603791145592,
        "bmie": 1.8552134855793008
    },
    "IJV": {
        "blood_volume_fraction": 14.619701776063794,
        "ScvO2": 0.5108304570707697,
        "water_volume": 0.7111275537352184,
        "n": 1.4,
        "g": 0.94,
        "muspx": 1.3353854271189303,
        "fray": 0.09473759019700301,
        "bmie": 0.8425268420610565
    },
    "CCA": {
        "blood_volume_fraction": 1.801048405410115,
        "ScvO2": 0.16233685944707787,
        "water_volume": 0.15970667068655864,
        "n": 1.4,
        "g": 0.94,
        "muspx": 1.1136622667184926,
        "fray": 0.9058394361598621,
        "bmie": 0.02490455329925889
    },
    "geometry": {
        "skin_thickness": 0.7667471725072628,
        "ijv_radius": 5.589861632154009,
        "ijv_depth": 10.958946010023322,
        "cca_radius": 4.351809878658862,
        "cca_depth": 25.397112997940674,
        "ijv_cca_distance": 8.981005646278842
    }
}