{
    "skin": {
        "blood_volume_fraction": 0.0029427527080472474,
        "ScvO2": 0.9655463170208788,
        "water_volume": 0.2100034898625818,
        "n": 1.4,
        "g": 0.9465992708036377,
        "muspx": 5.2611218263388775,
        "fray": 0.48105131457780803,
        "bmie": 0.7890762790777163
    },
    "muscle": {
        "blood_volume_fraction": 18.071983373660707,
        "ScvO2": 0.9515468884910828,
        "water_volume": 0.9557037813018933,
        "n": 1.4,
        "g": 0.94,
        "muspx": 0.8877868070781003,
        "fray": 0.5171050169534355,
        "bmie": 0.9470658465233905
    },
    "IJV": {
        "blood_volume_fraction": 0.4483646945943076,
        "ScvO2": 0.8704700400656037,
        "water_volume": 0.1930107158904686,
        "n": 1.4,
        "g": 0.94,
        "muspx": 0.6760182354923947,
        "fray": 0.19210938748800932,
        "bmie": 0.019263201001535113
    },
    "CCA": {
        "blood_volume_fraction": 2.928371939873804,
        "ScvO2": 0.18861576987916606,
        "water_volume": 0.8702579769789687,
        "n": 1.4,
        "g": 0.94,
        "muspx": 0.49325911554131396,
        "fray": 0.8202381323983566,
        "bmie": 0.6105984395118196
    },
    "geometry": {
        "skin_thickness": 0.15960856501198392,
        "ijv_radius": 7.208178504270618,
        "ijv_depth": 19.764827130166992,
        "cca_radius": 4.282736115916333,
        "cca_depth": 20.134953920634587,
        "ijv_cca_distance": 12.158425896311867
    }
}