{
    "skin": {
        "blood_volume_fraction": 0.002513137311653881,
        "ScvO2": 0.9656906283164927,
        "water_volume": 0.19911538459347217,
        "n": 1.4,
        "g": 0.8910342421272337,
        "muspx": 5.133818833293923,
        "fray": 0.6150522357176437,
        "bmie": 0.2803544133487754
    },
    "muscle": {
        "blood_volume_fraction": 8.924586813197218,
        "ScvO2": 0.04687450620123401,
        "water_volume": 0.9648710310592505,
        "n": 1.4,
        "g": 0.94,
        "muspx": 1.9977357860576248,
        "fray": 0.6520885460165057,
        "bmie": 0.505070327416402
    },
    "IJV": {
        "blood_volume_fraction": 10.5179676096141,
        "ScvO2": 0.940918143060489,
        "water_volume": 0.16010198052562752,
        "n": 1.4,
        "g": 0.94,
        "muspx": 1.3191427514353256,
        "fray": 0.6818560620443487,
        "bmie": 0.0005265797070448386
    },
    "CCA": {
        "blood_volume_fraction": 19.964336416745066,
        "ScvO2": 0.2932047076702642,
        "water_volume": 0.28310388447158474,
        "n": 1.4,
        "g": 0.94,
        "muspx": 0.3776202550091232,
        "fray": 0.27762969297037265,
        "bmie": 0.9047897667679029
    },
    "geometry": {
        "skin_thickness": 0.5701753910416247,
        "ijv_radius": 6.8972674789597574,
        "ijv_depth": 8.964848045457344,
        "cca_radius": 3.6382648853115818,
        "cca_depth": 14.450474976840686,
        "ijv_cca_distance": 11.87034483289284
    }
}