{
    "skin": {
        "ScvO2": 0.998186780173879,
        "n": 1.4,
        "water_volume": 0.19038303422301292,
        "muspx": 4.270626871887798,
        "blood_volume_fraction": 0.0012187564707636911,
        "bmie": 0.3005502168492472,
        "g": 0.9807743151878763,
        "fray": 0.5976280318836437
    },
    "geometry": {
        "cca_depth": 21.540456682026566,
        "ijv_cca_distance": 7.489160881618494,
        "skin_thickness": 0.4053917370502188,
        "ijv_radius": 4.939912312547256,
        "ijv_depth": 12.677941010190409,
        "cca_radius": 3.3220596497134602
    },
    "muscle": {
        "ScvO2": 0.8851698515942956,
        "n": 1.4,
        "water_volume": 0.5357356711650815,
        "muspx": 1.8642915722484061,
        "blood_volume_fraction": 13.443210603868206,
        "bmie": 4.326541269253075,
        "g": 0.94,
        "fray": 0.04176872571714363
    },
    "CCA": {
        "ScvO2": 0.31568994986091437,
        "n": 1.4,
        "water_volume": 0.9677749705209441,
        "muspx": 0.8463396996134647,
        "blood_volume_fraction": 0.5715805583101186,
        "bmie": 0.5161416254207379,
        "g": 0.94,
        "fray": 0.04863606417434185
    },
    "IJV": {
        "ScvO2": 0.12081467248548494,
        "n": 1.4,
        "water_volume": 0.4726119250241929,
        "muspx": 0.436914898138161,
        "blood_volume_fraction": 14.721101409415096,
        "bmie": 0.4940399005950472,
        "g": 0.94,
        "fray": 0.9362452321306043
    }
}