{
    "skin": {
        "ScvO2": 0.9721484201700776,
        "n": 1.4,
        "water_volume": 0.1798792901236756,
        "muspx": 6.294709775744659,
        "blood_volume_fraction": 0.004008945445883094,
        "bmie": 0.847628906864686,
        "g": 0.9397201452323342,
        "fray": 0.7048287533744771
    },
    "geometry": {
        "cca_depth": 24.91882788738537,
        "ijv_cca_distance": 13.710471761564257,
        "skin_thickness": 0.5095833630747559,
        "ijv_radius": 9.380316035738712,
        "ijv_depth": 23.00474921523763,
        "cca_radius": 3.5157590694040795
    },
    "muscle": {
        "ScvO2": 0.17489112206872792,
        "n": 1.4,
        "water_volume": 0.06207483649692125,
        "muspx": 1.4529538422913886,
        "blood_volume_fraction": 17.909884480550048,
        "bmie": 3.349813123003169,
        "g": 0.94,
        "fray": 0.7683049674413922
    },
    "CCA": {
        "ScvO2": 0.410763407648862,
        "n": 1.4,
        "water_volume": 0.8023453877349298,
        "muspx": 0.9496980601340415,
        "blood_volume_fraction": 10.002698400730443,
        "bmie": 0.9237576921935253,
        "g": 0.94,
        "fray": 0.7179896944057669
    },
    "IJV": {
        "ScvO2": 0.9789228330897948,
        "n": 1.4,
        "water_volume": 0.5124551936577646,
        "muspx": 0.03880603155082141,
        "blood_volume_fraction": 14.4380824906073,
        "bmie": 0.05419844978512334,
        "g": 0.94,
        "fray": 0.7080826740642664
    }
}