{
    "skin": {
        "ScvO2": 0.9753083618784497,
        "n": 1.4,
        "water_volume": 0.2112660964134907,
        "muspx": 6.318558275629032,
        "blood_volume_fraction": 0.0039942995224314685,
        "bmie": 0.31783002013775774,
        "g": 0.9698557416028003,
        "fray": 0.5349643323897469
    },
    "geometry": {
        "cca_depth": 24.65658915218324,
        "ijv_cca_distance": 10.885364335034447,
        "skin_thickness": 0.6752844444640326,
        "ijv_radius": 5.785451575415446,
        "ijv_depth": 19.05050168630771,
        "cca_radius": 3.281867149092311
    },
    "muscle": {
        "ScvO2": 0.4846335891232444,
        "n": 1.4,
        "water_volume": 0.5339229627866299,
        "muspx": 1.5821337730617657,
        "blood_volume_fraction": 0.4577052769144374,
        "bmie": 4.001572546934402,
        "g": 0.94,
        "fray": 0.9771989305565479
    },
    "CCA": {
        "ScvO2": 0.4281745120498429,
        "n": 1.4,
        "water_volume": 0.6033409900224587,
        "muspx": 0.5978415048159558,
        "blood_volume_fraction": 11.177022493594166,
        "bmie": 0.6197473681806097,
        "g": 0.94,
        "fray": 0.020002760953035326
    },
    "IJV": {
        "ScvO2": 0.1671219349094588,
        "n": 1.4,
        "water_volume": 0.7511788670492064,
        "muspx": 1.5175255414659188,
        "blood_volume_fraction": 16.847749739383115,
        "bmie": 0.2992756447542462,
        "g": 0.94,
        "fray": 0.17018375294813093
    }
}