{
    "skin": {
        "blood_volume_fraction": 0.002258370385446791,
        "ScvO2": 0.9754270122067448,
        "water_volume": 0.18971005244455671,
        "n": 1.4,
        "g": 0.8252554168636126,
        "muspx": 5.714038195735544,
        "fray": 0.2573778092596046,
        "bmie": 0.28548054819985347
    },
    "muscle": {
        "blood_volume_fraction": 15.89638971880217,
        "ScvO2": 0.7743477289338427,
        "water_volume": 0.8801503530665357,
        "n": 1.4,
        "g": 0.94,
        "muspx": 1.8938516514467632,
        "fray": 0.6165732256088322,
        "bmie": 3.6021977467397193
    },
    "IJV": {
        "blood_volume_fraction": 7.927290829640161,
        "ScvO2": 0.5984578124188412,
        "water_volume": 0.9877098591450816,
        "n": 1.4,
        "g": 0.94,
        "muspx": 1.35832323336549,
        "fray": 0.0793148608416081,
        "bmie": 0.23912356187287598
    },
    "CCA": {
        "blood_volume_fraction": 18.52248472579116,
        "ScvO2": 0.016282232011514908,
        "water_volume": 0.41810320309518223,
        "n": 1.4,
        "g": 0.94,
        "muspx": 1.2381581374148196,
        "fray": 0.26063551570456767,
        "bmie": 0.761569717110174
    },
    "geometry": {
        "skin_thickness": 0.4202136550169522,
        "ijv_radius": 10.172430486411674,
        "ijv_depth": 13.721189705444443,
        "cca_radius": 2.7337836537454847,
        "cca_depth": 21.656241339933356,
        "ijv_cca_distance": 11.22761437622941
    }
}