{
    "skin": {
        "ScvO2": 0.9638446240441527,
        "n": 1.4,
        "water_volume": 0.20467076764390466,
        "muspx": 5.400510170723032,
        "blood_volume_fraction": 0.0017590751894966772,
        "bmie": 0.23179799123091963,
        "g": 0.9626804281788053,
        "fray": 0.714963119105959
    },
    "geometry": {
        "cca_depth": 25.131575213311425,
        "ijv_cca_distance": 11.879309093831601,
        "skin_thickness": 0.4896588187357537,
        "ijv_radius": 9.382278576676473,
        "ijv_depth": 19.646884941048526,
        "cca_radius": 2.879375897237324
    },
    "muscle": {
        "ScvO2": 0.03325765728465391,
        "n": 1.4,
        "water_volume": 0.824269441961522,
        "muspx": 1.0601805050460478,
        "blood_volume_fraction": 10.114529087651691,
        "bmie": 1.7852743562152684,
        "g": 0.94,
        "fray": 0.25366364628713
    },
    "CCA": {
        "ScvO2": 0.7862019218422586,
        "n": 1.4,
        "water_volume": 0.38713999523787823,
        "muspx": 0.870408949690227,
        "blood_volume_fraction": 11.68277658310693,
        "bmie": 0.9747332628533982,
        "g": 0.94,
        "fray": 0.4174847992363223
    },
    "IJV": {
        "ScvO2": 0.6821780896137914,
        "n": 1.4,
        "water_volume": 0.8835308560858858,
        "muspx": 1.3059672489925644,
        "blood_volume_fraction": 19.42338351359424,
        "bmie": 0.020138047346431653,
        "g": 0.94,
        "fray": 0.26032795919035123
    }
}