{
    "skin": {
        "blood_volume_fraction": 0.0024656688857174905,
        "ScvO2": 0.9739611391792915,
        "water_volume": 0.21193373717698372,
        "n": 1.4,
        "g": 0.9870619163787957,
        "muspx": 6.54939496610876,
        "fray": 0.3330651142625248,
        "bmie": 1.0020494448530306
    },
    "muscle": {
        "blood_volume_fraction": 12.151963880109866,
        "ScvO2": 0.3639539248906233,
        "water_volume": 0.887193372930883,
        "n": 1.4,
        "g": 0.94,
        "muspx": 0.41353068404748794,
        "fray": 0.9248135777061433,
        "bmie": 0.5869709735712775
    },
    "IJV": {
        "blood_volume_fraction": 17.42533397725542,
        "ScvO2": 0.40207523433321946,
        "water_volume": 0.015751218755898466,
        "n": 1.4,
        "g": 0.94,
        "muspx": 0.5361678720461907,
        "fray": 0.6460592246924011,
        "bmie": 0.9913155559855902
    },
    "CCA": {
        "blood_volume_fraction": 2.763930276760236,
        "ScvO2": 0.43746583710456743,
        "water_volume": 0.45337604717738533,
        "n": 1.4,
        "g": 0.94,
        "muspx": 0.5601308765194162,
        "fray": 0.5247091974768091,
        "bmie": 0.5094230929388258
    },
    "geometry": {
        "skin_thickness": 0.2689120518149699,
        "ijv_radius": 7.765343073140095,
        "ijv_depth": 16.045350353765297,
        "cca_radius": 4.038024020936634,
        "cca_depth": 18.153789266905015,
        "ijv_cca_distance": 14.692546282112406
    }
}