{
    "skin": {
        "ScvO2": 0.9772042313600343,
        "n": 1.4,
        "water_volume": 0.17632881356129587,
        "muspx": 6.085860366230227,
        "blood_volume_fraction": 0.0022543367797814916,
        "bmie": 0.2923041996106188,
        "g": 0.8100353503359328,
        "fray": 0.42475423790765554
    },
    "geometry": {
        "cca_depth": 20.962122024957072,
        "ijv_cca_distance": 9.104792502800494,
        "skin_thickness": 0.8067511381810893,
        "ijv_radius": 4.531845004980802,
        "ijv_depth": 12.370750848897949,
        "cca_radius": 2.708607166002614
    },
    "muscle": {
        "ScvO2": 0.16571754764436197,
        "n": 1.4,
        "water_volume": 0.20263160101424893,
        "muspx": 1.3980606228001324,
        "blood_volume_fraction": 10.704001381231244,
        "bmie": 0.6598723850176214,
        "g": 0.94,
        "fray": 0.18672541688941946
    },
    "CCA": {
        "ScvO2": 0.3618765403839421,
        "n": 1.4,
        "water_volume": 0.8614982574875606,
        "muspx": 0.8020678574357099,
        "blood_volume_fraction": 13.368994688570616,
        "bmie": 0.21438424781085108,
        "g": 0.94,
        "fray": 0.002253394300171685
    },
    "IJV": {
        "ScvO2": 0.1357507968929379,
        "n": 1.4,
        "water_volume": 0.9996499681876686,
        "muspx": 0.49231856091483284,
        "blood_volume_fraction": 9.539154994143901,
        "bmie": 0.06147738225810828,
        "g": 0.94,
        "fray": 0.1039290780179003
    }
}