{
    "skin": {
        "blood_volume_fraction": 0.0015058072853235118,
        "ScvO2": 0.9857478987030862,
        "water_volume": 0.2080005227077068,
        "n": 1.4,
        "g": 0.836322747025284,
        "muspx": 6.092581363414405,
        "fray": 0.3320098678075781,
        "bmie": 0.7857486198239111
    },
    "muscle": {
        "blood_volume_fraction": 2.473400477027503,
        "ScvO2": 0.4039051492676802,
        "water_volume": 0.7862833198252145,
        "n": 1.4,
        "g": 0.94,
        "muspx": 1.1640993775698103,
        "fray": 0.9057607245580699,
        "bmie": 4.807557537123391
    },
    "IJV": {
        "blood_volume_fraction": 19.180059626693385,
        "ScvO2": 0.41453121962579564,
        "water_volume": 0.005006948358626029,
        "n": 1.4,
        "g": 0.94,
        "muspx": 1.7252898568704362,
        "fray": 0.5391311036202476,
        "bmie": 0.20909708793485582
    },
    "CCA": {
        "blood_volume_fraction": 2.969780239398745,
        "ScvO2": 0.5103886754896472,
        "water_volume": 0.4565329030547295,
        "n": 1.4,
        "g": 0.94,
        "muspx": 1.552439404722902,
        "fray": 0.4185290399368998,
        "bmie": 0.12575090752537432
    },
    "geometry": {
        "skin_thickness": 0.9514980952272508,
        "ijv_radius": 9.952339467471138,
        "ijv_depth": 13.586994170884466,
        "cca_radius": 4.367126488417675,
        "cca_depth": 25.71423742856654,
        "ijv_cca_distance": 9.09893667230678
    }
}