{
    "CCA": {
        "n": 1.4,
        "blood_volume_fraction": 0.7590734811087652,
        "fray": 0.051066625212677685,
        "g": 0.94,
        "ScvO2": 0.22747537681540442,
        "muspx": 0.33138629933213126,
        "bmie": 0.3433618229449851,
        "water_volume": 0.8856818324553619
    },
    "muscle": {
        "n": 1.4,
        "blood_volume_fraction": 13.93409910191038,
        "fray": 0.5354758972034519,
        "g": 0.94,
        "ScvO2": 0.12216798644806304,
        "muspx": 1.6423442722448232,
        "bmie": 2.196721622911318,
        "water_volume": 0.06943568553093404
    },
    "IJV": {
        "n": 1.4,
        "blood_volume_fraction": 5.872610199722674,
        "fray": 0.012993856382542024,
        "g": 0.94,
        "ScvO2": 0.05988339217976091,
        "muspx": 1.960106550364799,
        "bmie": 0.48021251298120327,
        "water_volume": 0.5034010752518047
    },
    "skin": {
        "n": 1.4,
        "blood_volume_fraction": 0.0037955555465056063,
        "fray": 0.5788468561697848,
        "g": 0.8333537008744459,
        "ScvO2": 0.9803419810752634,
        "muspx": 4.411983565093771,
        "bmie": 0.29868988912309263,
        "water_volume": 0.1847330613645266
    },
    "geometry": {
        "cca_radius": 3.68044414890315,
        "ijv_radius": 9.09745410365933,
        "ijv_cca_distance": 12.194076390315766,
        "skin_thickness": 0.2796343404586622,
        "ijv_depth": 11.592134708745753,
        "cca_depth": 18.07616894514704
    }
}