{
    "skin": {
        "ScvO2": 0.9901332951202889,
        "n": 1.4,
        "water_volume": 0.1893387856502683,
        "muspx": 4.854094604628676,
        "blood_volume_fraction": 0.0025569850669327683,
        "bmie": 0.5838930666740968,
        "g": 0.9958191037597465,
        "fray": 0.3372075261899326
    },
    "geometry": {
        "cca_depth": 18.234690501125304,
        "ijv_cca_distance": 11.181137375110335,
        "skin_thickness": 0.36445748675931167,
        "ijv_radius": 6.53178156708475,
        "ijv_depth": 16.591413643270336,
        "cca_radius": 2.8128063105003345
    },
    "muscle": {
        "ScvO2": 0.8289042945743393,
        "n": 1.4,
        "water_volume": 0.00534507769521686,
        "muspx": 0.5254182190944519,
        "blood_volume_fraction": 17.651058220192507,
        "bmie": 2.80311704308627,
        "g": 0.94,
        "fray": 0.5839510038800988
    },
    "CCA": {
        "ScvO2": 0.3475475189987691,
        "n": 1.4,
        "water_volume": 0.5901043543516311,
        "muspx": 0.8100614903701566,
        "blood_volume_fraction": 13.237697389577335,
        "bmie": 0.42449786960135605,
        "g": 0.94,
        "fray": 0.23204678546007862
    },
    "IJV": {
        "ScvO2": 0.3221432992003548,
        "n": 1.4,
        "water_volume": 0.19115872972030712,
        "muspx": 1.27958433630286,
        "blood_volume_fraction": 15.863486726984233,
        "bmie": 0.08013961055206587,
        "g": 0.94,
        "fray": 0.7576502940032889
    }
}