{
    "skin": {
        "ScvO2": 0.9945218329817419,
        "n": 1.4,
        "water_volume": 0.18541096208499663,
        "muspx": 4.12707744979603,
        "blood_volume_fraction": 0.0020938635523963054,
        "bmie": 0.9645603684260496,
        "g": 0.8306090582017079,
        "fray": 0.40117668573059
    },
    "geometry": {
        "cca_depth": 20.569768738671815,
        "ijv_cca_distance": 12.037140523466697,
        "skin_thickness": 0.5412134949554196,
        "ijv_radius": 5.154327343629578,
        "ijv_depth": 19.55914991837016,
        "cca_radius": 4.21866854344112
    },
    "muscle": {
        "ScvO2": 0.9029999166477396,
        "n": 1.4,
        "water_volume": 0.5952732181153112,
        "muspx": 1.8733026756364866,
        "blood_volume_fraction": 16.919755891257203,
        "bmie": 1.9018989797306984,
        "g": 0.94,
        "fray": 0.18331501497924696
    },
    "CCA": {
        "ScvO2": 0.46113037662707135,
        "n": 1.4,
        "water_volume": 0.6074327800461763,
        "muspx": 0.8820119696596875,
        "blood_volume_fraction": 8.988599035164377,
        "bmie": 0.7220363168962977,
        "g": 0.94,
        "fray": 0.07755361110575743
    },
    "IJV": {
        "ScvO2": 0.6669020705977587,
        "n": 1.4,
        "water_volume": 0.4571101930021212,
        "muspx": 1.2522424867188469,
        "blood_volume_fraction": 0.6822524950003084,
        "bmie": 0.6981276295537978,
        "g": 0.94,
        "fray": 0.7701902730599443
    }
}