{
    "skin": {
        "blood_volume_fraction": 0.003687708939072403,
        "ScvO2": 0.9933933659626961,
        "water_volume": 0.18187967461263876,
        "n": 1.4,
        "g": 0.9730868354910505,
        "muspx": 4.564304280800833,
        "fray": 0.6334850844684112,
        "bmie": 0.4775367804676707
    },
    "muscle": {
        "blood_volume_fraction": 15.643671569722681,
        "ScvO2": 0.3149794121765832,
        "water_volume": 0.29404273030511785,
        "n": 1.4,
        "g": 0.94,
        "muspx": 1.4996659269526098,
        "fray": 0.07144926924281458,
        "bmie": 3.196931933587677
    },
    "IJV": {
        "blood_volume_fraction": 1.5746886946733518,
        "ScvO2": 0.0727495156871738,
        "water_volume": 0.5815166250147712,
        "n": 1.4,
        "g": 0.94,
        "muspx": 0.3893147545270512,
        "fray": 0.030747929601361634,
        "bmie": 0.14586178526386706
    },
    "CCA": {
        "blood_volume_fraction": 17.32700834441225,
        "ScvO2": 0.17948809316098258,
        "water_volume": 0.5715257804382312,
        "n": 1.4,
        "g": 0.94,
        "muspx": 0.15717299727810086,
        "fray": 0.4976615488227796,
        "bmie": 0.4381929061742632
    },
    "geometry": {
        "skin_thickness": 0.39820490899478866,
        "ijv_radius": 3.002392533758229,
        "ijv_depth": 14.291430735106358,
        "cca_radius": 2.835846905735159,
        "cca_depth": 24.75048182006998,
        "ijv_cca_distance": 8.375711230364992
    }
}