{
    "skin": {
        "blood_volume_fraction": 0.010320095051623873,
        "ScvO2": 0.8237986748038436,
        "water_volume": 0.41254968340153486,
        "fat_volume": 0.38708230107246505,
        "melanin_volume": 0.19004792047437613,
        "collagen_volume": 0,
        "n": 1.4,
        "g": 0.71,
        "muspx": 69.08240125123305,
        "bmie": 1.184431824649462
    },
    "fat": {
        "blood_volume_fraction": 0.1359762257862837,
        "ScvO2": 1.2492037712716984e-05,
        "water_volume": 0,
        "fat_volume": 0.8640237742137163,
        "melanin_volume": 0,
        "collagen_volume": 0,
        "n": 1.4,
        "g": 0.9,
        "muspx": 18.94972617670279,
        "bmie": 2.197231399807687
    },
    "muscle": {
        "blood_volume_fraction": 0.06056575908809194,
        "ScvO2": 0.1796726586875858,
        "water_volume": 0.08962319513190739,
        "fat_volume": 0,
        "melanin_volume": 0,
        "collagen_volume": 0.8498110457800007,
        "n": 1.4,
        "g": 0.9,
        "muspx": 42.357880981136894,
        "bmie": 3.9737020600091757
    },
    "IJV": {
        "blood_volume_fraction": 1.0,
        "ScvO2": 0.0005802162017918042,
        "water_volume": 0,
        "fat_volume": 0,
        "melanin_volume": 0,
        "collagen_volume": 0,
        "n": 1.4,
        "g": 0.9,
        "muspx": 6.395654271564876,
        "bmie": 0.7553000695302678
    },
    "CCA": {
        "blood_volume_fraction": 1.0,
        "ScvO2": 0.9312180353702497,
        "water_volume": 0,
        "fat_volume": 0,
        "melanin_volume": 0,
        "collagen_volume": 0,
        "n": 1.4,
        "g": 0.94,
        "muspx": 0.375116943880619,
        "bmie": 1.000097902343291
    },
    "geometry": [
        2,
        2.25,
        5.21,
        13,
        6,
        16,
        3
    ],
    "spec_rmsp": 4.492108473795053,
    "absorb_rmsp": 76.05274051586932
}