{
    "skin": {
        "blood_volume_fraction": 0.0038314207811696896,
        "ScvO2": 0.7844833382112462,
        "water_volume": 0.31718353209918765,
        "fat_volume": 0.4050083807565341,
        "melanin_volume": 0.27397666636310847,
        "collagen_volume": 0,
        "n": 1.4,
        "g": 0.71,
        "muspx": 41.62449174305239,
        "bmie": 1.2985797684511056
    },
    "fat": {
        "blood_volume_fraction": 0.06862197541765827,
        "ScvO2": 0.036430196115658814,
        "water_volume": 0,
        "fat_volume": 0.9313780245823416,
        "melanin_volume": 0,
        "collagen_volume": 0,
        "n": 1.4,
        "g": 0.9,
        "muspx": 10.863885015499854,
        "bmie": 0.9372059831944345
    },
    "muscle": {
        "blood_volume_fraction": 0.08241614764548266,
        "ScvO2": 0.2766350282564952,
        "water_volume": 0.08898405358827613,
        "fat_volume": 0,
        "melanin_volume": 0,
        "collagen_volume": 0.8285997987662412,
        "n": 1.4,
        "g": 0.9,
        "muspx": 11.841219777330288,
        "bmie": 3.9668355743694126
    },
    "IJV": {
        "blood_volume_fraction": 1.0,
        "ScvO2": 0.23591480727447117,
        "water_volume": 0,
        "fat_volume": 0,
        "melanin_volume": 0,
        "collagen_volume": 0,
        "n": 1.4,
        "g": 0.9,
        "muspx": 1.1413499039336514,
        "bmie": 0.9832226039302977
    },
    "CCA": {
        "blood_volume_fraction": 1.0,
        "ScvO2": 0.6405172732732236,
        "water_volume": 0,
        "fat_volume": 0,
        "melanin_volume": 0,
        "collagen_volume": 0,
        "n": 1.4,
        "g": 0.94,
        "muspx": 0.15183936345318239,
        "bmie": 0.9767195553194502
    },
    "geometry": [
        2,
        2.25,
        5.21,
        13,
        6,
        16,
        3
    ],
    "spec_rmsp": 18.695641873812082,
    "absorb_rmsp": 97.79557225858068
}