{
    "skin": {
        "blood_volume_fraction": 0.0,
        "ScvO2": 0.8268434832655758,
        "water_volume": 0.3517616729638207,
        "fat_volume": 0.6320365720299839,
        "melanin_volume": 0.021649934020872615,
        "collagen_volume": 0,
        "n": 1.4,
        "g": 0.71,
        "muspx": 39.63294018158338,
        "bmie": 1.1987062262251365
    },
    "fat": {
        "blood_volume_fraction": 0.06852847293487428,
        "ScvO2": 0.02984604666940891,
        "water_volume": 0,
        "fat_volume": 0.9314715270651258,
        "melanin_volume": 0,
        "collagen_volume": 0,
        "n": 1.4,
        "g": 0.9,
        "muspx": 8.985600474900611,
        "bmie": 0.6621826600623953
    },
    "muscle": {
        "blood_volume_fraction": 0.14817966493659873,
        "ScvO2": 0.4805214815741077,
        "water_volume": 0.09023711029119816,
        "fat_volume": 0,
        "melanin_volume": 0,
        "collagen_volume": 0.7615832247722032,
        "n": 1.4,
        "g": 0.9,
        "muspx": 19.617185553712996,
        "bmie": 4.4102228006068
    },
    "IJV": {
        "blood_volume_fraction": 1.0,
        "ScvO2": 0.1474182140860102,
        "water_volume": 0,
        "fat_volume": 0,
        "melanin_volume": 0,
        "collagen_volume": 0,
        "n": 1.4,
        "g": 0.9,
        "muspx": 1.3235194088501476,
        "bmie": 0.8431166249740382
    },
    "CCA": {
        "blood_volume_fraction": 1.0,
        "ScvO2": 0.5703433382691279,
        "water_volume": 0,
        "fat_volume": 0,
        "melanin_volume": 0,
        "collagen_volume": 0,
        "n": 1.4,
        "g": 0.94,
        "muspx": 0.0,
        "bmie": 0.8995214844484575
    },
    "geometry": [
        2,
        2.25,
        5.21,
        13,
        6,
        16,
        3
    ],
    "spec_rmsp": 17.097359651240794,
    "absorb_rmsp": 96.304455761883
}