{
    "skin": {
        "blood_volume_fraction": 0.012698151625321683,
        "ScvO2": 0.5845924778013295,
        "water_volume": 0.4175673789409275,
        "fat_volume": 0.4524462499599513,
        "melanin_volume": 0.11728821947379958,
        "collagen_volume": 0,
        "n": 1.4,
        "g": 0.71,
        "muspx": 68.52606420427844,
        "bmie": 1.1934726655240206
    },
    "fat": {
        "blood_volume_fraction": 0.1213031651105276,
        "ScvO2": 5.7039150611230404e-05,
        "water_volume": 0,
        "fat_volume": 0.8786968348894724,
        "melanin_volume": 0,
        "collagen_volume": 0,
        "n": 1.4,
        "g": 0.9,
        "muspx": 16.4934374458846,
        "bmie": 2.4176676465814335
    },
    "muscle": {
        "blood_volume_fraction": 0.05138104462604213,
        "ScvO2": 0.0964168195614008,
        "water_volume": 0.09031720305618358,
        "fat_volume": 0,
        "melanin_volume": 0,
        "collagen_volume": 0.8583017523177743,
        "n": 1.4,
        "g": 0.9,
        "muspx": 43.10550109385378,
        "bmie": 3.926508799532196
    },
    "IJV": {
        "blood_volume_fraction": 1.0,
        "ScvO2": 0.0019571931193838217,
        "water_volume": 0,
        "fat_volume": 0,
        "melanin_volume": 0,
        "collagen_volume": 0,
        "n": 1.4,
        "g": 0.9,
        "muspx": 5.510774537760061,
        "bmie": 0.736095059823948
    },
    "CCA": {
        "blood_volume_fraction": 1.0,
        "ScvO2": 0.9022814940781506,
        "water_volume": 0,
        "fat_volume": 0,
        "melanin_volume": 0,
        "collagen_volume": 0,
        "n": 1.4,
        "g": 0.94,
        "muspx": 0.3577014184499685,
        "bmie": 0.9909355643589828
    },
    "geometry": [
        2,
        2.25,
        5.21,
        13,
        6,
        16,
        3
    ],
    "spec_rmsp": 4.814260520100346,
    "absorb_rmsp": 79.43685466246875
}