{
    "skin": {
        "blood_volume_fraction": 0.0,
        "ScvO2": 0.7171771287786182,
        "water_volume": 0.27262643958532345,
        "fat_volume": 0.4135086148236613,
        "melanin_volume": 0.3241432456273547,
        "collagen_volume": 0,
        "n": 1.4,
        "g": 0.71,
        "muspx": 21.148347620216725,
        "bmie": 2.9246417690545004
    },
    "fat": {
        "blood_volume_fraction": 0.0,
        "ScvO2": 0.0,
        "water_volume": 0,
        "fat_volume": 1.0,
        "melanin_volume": 0,
        "collagen_volume": 0,
        "n": 1.4,
        "g": 0.9,
        "muspx": 29.45716988481871,
        "bmie": 1.841295210374028
    },
    "muscle": {
        "blood_volume_fraction": 0.0,
        "ScvO2": 0.0,
        "water_volume": 0.09862702752984319,
        "fat_volume": 0,
        "melanin_volume": 0,
        "collagen_volume": 0.9217514675137616,
        "n": 1.4,
        "g": 0.9,
        "muspx": 10.845122825734176,
        "bmie": 2.370837733907628
    },
    "IJV": {
        "blood_volume_fraction": 1.0,
        "ScvO2": 0.6267449928199735,
        "water_volume": 0,
        "fat_volume": 0,
        "melanin_volume": 0,
        "collagen_volume": 0,
        "n": 1.4,
        "g": 0.9,
        "muspx": 0.0,
        "bmie": 1.0
    },
    "CCA": {
        "blood_volume_fraction": 1.0,
        "ScvO2": 0.836315410300105,
        "water_volume": 0,
        "fat_volume": 0,
        "melanin_volume": 0,
        "collagen_volume": 0,
        "n": 1.4,
        "g": 0.94,
        "muspx": 1.6004144049880606,
        "bmie": 1.0
    },
    "geometry": [
        2,
        2.25,
        5.21,
        13,
        6,
        16,
        3
    ],
    "spec_rmsp": 20.546065192560803,
    "absorb_rmsp": 75.82102765917851
}