{
    "skin": {
        "blood_volume_fraction": 0.0,
        "ScvO2": 0.580235433831332,
        "water_volume": 0.407980473460717,
        "fat_volume": 0.3334685509256794,
        "melanin_volume": 0.25855097561360363,
        "collagen_volume": 0,
        "n": 1.4,
        "g": 0.71,
        "muspx": 55.54432025546624,
        "bmie": 1.0562208720162
    },
    "fat": {
        "blood_volume_fraction": 0.12505267983298857,
        "ScvO2": 0.0,
        "water_volume": 0,
        "fat_volume": 0.8749473201670114,
        "melanin_volume": 0,
        "collagen_volume": 0,
        "n": 1.4,
        "g": 0.9,
        "muspx": 22.3513881331763,
        "bmie": 2.1785692172663254
    },
    "muscle": {
        "blood_volume_fraction": 0.07087136352170931,
        "ScvO2": 0.3130492454790345,
        "water_volume": 0.08948567048270112,
        "fat_volume": 0,
        "melanin_volume": 0,
        "collagen_volume": 0.8396429659955895,
        "n": 1.4,
        "g": 0.9,
        "muspx": 41.33755404027657,
        "bmie": 3.882561501565645
    },
    "IJV": {
        "blood_volume_fraction": 1.0,
        "ScvO2": 0.0004287009172055374,
        "water_volume": 0,
        "fat_volume": 0,
        "melanin_volume": 0,
        "collagen_volume": 0,
        "n": 1.4,
        "g": 0.9,
        "muspx": 6.956018967217252,
        "bmie": 0.7591752531655598
    },
    "CCA": {
        "blood_volume_fraction": 1.0,
        "ScvO2": 0.7906795643568968,
        "water_volume": 0,
        "fat_volume": 0,
        "melanin_volume": 0,
        "collagen_volume": 0,
        "n": 1.4,
        "g": 0.94,
        "muspx": 0.311907703353695,
        "bmie": 0.9811057699032183
    },
    "geometry": [
        2,
        2.25,
        5.21,
        13,
        6,
        16,
        3
    ],
    "spec_rmsp": 4.2194870453291715,
    "absorb_rmsp": 73.72076880152677
}