{
    "skin": {
        "blood_volume_fraction": 0.04933444610826724,
        "ScvO2": 0.8896281263258314,
        "water_volume": 0.27685690480618064,
        "fat_volume": 0.0583303978291026,
        "melanin_volume": 0.6154782512564496,
        "collagen_volume": 0,
        "n": 1.4,
        "g": 0.71,
        "muspx": 48.65961680373367,
        "bmie": 1.9418835657055769
    },
    "fat": {
        "blood_volume_fraction": 0.07579463967453756,
        "ScvO2": 0.0,
        "water_volume": 0,
        "fat_volume": 0.9242053603254624,
        "melanin_volume": 0,
        "collagen_volume": 0,
        "n": 1.4,
        "g": 0.9,
        "muspx": 3.8665633026789985,
        "bmie": 0.10126054494967879
    },
    "muscle": {
        "blood_volume_fraction": 0.07655666442693836,
        "ScvO2": 0.9605989337197043,
        "water_volume": 0.09653158594227616,
        "fat_volume": 0,
        "melanin_volume": 0,
        "collagen_volume": 0.8269117496307854,
        "n": 1.4,
        "g": 0.9,
        "muspx": 10.904212691491558,
        "bmie": 2.8354513819496754
    },
    "IJV": {
        "blood_volume_fraction": 1.0,
        "ScvO2": 1.0,
        "water_volume": 0,
        "fat_volume": 0,
        "melanin_volume": 0,
        "collagen_volume": 0,
        "n": 1.4,
        "g": 0.9,
        "muspx": 0.0,
        "bmie": 1.0
    },
    "CCA": {
        "blood_volume_fraction": 1.0,
        "ScvO2": 0.9842914983420397,
        "water_volume": 0,
        "fat_volume": 0,
        "melanin_volume": 0,
        "collagen_volume": 0,
        "n": 1.4,
        "g": 0.94,
        "muspx": 0.14986606609216108,
        "bmie": 1.0
    },
    "geometry": [
        2,
        2.25,
        5.21,
        13,
        6,
        16,
        3
    ],
    "spec_rmsp": 21.325839102333465,
    "absorb_rmsp": 85.49086529401697
}