{
    "skin": {
        "blood_volume_fraction": 0.0031921036645313084,
        "ScvO2": 0.7389746526515484,
        "water_volume": 0.4091758950737331,
        "fat_volume": 0.37525897118812696,
        "melanin_volume": 0.2123730300736087,
        "collagen_volume": 0,
        "n": 1.4,
        "g": 0.71,
        "muspx": 57.379330407142945,
        "bmie": 1.0877423572570342
    },
    "fat": {
        "blood_volume_fraction": 0.1286365195028797,
        "ScvO2": 7.448451522560402e-07,
        "water_volume": 0,
        "fat_volume": 0.8713634804971203,
        "melanin_volume": 0,
        "collagen_volume": 0,
        "n": 1.4,
        "g": 0.9,
        "muspx": 21.31801305289007,
        "bmie": 2.0679295085408316
    },
    "muscle": {
        "blood_volume_fraction": 0.06472044611908648,
        "ScvO2": 0.3338402775736213,
        "water_volume": 0.08945015490685844,
        "fat_volume": 0,
        "melanin_volume": 0,
        "collagen_volume": 0.8458293989740551,
        "n": 1.4,
        "g": 0.9,
        "muspx": 41.75381819633237,
        "bmie": 3.8984015284531646
    },
    "IJV": {
        "blood_volume_fraction": 1.0,
        "ScvO2": 0.0004897671004886519,
        "water_volume": 0,
        "fat_volume": 0,
        "melanin_volume": 0,
        "collagen_volume": 0,
        "n": 1.4,
        "g": 0.9,
        "muspx": 6.936242227791613,
        "bmie": 0.7574684470245157
    },
    "CCA": {
        "blood_volume_fraction": 1.0,
        "ScvO2": 0.8669980320457489,
        "water_volume": 0,
        "fat_volume": 0,
        "melanin_volume": 0,
        "collagen_volume": 0,
        "n": 1.4,
        "g": 0.94,
        "muspx": 0.3488234055457386,
        "bmie": 0.9190707295154676
    },
    "geometry": [
        2,
        2.25,
        5.21,
        13,
        6,
        16,
        3
    ],
    "spec_rmsp": 4.286567566098197,
    "absorb_rmsp": 73.42248241532799
}