{
    "skin": {
        "blood_volume_fraction": 0.02131812704280085,
        "ScvO2": 0.780225927755164,
        "water_volume": 0.4103688526090851,
        "fat_volume": 0.4909118322769797,
        "melanin_volume": 0.07740118807113443,
        "collagen_volume": 0,
        "n": 1.4,
        "g": 0.71,
        "muspx": 62.858431453150914,
        "bmie": 1.2420256004268735
    },
    "fat": {
        "blood_volume_fraction": 0.08543514133281653,
        "ScvO2": 0.0,
        "water_volume": 0,
        "fat_volume": 0.9145648586671835,
        "melanin_volume": 0,
        "collagen_volume": 0,
        "n": 1.4,
        "g": 0.9,
        "muspx": 8.903912079239163,
        "bmie": 2.1872286639808682
    },
    "muscle": {
        "blood_volume_fraction": 0.0511883591077804,
        "ScvO2": 0.43538828520039563,
        "water_volume": 0.09275056176493326,
        "fat_volume": 0,
        "melanin_volume": 0,
        "collagen_volume": 0.8560610791272864,
        "n": 1.4,
        "g": 0.9,
        "muspx": 29.235764378083687,
        "bmie": 3.6835185425396415
    },
    "IJV": {
        "blood_volume_fraction": 1.0,
        "ScvO2": 0.027385341106366482,
        "water_volume": 0,
        "fat_volume": 0,
        "melanin_volume": 0,
        "collagen_volume": 0,
        "n": 1.4,
        "g": 0.9,
        "muspx": 1.6847554833765241,
        "bmie": 0.8296900671854743
    },
    "CCA": {
        "blood_volume_fraction": 1.0,
        "ScvO2": 0.534764344212478,
        "water_volume": 0,
        "fat_volume": 0,
        "melanin_volume": 0,
        "collagen_volume": 0,
        "n": 1.4,
        "g": 0.94,
        "muspx": 0.0,
        "bmie": 0.6171517367265422
    },
    "geometry": [
        2,
        2.25,
        5.21,
        13,
        6,
        16,
        3
    ],
    "spec_rmsp": 9.167581255179481,
    "absorb_rmsp": 83.9242679030509
}