{
    "skin": {
        "blood_volume_fraction": 0.0,
        "ScvO2": 0.2537304997057548,
        "water_volume": 0.30457391470838224,
        "fat_volume": 0.37589846419359196,
        "melanin_volume": 0.32034311782384756,
        "collagen_volume": 0,
        "n": 1.4,
        "g": 0.71,
        "muspx": 36.699410118070716,
        "bmie": 1.801149436119442
    },
    "fat": {
        "blood_volume_fraction": 0.10410992799558576,
        "ScvO2": 0.0,
        "water_volume": 0,
        "fat_volume": 0.8958900720044143,
        "melanin_volume": 0,
        "collagen_volume": 0,
        "n": 1.4,
        "g": 0.9,
        "muspx": 11.377242350150379,
        "bmie": 1.4760526680088608
    },
    "muscle": {
        "blood_volume_fraction": 0.0,
        "ScvO2": 0.3701768966153894,
        "water_volume": 0.0874787291500135,
        "fat_volume": 0,
        "melanin_volume": 0,
        "collagen_volume": 0.9268592320336753,
        "n": 1.4,
        "g": 0.9,
        "muspx": 19.18566224795862,
        "bmie": 2.610180457686004
    },
    "IJV": {
        "blood_volume_fraction": 1.0,
        "ScvO2": 0.0,
        "water_volume": 0,
        "fat_volume": 0,
        "melanin_volume": 0,
        "collagen_volume": 0,
        "n": 1.4,
        "g": 0.9,
        "muspx": 1.1436889374538144,
        "bmie": 0.9738130269366143
    },
    "CCA": {
        "blood_volume_fraction": 1.0,
        "ScvO2": 0.5486063822840469,
        "water_volume": 0,
        "fat_volume": 0,
        "melanin_volume": 0,
        "collagen_volume": 0,
        "n": 1.4,
        "g": 0.94,
        "muspx": 0.5887798285740198,
        "bmie": 0.959263367187527
    },
    "geometry": [
        2,
        2.25,
        5.21,
        13,
        6,
        16,
        3
    ],
    "spec_rmsp": 11.14410704505179,
    "absorb_rmsp": 104.3552506333335
}