{
    "skin": {
        "blood_volume_fraction": 0.035035365950097035,
        "ScvO2": 0.7033644491605462,
        "water_volume": 0.27321241218787573,
        "fat_volume": 0.38054239379481997,
        "melanin_volume": 0.3112098280672073,
        "collagen_volume": 0,
        "n": 1.4,
        "g": 0.71,
        "muspx": 34.27385249454741,
        "bmie": 1.379850953826326
    },
    "fat": {
        "blood_volume_fraction": 0.04811097633325559,
        "ScvO2": 0.008521065494058443,
        "water_volume": 0,
        "fat_volume": 0.9518890236667444,
        "melanin_volume": 0,
        "collagen_volume": 0,
        "n": 1.4,
        "g": 0.9,
        "muspx": 14.49541622505814,
        "bmie": 0.7201015599499723
    },
    "muscle": {
        "blood_volume_fraction": 0.060492731612007515,
        "ScvO2": 0.3449388929537123,
        "water_volume": 0.09353496791418485,
        "fat_volume": 0,
        "melanin_volume": 0,
        "collagen_volume": 0.8459723004738077,
        "n": 1.4,
        "g": 0.9,
        "muspx": 12.244577371338732,
        "bmie": 3.949484689916819
    },
    "IJV": {
        "blood_volume_fraction": 1.0,
        "ScvO2": 0.48458432791055306,
        "water_volume": 0,
        "fat_volume": 0,
        "melanin_volume": 0,
        "collagen_volume": 0,
        "n": 1.4,
        "g": 0.9,
        "muspx": 0.927736186867365,
        "bmie": 0.935308792109824
    },
    "CCA": {
        "blood_volume_fraction": 1.0,
        "ScvO2": 0.7028364399780966,
        "water_volume": 0,
        "fat_volume": 0,
        "melanin_volume": 0,
        "collagen_volume": 0,
        "n": 1.4,
        "g": 0.94,
        "muspx": 1.5488935009102536,
        "bmie": 1.0140690663469574
    },
    "geometry": [
        2,
        2.25,
        5.21,
        13,
        6,
        16,
        3
    ],
    "spec_rmsp": 14.434070203234182,
    "absorb_rmsp": 78.26875243137556
}