{
    "skin": {
        "blood_volume_fraction": 0.030839516242224828,
        "ScvO2": 0.5673828185094802,
        "water_volume": 0.32527370117372784,
        "fat_volume": 0.4355224314178012,
        "melanin_volume": 0.20836435116624608,
        "collagen_volume": 0,
        "n": 1.4,
        "g": 0.71,
        "muspx": 38.78349658480217,
        "bmie": 1.303248961636876
    },
    "fat": {
        "blood_volume_fraction": 0.09730612359260601,
        "ScvO2": 0.0017779168831036855,
        "water_volume": 0,
        "fat_volume": 0.902693876407394,
        "melanin_volume": 0,
        "collagen_volume": 0,
        "n": 1.4,
        "g": 0.9,
        "muspx": 8.80107689356945,
        "bmie": 1.1630016800453575
    },
    "muscle": {
        "blood_volume_fraction": 0.006926484863695765,
        "ScvO2": 0.34003427064589653,
        "water_volume": 0.09059507803374435,
        "fat_volume": 0,
        "melanin_volume": 0,
        "collagen_volume": 0.9024784371025599,
        "n": 1.4,
        "g": 0.9,
        "muspx": 24.825226801872926,
        "bmie": 3.7588448735428357
    },
    "IJV": {
        "blood_volume_fraction": 1.0,
        "ScvO2": 0.05979008398803815,
        "water_volume": 0,
        "fat_volume": 0,
        "melanin_volume": 0,
        "collagen_volume": 0,
        "n": 1.4,
        "g": 0.9,
        "muspx": 1.6393127604352067,
        "bmie": 0.874819873901105
    },
    "CCA": {
        "blood_volume_fraction": 1.0,
        "ScvO2": 0.5382005913188246,
        "water_volume": 0,
        "fat_volume": 0,
        "melanin_volume": 0,
        "collagen_volume": 0,
        "n": 1.4,
        "g": 0.94,
        "muspx": 0.4151617031832997,
        "bmie": 0.9411197754996969
    },
    "geometry": [
        2,
        2.25,
        5.21,
        13,
        6,
        16,
        3
    ],
    "spec_rmsp": 10.41384418004256,
    "absorb_rmsp": 93.02175905007583
}