{
    "skin": {
        "blood_volume_fraction": 0.011105240674031906,
        "ScvO2": 0.5659775820308997,
        "water_volume": 0.4171511106906581,
        "fat_volume": 0.48883855965285394,
        "melanin_volume": 0.08290508898245609,
        "collagen_volume": 0,
        "n": 1.4,
        "g": 0.71,
        "muspx": 74.39381139106007,
        "bmie": 1.2014822172079378
    },
    "fat": {
        "blood_volume_fraction": 0.12111858676403162,
        "ScvO2": 1.4732858805954662e-06,
        "water_volume": 0,
        "fat_volume": 0.8788814132359684,
        "melanin_volume": 0,
        "collagen_volume": 0,
        "n": 1.4,
        "g": 0.9,
        "muspx": 15.902308229673418,
        "bmie": 2.484045921473628
    },
    "muscle": {
        "blood_volume_fraction": 0.04430945846158958,
        "ScvO2": 0.08867857964209092,
        "water_volume": 0.09047666039253474,
        "fat_volume": 0,
        "melanin_volume": 0,
        "collagen_volume": 0.8652138811458757,
        "n": 1.4,
        "g": 0.9,
        "muspx": 41.55885229256632,
        "bmie": 3.9291943059719707
    },
    "IJV": {
        "blood_volume_fraction": 1.0,
        "ScvO2": 0.001637025827982596,
        "water_volume": 0,
        "fat_volume": 0,
        "melanin_volume": 0,
        "collagen_volume": 0,
        "n": 1.4,
        "g": 0.9,
        "muspx": 5.501888962432988,
        "bmie": 0.7463531525254155
    },
    "CCA": {
        "blood_volume_fraction": 1.0,
        "ScvO2": 0.9154626232804827,
        "water_volume": 0,
        "fat_volume": 0,
        "melanin_volume": 0,
        "collagen_volume": 0,
        "n": 1.4,
        "g": 0.94,
        "muspx": 0.3343839280770345,
        "bmie": 1.0590830122393837
    },
    "geometry": [
        2,
        2.25,
        5.21,
        13,
        6,
        16,
        3
    ],
    "spec_rmsp": 4.910037234935264,
    "absorb_rmsp": 79.01094705971595
}